sku,msku,panels,Status,Status.1,image
15694321,15694321,Rudrav Meesho,Inactive,block,
23654985,23654985,Rudrav Meesho,Inactive,"Combo,Paused",
28547595,28547595,Rudrav Meesho,Inactive,paused,
30258741,30258741,Rudrav Meesho,,,
30548764,30548764,Rudrav Meesho,Inactive,block,
31021652,31021652,Rudrav Meesho,Inactive,paused,
32056420,32056420,Rudrav Meesho,Inactive,block,
32165478,32165478,Rudrav Meesho,Inactive,paused,
32565434,32565434,Rudrav Meesho,,,
32645101,32645101,Rudrav Meesho,Inactive,block,
32654329,32654329,Rudrav Meesho,Inactive,paused,
32654531,32654531,Rudrav Meesho,Inactive,block,
32758462,32758462,Rudrav Meesho,Inactive,combo paused,
32856438,32856438,Rudrav Meesho,Inactive,block,
32856471,32856471,Rudrav Meesho,,,
34546820,34546820,Rudrav Meesho,Inactive,paused,
35426581,35426581,CSTE MEESHO,Inactive,combo paused,
36548700,36548700,CSTE MEESHO,,,
36925846,36925846,Rudrav Meesho,Inactive,paused,
38254120,38254120,Rudrav Meesho,Inactive,block,
38754923,38754923,Rudrav Meesho,Inactive,pause,
41256820,41256820,CSTE MEESHO,Inactive,block,
41256821,41256821,CSTE MEESHO,Inactive,block,
41256822,41256822,CSTE MEESHO,Inactive,block,
41256826,41256826,CSTE MEESHO,Inactive,block,
45623951,45623951,Rudrav Meesho,,,
45693215,45693215,Rudrav Meesho,,,
45696379,45696379,Rudrav Meesho,,,
47895126,47895126,Rudrav Meesho,Inactive,pause combo,
59678234,59678234,Rudrav Meesho,,,
74589556,74589556,Rudrav Meesho,Inactive,pause,
78564917,78564917,Rudrav Meesho,,,
320877943,320877943,Rudrav Meesho,Inactive,block,
967713377,967713377,CSTE MEESHO,Inactive,block,
1418796129,1418796129,CSTE MEESHO,Inactive,block,
_w-Yn7lE,_w-Yn7lE,CSTE MEESHO,,,
_zcafDUD,_zcafDUD,CSTE MEESHO,,,
-2cMV-WJ,-2cMV-WJ,CSTE MEESHO,,,
BTS-Mang-Chimmy,\,CSTE AMAZON,Active,Combo,#REF!
0B7-gLW3,0B7-gLW3,CSTE MEESHO,Inactive,block,
12,12CSTE_0046_MB_LetItGo_Black,CSTE MEESHO,,,
17*17_PillowCover_Maroon,17*17_PillowCover_Maroon_fba,CSTE AMAZON,Inactive,Deleted,
1773495636_5,1773495636_5,CSTE MEESHO,Inactive,pause,
1779653950_20,1779653950_20,Rudrav Meesho,Inactive,pause,
FBA_happy_birthday,18-Musical box_04,CSTE AMAZON,Inactive,Deleted,
1ky9uhEw,1ky9uhEw,CSTE MEESHO,,,
1qod_Ts_,1qod_Ts_,CSTE MEESHO,Inactive,pause,
1UX4NDkZ,1UX4NDkZ,CSTE MEESHO,,,
TATA_Multicolor_Pen,21-KS63-Q1QL,CSTE AMAZON,Inactive,Deleted,
dalimask_fba,28-VZ8N-OA4A,CSTE AMAZON,Inactive,Deleted,
2brFPTYz,2brFPTYz,CSTE MEESHO,,,
2NEUb1XM,2NEUb1XM,CSTE MEESHO,,,
2YAr2M-5,2YAr2M-5,CSTE MEESHO,Inactive,pause,
Chimmy_Pen,3B-GIJ4-ICN8,CSTE AMAZON,Inactive,Deleted,
Chimmy_Pen_fba,3B-GIJ4-ICN8,CSTE AMAZON,Inactive,Deleted,
3pAy5fXx,3pAy5fXx,CSTE MEESHO,Inactive,pause,
4A7Xa50k,4A7Xa50k,CSTE MEESHO,,,
4ML15HYr,4ML15HYr,CSTE MEESHO,,,
OCTOPUS-11,4T-19Z4-OHJZ,CSTE AMAZON,Inactive,Deleted,
4yiVN19z,4yiVN19z,CSTE MEESHO,,,
5AG9Ab09,5AG9Ab09,Rudrav Meesho,,,
5c_u-iG1,5c_u-iG1,CSTE MEESHO,,,
5Isc0jrD,5Isc0jrD,CSTE MEESHO,Inactive,pause,
Thuglife_sunglass,5M-ZJV3-6CGU,CSTE AMAZON,Inactive,Deleted,
5RguY6mJ,5RguY6mJ,CSTE MEESHO,,,
5Xs7cg7P,5Xs7cg7P,CSTE MEESHO,,,
Cooky_Multi_color_ Pen,68-ZGDY-URDU,CSTE AMAZON,Inactive,Deleted,
684256469_4,684256469_4,CSTE MEESHO,Inactive,pause,
6F1HRd4W,6F1HRd4W,CSTE MEESHO,Inactive,pause,
6LtBUa1c,6LtBUa1c,CSTE MEESHO,Inactive,pause,
6MEmBDFr,6MEmBDFr,CSTE MEESHO,Inactive,pause,
6V6OYgGW,6V6OYgGW,CSTE MEESHO,Inactive,pause,
6vPQy5de,6vPQy5de,CSTE MEESHO,,,
6xAqbxdC,6xAqbxdC,CSTE MEESHO,,,
704tVKsP,704tVKsP,CSTE MEESHO,,,
7J0fARZv,7J0fARZv,CSTE MEESHO,,,
7Nx5Zzxf,7Nx5Zzxf,CSTE MEESHO,Inactive,pause,
8_tjaXTs,8_tjaXTs,CSTE MEESHO,,,
82Ll5MUg,82Ll5MUg,CSTE MEESHO,Active,stock update,
8eI9xtq4,8eI9xtq4,CSTE MEESHO,,,
8fQu9tNF,8fQu9tNF,CSTE MEESHO,,,
9jIB8blZ,9jIB8blZ,CSTE MEESHO,Inactive,pause,
9UzcN5uJ,9UzcN5uJ,CSTE MEESHO,,,
A10qbPbH,A10qbPbH,CSTE MEESHO,,,
A2nKaWwL,A2nKaWwL,CSTE MEESHO,Inactive,pause,
a7qqb2O5,a7qqb2O5,CSTE MEESHO,,,
A87lXqy_,A87lXqy_,CSTE MEESHO,,,
AhtLj33G,AhtLj33G,CSTE MEESHO,Active,stock update,
AK4tOLXH,AK4tOLXH,CSTE MEESHO,,,
Ak8AtTHW,Ak8AtTHW,CSTE MEESHO,,,
aO00wc4w,aO00wc4w,CSTE MEESHO,Active,stock update,
Astronaut_Lamp_fba,Astronaut_Lamp,CSTE AMAZON,Inactive,Deleted,
Avengers soft toy,Avengers soft toy,Rudrav Meesho,Inactive,combo pause,
b5g6r6yz,b5g6r6yz,CSTE MEESHO,,,
Balloon_Blue,Balloon_Blue,CSTE MEESHO,,,
Balloon_Silver,Balloon_Silver,CSTE MEESHO,,,
Batman_redglasses,Batman_redglasses_fba,CSTE AMAZON,Inactive,Deleted,
bctcOnLn,bctcOnLn,CSTE MEESHO,,,
bdwle_kf,bdwle_kf,CSTE MEESHO,,,
BELT12,BELT12,CSTE MEESHO,Inactive,pause,
bFw2h2eG,bFw2h2eG,CSTE MEESHO,Active,stock update,
bGLvc2yw,bGLvc2yw,CSTE MEESHO,,,
BigPillow_Cooky,BigPillow_Cooky_fba,CSTE AMAZON,Inactive,Deleted,
black red 0174,black red 0174,CSTE MEESHO,Inactive,combo block,
Black_cateys,Black_cateys_fba,CSTE AMAZON,Inactive,Deleted,
Black_gold_arm_eyeglass_fba,Black_gold_arm_eyeglass,CSTE AMAZON,Inactive,Deleted,
black_sheeld_bigframe_glasses,black_sheeld_bigframe_glasses_fba,CSTE AMAZON,Inactive,Deleted,
Black_spikes_glasses_fba,Black_spikes_glasses,CSTE AMAZON,Inactive,Deleted,
Black_star_glass,Blackstar_Glass_fba1,CSTE AMAZON,Inactive,Deleted,
tHUG NEW,Blue_thug,CSTE AMAZON,Inactive,Deleted,
CB-2JRA-31IN,Blue_thug,CSTE AMAZON,Inactive,Deleted,
bOHgNJvY,bOHgNJvY,CSTE MEESHO,,,
bOx5YnOK,bOx5YnOK,CSTE MEESHO,,,
OCTOPUS-12,BQ-8DSQ-FIDM,CSTE AMAZON,Inactive,Deleted,
OCTOPUS-1,BR-KG2Y-N041,CSTE AMAZON,Inactive,Deleted,
musicbox_to_my_brave_wife,bravewife_fba,CSTE AMAZON,Inactive,Deleted,
BrIM6I5u,BrIM6I5u,CSTE MEESHO,,,
beatlesmusicbox,brown_beatles_FBA,CSTE AMAZON,Inactive,Deleted,
Bts Diary,Bts Diary,CSTE MEESHO,,,
32541869,BTS Pillow Combo Tata ,CSTE MEESHO,,,
32805694,BTS Pillow Combo Tata ,CSTE MEESHO,,,
BTS_keychainBT21koya,BTS_Keychain_fba,CSTE AMAZON,Inactive,Deleted,
Keychain_1,BTS_keychainBT21cooky,CSTE AMAZON,Inactive,Deleted,
ST-BTS-koya-rj-shooky-cooky,Bts_Koya_RJ_Shooky_Cooky,CSTE AMAZON,Inactive,Deleted,
ST-BTS-koya-rj-shooky-cooky-FBA,Bts_Koya_RJ_Shooky_Cooky,CSTE AMAZON,Active,Combo,#REF!
Bts_Softtoy_Chimmy_fba,BTS_softtoy_Chimmy,CSTE AMAZON,Inactive,Deleted,
Bts_Softtoy_Tata_fba,BTS_softtoy_Tata,CSTE AMAZON,Inactive,Deleted,
Bycf5UO7,Bycf5UO7,CSTE MEESHO,Active,stockupdate,
c8BLioor,c8BLioor,Rudrav Meesho,Inactive,block,
"CAAJU Animal Stuffed Soft Toy (Dark Blue, Orange)","CAAJU Animal Stuffed Soft Toy (Dark Blue, Orange)",CSTE MEESHO,Inactive,Paused,
CAAJU KOREAN BANDAIDS PACK,CAAJU KOREAN BANDAIDS PACK,CSTE MEESHO,Inactive,Paused,
hbd_brown_2_fba_,caaju wooden music box,CSTE AMAZON,Inactive,Deleted,
Happy_bdy_musicbox,caaju wooden music box,CSTE AMAZON,Inactive,Deleted,
CB_KOREA_EDITION_CREATIVE_ZERO_WALLET_MUSTACHE_D2,CB_KOREA_EDITION_CREATIVE_ZERO_WALLET_MUSTACHE_D2,CSTE MEESHO,Inactive,Paused,
cB-S44Cn,cB-S44Cn,CSTE MEESHO,,,
circle brown,circle brown,CSTE MEESHO,Active,,#REF!
MUSICBOX_WIFE,cj-sunshine-wife,CSTE AMAZON,Inactive,Deleted,
CLASSIC-CAR-01,CLASSIC-CAR-01,Rudrav Meesho,Inactive,pause,
CMB_FOX_DESIGN_ORANGE,CMB_FOX_DESIGN_ORANGE,CSTE MEESHO,Active,Combo,
CMB_GREEN_MUG,CMB_GREEN_MUG,CSTE MEESHO,Active,Combo,
CMB_GUN_DESIGN,CMB_GUN_DESIGN,CSTE MEESHO,Active,Combo,
CMB_UNICORN_CUP_WITH_SPOON,CMB_UNICORN_CUP_WITH_SPOON,CSTE MEESHO,Active,Combo,
CMB_UNICORN_TUMBLER_PINK,CMB_UNICORN_TUMBLER_PINK,CSTE MEESHO,Active,Combo,
CMB_UNICORN_TUMBLER_PURPLE,CMB_UNICORN_TUMBLER_PURPLE,CSTE MEESHO,Active,Combo,
CMB_UNICORN_WHITE,CMB_UNICORN_WHITE,CSTE MEESHO,Active,Combo,
combo 12,combo 12,CSTE MEESHO,In Progress,,
combo 18`,combo 18`,CSTE MEESHO,In Progress,,
combo doll,combo doll,Rudrav Meesho,Inactive,"Paused, Combo",
Combo_Spin_wheel_Heart_MB_FBA,Combo_Spin_wheel_Heart_MB,CSTE AMAZON,Inactive,Deleted,
combo1,combo1,CSTE MEESHO,Inactive,"Paused, Combo",
combo10,combo10,CSTE MEESHO,Inactive,"Paused, Combo",
combo11,combo11,CSTE MEESHO,Inactive,"Paused, Combo",
combo112,combo112,CSTE MEESHO,Inactive,"Paused, Combo",
combo12,combo12,CSTE MEESHO,Inactive,"Paused, Combo",
combo120,combo120,CSTE MEESHO,Inactive,"Paused, Combo",
combo13,combo13,CSTE MEESHO,Inactive,"Paused, Combo",
combo131,combo131,CSTE MEESHO,Inactive,"Paused, Combo",
combo132,combo132,CSTE MEESHO,Inactive,"Paused, Combo",
combo14,combo14,CSTE MEESHO,Inactive,"Paused, Combo",
combo144,combo144,CSTE MEESHO,Inactive,"Paused, Combo",
combo15,combo15,CSTE MEESHO,Inactive,"Paused, Combo",
combo151,combo151,CSTE MEESHO,Inactive,"Paused, Combo",
combo16,combo16,CSTE MEESHO,Inactive,"Paused, Combo",
combo161,combo161,CSTE MEESHO,Inactive,"Paused, Combo",
combo2,combo2,CSTE MEESHO,Inactive,"Paused, Combo",
combo3,combo3,CSTE MEESHO,Inactive,"Paused, Combo",
combo4,combo4,CSTE MEESHO,Inactive,"Paused, Combo",
combo5,combo5,CSTE MEESHO,Inactive,"Paused, Combo",
combo6,combo6,CSTE MEESHO,Inactive,"Paused, Combo",
COMBO7,COMBO7,CSTE MEESHO,Inactive,"Paused, Combo",
combo8,combo8,CSTE MEESHO,Inactive,"Paused, Combo",
combo9,combo9,CSTE MEESHO,Inactive,"Paused, Combo",
Combooff,Combooff,Rudrav Meesho,Inactive,"Paused, Combo",
ST-chimmi bts-yellow-FBA,CSTE_0001_ST_Bts_Pillow_Chimmy,CSTE AMAZON,Inactive,Deleted,
W8-M5MO-3VU8,CSTE_0001_ST_Bts_Pillow_Chimmy,CSTE AMAZON,Inactive,Deleted,
BTS_softtoy_Chimmy,CSTE_0001_ST_Bts_Pillow_Chimmy,CSTE AMAZON,Inactive,Deleted,
MG-N7SY-ZZ6A,CSTE_0001_ST_Bts_Pillow_Chimmy,CSTE AMAZON,Active,Active Listing,#REF!
ST-Chimmy bts-yellow,CSTE_0001_ST_Bts_Pillow_Chimmy,CSTE AMAZON,Active,Active Listing,#REF!
BTS_CHIMMY,CSTE_0001_ST_Bts_Pillow_Chimmy,GL FK,Active,Active Listing,#REF!
chimmy_pillow_1,CSTE_0001_ST_Bts_Pillow_Chimmy,GL FK,Active,Active Listing,#REF!
Chimmy_yellow,CSTE_0001_ST_Bts_Pillow_Chimmy,CSTE FK,Active,Active Listing,#REF!
FBA_yellow_dog,CSTE_0001_ST_Bts_Pillow_Chimmy,CSTE FK,Active,Active Listing,#REF!
32052087,CSTE_0001_ST_Bts_Pillow_Chimmy,Rudrav Meesho,In Progress,,
BTS_CHIMMY,CSTE_0001_ST_Bts_Pillow_Chimmy,Rudrav Meesho,In Progress,,
bts_chimmy_1,CSTE_0001_ST_Bts_Pillow_Chimmy,Rudrav Meesho,In Progress,,
BTS-mang-tata,CSTE_0002_ST_Bts_Pillow_Tata,CSTE AMAZON,Inactive,Deleted,
Pillows (Tata)-fba,CSTE_0002_ST_Bts_Pillow_Tata,CSTE AMAZON,Inactive,Deleted,
ST-BTS-tata-van-chimmy-cooky-FBA,CSTE_0002_ST_Bts_Pillow_Tata,CSTE AMAZON,Inactive,Deleted,
D1-Q4TX-Q99T,CSTE_0002_ST_Bts_Pillow_Tata,CSTE AMAZON,Active,Active Listing,#REF!
Z9-K268-LCBG,CSTE_0002_ST_Bts_Pillow_Tata,CSTE AMAZON,Active,Active Listing,#REF!
ST-TATA- bts-red,CSTE_0002_ST_Bts_Pillow_Tata,CSTE AMAZON,Active,Active Listing,#REF!
Tata_pillow_map,CSTE_0002_ST_Bts_Pillow_Tata,GL FK,Active,Active Listing,#REF!
BTS_TATA,CSTE_0002_ST_Bts_Pillow_Tata,GL FK,Active,Active Listing,#REF!
tatapillow_map,CSTE_0002_ST_Bts_Pillow_Tata,CSTE FK,Active,Active Listing,#REF!
Tata-Pillow-Soft-1,CSTE_0002_ST_Bts_Pillow_Tata,CSTE FK,Active,Active Listing,#REF!
FBA_pillow red _heart,CSTE_0002_ST_Bts_Pillow_Tata,CSTE FK,Active,Active Listing,#REF!
tata_pillow_1,CSTE_0002_ST_Bts_Pillow_Tata,GL FK,Active,Active Listing,#REF!
BTS_TATA,CSTE_0002_ST_Bts_Pillow_Tata,Rudrav Meesho,In Progress,,
bts_tata_1,CSTE_0002_ST_Bts_Pillow_Tata,Rudrav Meesho,In Progress,,
g1Mr4PXp,CSTE_0002_ST_Bts_Pillow_Tata,CSTE MEESHO,In Progress,,
Throw Pillows (Koya)-fba,CSTE_0003_ST_Bts_Pillow_Koya,CSTE AMAZON,Inactive,Deleted,
ST-Koya-bts-blue_FBA,CSTE_0003_ST_Bts_Pillow_Koya,CSTE AMAZON,Active,Active Listing,#REF!
Soft Toys_Koya-FBA,CSTE_0003_ST_Bts_Pillow_Koya,CSTE AMAZON,Active,Active Listing,#REF!
BTS_KOYA,CSTE_0003_ST_Bts_Pillow_Koya,GL FK,Active,Active Listing,#REF!
koya_pillow_1,CSTE_0003_ST_Bts_Pillow_Koya,GL FK,Active,Active Listing,#REF!
fusked bts soft toy- koya,CSTE_0003_ST_Bts_Pillow_Koya,CSTE FK,Active,Active Listing,#REF!
32546542,CSTE_0003_ST_Bts_Pillow_Koya,Rudrav Meesho,In Progress,,
BTS_KOYA,CSTE_0003_ST_Bts_Pillow_Koya,Rudrav Meesho,In Progress,,
BTS-Mang-cooky,CSTE_0004_ST_Bts_Pillow_Mang,CSTE AMAZON,Inactive,Deleted,
BTS-mang-koya,CSTE_0004_ST_Bts_Pillow_Mang,CSTE AMAZON,Inactive,Deleted,
BTS-mang-shooky,CSTE_0004_ST_Bts_Pillow_Mang,CSTE AMAZON,Inactive,Deleted,
Bts_Pillow_Mang1_fba,CSTE_0004_ST_Bts_Pillow_Mang,CSTE AMAZON,Inactive,Deleted,
Bts_PillowCombo_Mang_fba,CSTE_0004_ST_Bts_Pillow_Mang,CSTE AMAZON,Inactive,Deleted,
ST-bts-throw-pillow-mang_FBA,CSTE_0004_ST_Bts_Pillow_Mang,CSTE AMAZON,Active,Active Listing,#REF!
Bts_Pillow_Mang2_fba,CSTE_0004_ST_Bts_Pillow_Mang,CSTE AMAZON,Active,Active Listing,#REF!
ST_Mang_Bts_Blue,CSTE_0004_ST_Bts_Pillow_Mang,CSTE AMAZON,Active,Active Listing,#REF!
BTS_MANG,CSTE_0004_ST_Bts_Pillow_Mang,GL FK,Active,Active Listing,#REF!
mang_pillow_1,CSTE_0004_ST_Bts_Pillow_Mang,GL FK,Active,Active Listing,#REF!
Bts_Softtoy_Mang2,CSTE_0004_ST_Bts_Pillow_Mang,CSTE FK,Active,Active Listing,#REF!
FUSKED-BTS SOFT TOY PILLOW-MANG,CSTE_0004_ST_Bts_Pillow_Mang,CSTE FK,Active,Active Listing,#REF!
newmangsofttoys,CSTE_0004_ST_Bts_Pillow_Mang,CSTE MEESHO,Active,,#REF!
BTS_MANG,CSTE_0004_ST_Bts_Pillow_Mang,Rudrav Meesho,In Progress,,
bts_mang_1,CSTE_0004_ST_Bts_Pillow_Mang,Rudrav Meesho,In Progress,,
MANG_PILLOW,CSTE_0004_ST_Bts_Pillow_Mang,Rudrav Meesho,In Progress,,
Throw Pillows (Shooky)-fba,CSTE_0005_ST_Bts_Pillow_Shooky,CSTE AMAZON,Inactive,Deleted,
EM-6RRU-X5YL,CSTE_0005_ST_Bts_Pillow_Shooky,CSTE AMAZON,Active,Active Listing,#REF!
WO-PO6F-4V1U,CSTE_0005_ST_Bts_Pillow_Shooky,CSTE AMAZON,Active,Active Listing,#REF!
ST-Shooky- bts-brown-FBA,CSTE_0005_ST_Bts_Pillow_Shooky,CSTE AMAZON,Active,Active Listing,#REF!
ST-Shooky- bts-brown,CSTE_0005_ST_Bts_Pillow_Shooky,CSTE AMAZON,Active,Active Listing,#REF!
BTS_SHOOKY,CSTE_0005_ST_Bts_Pillow_Shooky,GL FK,Active,Active Listing,#REF!
shooky_pillow_1,CSTE_0005_ST_Bts_Pillow_Shooky,GL FK,Active,Active Listing,#REF!
FBA_pillow _ brown,CSTE_0005_ST_Bts_Pillow_Shooky,CSTE FK,Active,Active Listing,#REF!
fk-BTS K POP SOFT PILLOW SHOOKY BROWN 14 INCH,CSTE_0005_ST_Bts_Pillow_Shooky,CSTE FK,Active,Active Listing,#REF!
bts_shooky_1,CSTE_0005_ST_Bts_Pillow_Shooky,Rudrav Meesho,In Progress,,
SHOOKY_PILLOW,CSTE_0005_ST_Bts_Pillow_Shooky,Rudrav Meesho,In Progress,,
ST-Van- bts-white grey,CSTE_0006_ST_Bts_Pillow_Van,CSTE AMAZON,Inactive,Deleted,
D4-SWQE-BI76,CSTE_0006_ST_Bts_Pillow_Van,CSTE AMAZON,Active,Active Listing,#REF!
ST-Van- bts-white grey-FBA,CSTE_0006_ST_Bts_Pillow_Van,CSTE AMAZON,Active,Active Listing,#REF!
ST_Van_Bts_Gey,CSTE_0006_ST_Bts_Pillow_Van,CSTE AMAZON,Active,Active Listing,#REF!
ST-Van- bts-white grey_FBA,CSTE_0006_ST_Bts_Pillow_Van,CSTE AMAZON,Active,Active Listing,#REF!
pillow_van_map,CSTE_0006_ST_Bts_Pillow_Van,GL FK,Active,Active Listing,#REF!
Van_Pillow_map,CSTE_0006_ST_Bts_Pillow_Van,GL FK,Active,Active Listing,#REF!
BTS_VAN,CSTE_0006_ST_Bts_Pillow_Van,GL FK,Active,Active Listing,#REF!
van_pillow_1,CSTE_0006_ST_Bts_Pillow_Van,GL FK,Active,Active Listing,#REF!
FBA_pillow white_green,CSTE_0006_ST_Bts_Pillow_Van,CSTE FK,Active,Active Listing,#REF!
"fk-BTS BT21 Kpop Merch Plush Large 14"" Cushion Dust Cover",CSTE_0006_ST_Bts_Pillow_Van,CSTE FK,Active,Active Listing,#REF!
32546971,CSTE_0006_ST_Bts_Pillow_Van,Rudrav Meesho,In Progress,,
BTS_VAN,CSTE_0006_ST_Bts_Pillow_Van,Rudrav Meesho,In Progress,,
bts_van_1,CSTE_0006_ST_Bts_Pillow_Van,Rudrav Meesho,In Progress,,
MsMjIlqU,CSTE_0006_ST_Bts_Pillow_Van,CSTE MEESHO,In Progress,,
ST-Cooky-bts-pink_FBA,CSTE_0007_ST_Bts_Pillow_Cooky,CSTE AMAZON,Inactive,Deleted,
CSTE-0007-ST-BTS-PILLOW-COOKY,CSTE_0007_ST_Bts_Pillow_Cooky,CSTE AMAZON,Inactive,Deleted,
FBAPINKCOOKY,CSTE_0007_ST_Bts_Pillow_Cooky,CSTE AMAZON,Inactive,Deleted,
ST-Cooky-bts-pink,CSTE_0007_ST_Bts_Pillow_Cooky,CSTE AMAZON,Active,Active Listing,#REF!
Cooky_Pillow,CSTE_0007_ST_Bts_Pillow_Cooky,CSTE AMAZON,Active,Active Listing,#REF!
BTS_COOKY,CSTE_0007_ST_Bts_Pillow_Cooky,GL FK,Active,Active Listing,#REF!
cooky_pillow_1,CSTE_0007_ST_Bts_Pillow_Cooky,GL FK,Active,Active Listing,#REF!
ST-cooky,CSTE_0007_ST_Bts_Pillow_Cooky,CSTE FK,Active,Active Listing,#REF!
ST-BTS-Cooky,CSTE_0007_ST_Bts_Pillow_Cooky,CSTE FK,Active,Active Listing,#REF!
FK- BUNNY PINK SOFT TOY FOR KIDS BUNNY FACED,CSTE_0007_ST_Bts_Pillow_Cooky,CSTE FK,Active,Active Listing,#REF!
Cooky Map,CSTE_0007_ST_Bts_Pillow_Cooky,GL FK,Active,Active Listing,#REF!
89OWDN4N,CSTE_0007_ST_Bts_Pillow_Cooky,CSTE MEESHO,Active,,#REF!
BTS_COOKY,CSTE_0007_ST_Bts_Pillow_Cooky,Rudrav Meesho,In Progress,,
bts_cooky_1,CSTE_0007_ST_Bts_Pillow_Cooky,Rudrav Meesho,In Progress,,
"Cooky Plush Pillow, Animal Stuffed Toys Throw Pillow,Compatible for BTS",CSTE_0007_ST_Bts_Pillow_Cooky,CSTE MEESHO,In Progress,,
CSTE_0007_ST_Bts_Pillow_Cooky,CSTE_0007_ST_Bts_Pillow_Cooky,Rudrav Meesho,In Progress,,
ST-BTS-cooky-koya-rj-van-FBA,CSTE_0008_ST_Bts_Pillow_Rj,CSTE AMAZON,Inactive,Deleted,
KW-H97N-GZCK,CSTE_0008_ST_Bts_Pillow_Rj,CSTE AMAZON,Active,Active Listing,#REF!
ST-Rj- bts-white-FBA,CSTE_0008_ST_Bts_Pillow_Rj,CSTE AMAZON,Active,Active Listing,#REF!
ST-Rj- bts-white,CSTE_0008_ST_Bts_Pillow_Rj,CSTE AMAZON,Active,Active Listing,#REF!
BTS_RJ,CSTE_0008_ST_Bts_Pillow_Rj,GL FK,Active,Active Listing,#REF!
FBA_pillow_white_dog,CSTE_0008_ST_Bts_Pillow_Rj,CSTE FK,Active,Active Listing,#REF!
rj_pillow_1,CSTE_0008_ST_Bts_Pillow_Rj,GL FK,Active,Active Listing,#REF!
32845472,CSTE_0008_ST_Bts_Pillow_Rj,Rudrav Meesho,In Progress,,
BTS_RJ,CSTE_0008_ST_Bts_Pillow_Rj,Rudrav Meesho,In Progress,,
bts_rj_1,CSTE_0008_ST_Bts_Pillow_Rj,Rudrav Meesho,In Progress,,
BigPillow_Combo_fba,CSTE_0009_ST_Bts_LongPillow_Chimmy,CSTE AMAZON,Inactive,Deleted,
BigPillow_Chimmy_fba,CSTE_0009_ST_Bts_LongPillow_Chimmy,CSTE AMAZON,Active,Active Listing,#REF!
chimmy_long,CSTE_0009_ST_Bts_LongPillow_Chimmy,GL FK,Active,Active Listing,#REF!
BigPillow_Chimmy,CSTE_0009_ST_Bts_LongPillow_Chimmy,CSTE FK,Active,Active Listing,#REF!
CSTE_0009_ST_Bts_LongPillow_Chimmy,CSTE_0009_ST_Bts_LongPillow_Chimmy,CSTE MEESHO,In Progress,,
NfGa1-B0,CSTE_0009_ST_Bts_LongPillow_Chimmy,CSTE MEESHO,In Progress,,
BV-WMKJ-4SO7,CSTE_0010_ST_Bts_LongPillow_Tata,CSTE AMAZON,Inactive,Deleted,
BigPIllow_Tata_fba,CSTE_0010_ST_Bts_LongPillow_Tata,CSTE AMAZON,Inactive,Deleted,
Tata_LongPillow,CSTE_0010_ST_Bts_LongPillow_Tata,CSTE AMAZON,Inactive,Deleted,
BTS TATA_LONG,CSTE_0010_ST_Bts_LongPillow_Tata,CSTE FK,Active,Active Listing,#REF!
BigPillow_Tata_Fba,CSTE_0010_ST_Bts_LongPillow_Tata,Rudrav Meesho,In Progress,,
kN3ypXYO,CSTE_0010_ST_Bts_LongPillow_Tata,CSTE MEESHO,In Progress,,
BigPillow_Koya_fba,CSTE_0011_ST_Bts_LongPillow_Koya,CSTE AMAZON,Inactive,Deleted,
SE-4AD9-E865,CSTE_0011_ST_Bts_LongPillow_Koya,CSTE AMAZON,Inactive,Deleted,
koya_long,CSTE_0011_ST_Bts_LongPillow_Koya,GL FK,Active,Active Listing,#REF!
BigPillow_Chimmy_fba,CSTE_0011_ST_Bts_LongPillow_Koya,Rudrav Meesho,In Progress,,
BigPillow_Koya_Fba,CSTE_0011_ST_Bts_LongPillow_Koya,Rudrav Meesho,In Progress,,
bts_koya_1,CSTE_0011_ST_Bts_LongPillow_Koya,Rudrav Meesho,In Progress,,
KoyaLongPillow-Blue,CSTE_0011_ST_Bts_LongPillow_Koya,CSTE MEESHO,In Progress,,
BigPillow_Cooky_fba,CSTE_0012_ST_Bts_LongPillow_Cooky,CSTE AMAZON,Active,Active Listing,#REF!
cooky_lp_1,CSTE_0012_ST_Bts_LongPillow_Cooky,GL FK,Active,Active Listing,#REF!
BigPillow_Cooky,CSTE_0012_ST_Bts_LongPillow_Cooky,CSTE FK,Active,Active Listing,#REF!
cooky_long,CSTE_0012_ST_Bts_LongPillow_Cooky,GL FK,Active,Active Listing,#REF!
BigPillow_Combo,CSTE_0012_ST_Bts_LongPillow_Cooky,CSTE MEESHO,Active,Combo,#REF!
7LH3HKVZ,CSTE_0012_ST_Bts_LongPillow_Cooky,CSTE MEESHO,In Progress,,
BigPillow_Cooky_fba,CSTE_0012_ST_Bts_LongPillow_Cooky,Rudrav Meesho,In Progress,,
LONG COOKY _ST,CSTE_0012_ST_Bts_LongPillow_Cooky,CSTE MEESHO,In Progress,,
1E-TWV2-4FQF,CSTE_0013_MB_HBD_Red,CSTE AMAZON,Active,Active Listing,#REF!
cj-hbd-red,CSTE_0013_MB_HBD_Red,CSTE AMAZON,Active,Active Listing,#REF!
HBD_MB_red_flex,CSTE_0013_MB_HBD_Red,CSTE AMAZON,Active,Active Listing,#REF!
Map_HBD_instrument_Red,CSTE_0013_MB_HBD_Red,GL FK,Active,Active Listing,#REF!
MB_HBD_RED,CSTE_0013_MB_HBD_Red,GL FK,Active,Active Listing,#REF!
MAP_HBD_Pink,CSTE_0013_MB_HBD_Red,CSTE FK,Active,Active Listing,#REF!
HBD_MUSIC_RED,CSTE_0013_MB_HBD_Red,CSTE FK,Active,Active Listing,#REF!
FK-HAPPY BIRTHDAY MUSIC BOX RED,CSTE_0013_MB_HBD_Red,CSTE FK,Active,Active Listing,#REF!
birthdaytunered01,CSTE_0013_MB_HBD_Red,CSTE FK,Active,Active Listing,#REF!
HBD_RED1,CSTE_0013_MB_HBD_Red,GL FK,Active,Active Listing,#REF!
HOC_birthdaytunered01,CSTE_0013_MB_HBD_Red,CSTE FK,Active,,#REF!
hbd_red_mb,CSTE_0013_MB_HBD_Red,CSTE MEESHO,Active,,#REF!
32002561,CSTE_0013_MB_HBD_Red,Rudrav Meesho,Active,,#REF!
hbd_red,CSTE_0013_MB_HBD_Red,Rudrav Meesho,Active,,#REF!
CSTE023,CSTE_0013_MB_HBD_Red,CSTE MEESHO,In Progress,,
MB_HBD_New_fba,CSTE_0014_MB_HBD_Brown,CSTE AMAZON,Inactive,Deleted,
MAP_HBD_Cake-Theme,CSTE_0014_MB_HBD_Brown,CSTE AMAZON,Inactive,Deleted,
Map-Happy Birthday-Brown,CSTE_0014_MB_HBD_Brown,CSTE AMAZON,Inactive,Deleted,
Happy-Birthday-Brown-Map,CSTE_0014_MB_HBD_Brown,CSTE AMAZON,Inactive,Deleted,
MB-Happy bday-brown,CSTE_0014_MB_HBD_Brown,CSTE AMAZON,Inactive,Deleted,
caaju wooden music box,CSTE_0014_MB_HBD_Brown,CSTE AMAZON,Inactive,Deleted,
MAP_HBD_Multicolor,CSTE_0014_MB_HBD_Brown,CSTE AMAZON,Inactive,Deleted,
hbd_brown_2_fba,CSTE_0014_MB_HBD_Brown,CSTE AMAZON,Active,Active Listing,#REF!
18-Musical box_04,CSTE_0014_MB_HBD_Brown,CSTE AMAZON,Active,Active Listing,#REF!
HBD1,CSTE_0014_MB_HBD_Brown,CSTE AMAZON,Active,Active Listing,#REF!
cj-hbd-brown,CSTE_0014_MB_HBD_Brown,CSTE AMAZON,Active,Active Listing,#REF!
Musicbox_HBB,CSTE_0014_MB_HBD_Brown,CSTE AMAZON,Active,Active Listing,#REF!
Nit-v-Combo_Box_01,CSTE_0014_MB_HBD_Brown,CSTE AMAZON,Active,Active Listing,#REF!
MB-Happy bday-brown_fba,CSTE_0014_MB_HBD_Brown,CSTE AMAZON,Active,Active Listing,#REF!
Map_HBD_instrument_Brown-1,CSTE_0014_MB_HBD_Brown,GL FK,Active,Active Listing,#REF!
HBD_BROWN,CSTE_0014_MB_HBD_Brown,GL FK,Active,Active Listing,#REF!
HBD_Brown_101,CSTE_0014_MB_HBD_Brown,GL FK,Active,Active Listing,#REF!
Map_HBD_Instrument_Beige,CSTE_0014_MB_HBD_Brown,GL FK,Active,Active Listing,#REF!
hbd_brown_map,CSTE_0014_MB_HBD_Brown,CSTE FK,Active,Active Listing,#REF!
Music Box/16,CSTE_0014_MB_HBD_Brown,CSTE FK,Active,Active Listing,#REF!
happy birthday musical toy,CSTE_0014_MB_HBD_Brown,CSTE FK,Active,Active Listing,#REF!
HBD_BROWN,CSTE_0014_MB_HBD_Brown,CSTE FK,Active,Active Listing,#REF!
eitheo_HBD,CSTE_0014_MB_HBD_Brown,CSTE FK,Active,Active Listing,#REF!
Happy Birthday Toy1,CSTE_0014_MB_HBD_Brown,CSTE FK,Active,Active Listing,#REF!
Map_HBD_White,CSTE_0014_MB_HBD_Brown,CSTE FK,Active,Active Listing,#REF!
HBD_White,CSTE_0014_MB_HBD_Brown,CSTE FK,Active,Active Listing,#REF!
hbd_brown2,CSTE_0014_MB_HBD_Brown,GL FK,Active,Active Listing,#REF!
Map_HBD_instrument_Multi-color,CSTE_0014_MB_HBD_Brown,GL FK,Active,Active Listing,#REF!
HBD MUSICBOX_BROWN,CSTE_0014_MB_HBD_Brown,CSTE MEESHO,Active,,#REF!
CSTE_0014_MB_HBD_Brown,CSTE_0014_MB_HBD_Brown,CSTE MEESHO,Active,,#REF!
CSTE008,CSTE_0014_MB_HBD_Brown,CSTE MEESHO,Active,,#REF!
32056421,CSTE_0014_MB_HBD_Brown,Rudrav Meesho,Active,,#REF!
HOC_Happy_birthday_white,CSTE_0014_MB_HBD_Brown,CSTE FK,Active,,#REF!
combo_hbd_black_red,CSTE_0015_MB_HBD_Black,CSTE AMAZON,Inactive,Deleted,
Map_HBD_Black,CSTE_0015_MB_HBD_Black,CSTE AMAZON,Inactive,Deleted,
Map_HAPPY-BIRTHDAY-BLACK,CSTE_0015_MB_HBD_Black,CSTE AMAZON,Inactive,Deleted,
hbd black+let it go,CSTE_0015_MB_HBD_Black,CSTE AMAZON,Inactive,Deleted,
hbd black+mh,CSTE_0015_MB_HBD_Black,CSTE AMAZON,Inactive,Deleted,
hbd_black_fba,CSTE_0015_MB_HBD_Black,CSTE AMAZON,Active,Active Listing,#REF!
Cj-hbd-black,CSTE_0015_MB_HBD_Black,CSTE AMAZON,Active,Active Listing,#REF!
80-LZ7D-L8AT,CSTE_0015_MB_HBD_Black,CSTE AMAZON,Active,Active Listing,#REF!
Musicbox_HBBL,CSTE_0015_MB_HBD_Black,CSTE AMAZON,Active,Active Listing,#REF!
HBD_BLACK,CSTE_0015_MB_HBD_Black,GL FK,Active,Active Listing,#REF!
HBD_Black_1,CSTE_0015_MB_HBD_Black,GL FK,Active,Active Listing,#REF!
HBD BLK_1,CSTE_0015_MB_HBD_Black,GL FK,Active,Active Listing,#REF!
hbd_black_mb,CSTE_0015_MB_HBD_Black,CSTE FK,Active,Active Listing,#REF!
Map_Musicbox_Black_HBD,CSTE_0015_MB_HBD_Black,CSTE FK,Active,Active Listing,#REF!
HBD_BLCK_MAP,CSTE_0015_MB_HBD_Black,CSTE FK,Active,Active Listing,#REF!
FK HAPPY BIRHDAY BLACK,CSTE_0015_MB_HBD_Black,CSTE FK,Active,Active Listing,#REF!
HBD_BLK,CSTE_0015_MB_HBD_Black,CSTE FK,Active,Active Listing,#REF!
MB_COMBO_HBDBLACK_MH,CSTE_0015_MB_HBD_Black,CSTE FK,Active,Combo,#REF!
MB_COMBO_HBDBLK_SUNSHINE,CSTE_0015_MB_HBD_Black,CSTE FK,Active,Combo,#REF!
Map_HBD_instrument_BLK,CSTE_0015_MB_HBD_Black,GL FK,Active,Active Listing,#REF!
HOC_hbd_black_mb,CSTE_0015_MB_HBD_Black,CSTE FK,Active,,#REF!
hbd_blk_mb,CSTE_0015_MB_HBD_Black,CSTE MEESHO,Active,,#REF!
hbd_black_mb,CSTE_0015_MB_HBD_Black,CSTE MEESHO,Active,,#REF!
6CKGxkiA,CSTE_0015_MB_HBD_Black,CSTE MEESHO,Active,,#REF!
32145695,CSTE_0015_MB_HBD_Black,Rudrav Meesho,Active,,#REF!
32034187,CSTE_0015_MB_HBD_Black,Rudrav Meesho,Active,,#REF!
HBD MUSICBOX_BLACK,CSTE_0015_MB_HBD_Black,CSTE MEESHO,Active,,
GX-KP0V-XB75,CSTE_0016_MB_HBD_Pink,CSTE AMAZON,Inactive,Deleted,
CSTE_0016_MB_HBD_Pink,CSTE_0016_MB_HBD_Pink,CSTE AMAZON,Active,Active Listing,#REF!
cj-hbd-pink,CSTE_0016_MB_HBD_Pink,CSTE AMAZON,Active,Active Listing,#REF!
combo_hbd_pink_brown,CSTE_0016_MB_HBD_Pink,CSTE AMAZON,Active,Active Listing,#REF!
Happy Birthday Pink,CSTE_0016_MB_HBD_Pink,CSTE AMAZON,Active,Active Listing,#REF!
RQ-2LK7-V23U,CSTE_0016_MB_HBD_Pink,CSTE AMAZON,Active,Active Listing,#REF!
hbd_pink_fba,CSTE_0016_MB_HBD_Pink,CSTE AMAZON,Active,Active Listing,#REF!
pink,CSTE_0016_MB_HBD_Pink,CSTE AMAZON,Active,Active Listing,#REF!
musicboxhappybirthdaypink,CSTE_0016_MB_HBD_Pink,CSTE AMAZON,Active,Active Listing,#REF!
MB_HBD_PINK,CSTE_0016_MB_HBD_Pink,GL FK,Active,Active Listing,#REF!
f_ happy birthday musical toy,CSTE_0016_MB_HBD_Pink,CSTE FK,Active,Active Listing,#REF!
CSTE_0016_MB_HBD_Pink,CSTE_0016_MB_HBD_Pink,CSTE FK,Active,Active Listing,#REF!
FK- MUSIC BOX -HAPPY BIRTHDAY FOR SPECIAL ONES- PINK,CSTE_0016_MB_HBD_Pink,CSTE FK,Active,Active Listing,#REF!
HOC_FK- MUSIC BOX -HAPPY BIRTHDAY FOR SPECIAL ONES- PINK,CSTE_0016_MB_HBD_Pink,CSTE FK,Active,,#REF!
CSTE022,CSTE_0016_MB_HBD_Pink,CSTE MEESHO,Active,,
hbd_Pink_MB,CSTE_0016_MB_HBD_Pink,Rudrav Meesho,Active,,
MB_pink_HBD,CSTE_0016_MB_HBD_Pink,Rudrav Meesho,Active,,
4,CSTE_0017_MB_HP_Brown,CSTE MEESHO,In Progress,,
harrypotter_brown_fba,CSTE_0017_MB_HP_Brown,CSTE AMAZON,Inactive,Deleted,
MB_HP_BROWN_Map_fba,CSTE_0017_MB_HP_Brown,CSTE AMAZON,Inactive,Deleted,
harrypotter_brown2_fba,CSTE_0017_MB_HP_Brown,CSTE AMAZON,Active,Active Listing,#REF!
Harry potter Brown,CSTE_0017_MB_HP_Brown,CSTE AMAZON,Active,Active Listing,#REF!
cj-hp-brown,CSTE_0017_MB_HP_Brown,CSTE AMAZON,Active,Active Listing,#REF!
MB-Harry Potter-Light brown,CSTE_0017_MB_HP_Brown,CSTE AMAZON,Active,Active Listing,#REF!
HP_BROWN,CSTE_0017_MB_HP_Brown,CSTE AMAZON,Active,Active Listing,#REF!
HP_BROWN_1,CSTE_0017_MB_HP_Brown,GL FK,Active,Active Listing,#REF!
MAP_HP_BROWN,CSTE_0017_MB_HP_Brown,GL FK,Active,Active Listing,#REF!
MB_HP_BROWN,CSTE_0017_MB_HP_Brown,GL FK,Active,Active Listing,#REF!
harry_Porter_Brown-124,CSTE_0017_MB_HP_Brown,GL FK,Active,Active Listing,#REF!
harry_Porter_Brown_11,CSTE_0017_MB_HP_Brown,GL FK,Active,Active Listing,#REF!
HP_Brown_1,CSTE_0017_MB_HP_Brown,GL FK,Active,Active Listing,#REF!
Map_HP_Brown,CSTE_0017_MB_HP_Brown,GL FK,Active,Active Listing,#REF!
Map_Harry_Porter_Brown,CSTE_0017_MB_HP_Brown,CSTE FK,Active,Active Listing,#REF!
HB_BROWN_MAP,CSTE_0017_MB_HP_Brown,CSTE FK,Active,Active Listing,#REF!
harrypotter_brown_map2,CSTE_0017_MB_HP_Brown,CSTE FK,Active,Active Listing,#REF!
harry potter themed music box,CSTE_0017_MB_HP_Brown,CSTE FK,Active,Active Listing,#REF!
Music Box/33,CSTE_0017_MB_HP_Brown,CSTE FK,Active,Active Listing,#REF!
HARRY POTTER _BROWN,CSTE_0017_MB_HP_Brown,CSTE MEESHO,Active,,#REF!
v1nepfRR,CSTE_0017_MB_HP_Brown,CSTE MEESHO,Active,,#REF!
hp_brown,CSTE_0017_MB_HP_Brown,Rudrav Meesho,Active,,#REF!
HARRY POTTER_WHITE,CSTE_0017_MB_HP_Brown,CSTE MEESHO,In Progress,,
hp-green+hbd-pink,CSTE_0018_MB_HP_Green,CSTE AMAZON,Inactive,Deleted,
hp-green+la vie rose-white,CSTE_0018_MB_HP_Green,CSTE AMAZON,Inactive,Deleted,
hp-green+let it go,CSTE_0018_MB_HP_Green,CSTE AMAZON,Inactive,Deleted,
hp-green+mh-black,CSTE_0018_MB_HP_Green,CSTE AMAZON,Inactive,Deleted,
Q3-J6SG-VRIC,CSTE_0018_MB_HP_Green,CSTE AMAZON,Active,Active Listing,#REF!
Harry potter Green,CSTE_0018_MB_HP_Green,CSTE AMAZON,Active,Active Listing,#REF!
cj-hp-green,CSTE_0018_MB_HP_Green,CSTE AMAZON,Active,Active Listing,#REF!
MB_HP_green_flex,CSTE_0018_MB_HP_Green,CSTE AMAZON,Active,Active Listing,#REF!
MB_HP_Green,CSTE_0018_MB_HP_Green,GL FK,Active,Active Listing,#REF!
CSTE_0018_MB_HP_Green09,CSTE_0018_MB_HP_Green,GL FK,Active,Active Listing,#REF!
CSTE_0018_MB_HP_Green06,CSTE_0018_MB_HP_Green,GL FK,Active,Active Listing,#REF!
CSTE_0018_MB_HP_Green05,CSTE_0018_MB_HP_Green,GL FK,Active,Active Listing,#REF!
CSTE_0018_MB_HP_Green01,CSTE_0018_MB_HP_Green,GL FK,Active,Active Listing,#REF!
CSTE_0018_MB_HP_Green10,CSTE_0018_MB_HP_Green,GL FK,Active,Active Listing,#REF!
CSTE_0018_MB_HP_Green08,CSTE_0018_MB_HP_Green,GL FK,Active,Active Listing,#REF!
CSTE_0018_MB_HP_Green02,CSTE_0018_MB_HP_Green,GL FK,Active,Active Listing,#REF!
FK-HP MUSIC BOX,CSTE_0018_MB_HP_Green,CSTE FK,Active,Active Listing,#REF!
GREEN-HARRY-POTTER,CSTE_0018_MB_HP_Green,CSTE FK,Active,Active Listing,#REF!
CSTE_0018_MB_HP_Green07,CSTE_0018_MB_HP_Green,CSTE FK,Active,Active Listing,#REF!
CSTE_0018_MB_HP_Green09,CSTE_0018_MB_HP_Green,CSTE FK,Active,Active Listing,#REF!
CSTE_0018_MB_HP_Green08,CSTE_0018_MB_HP_Green,CSTE FK,Active,Active Listing,#REF!
CSTE_0018_MB_HP_Green03,CSTE_0018_MB_HP_Green,CSTE FK,Active,Active Listing,#REF!
CSTE_0018_MB_HP_Green05,CSTE_0018_MB_HP_Green,CSTE FK,Active,Active Listing,#REF!
CSTE_0018_MB_HP_Green06,CSTE_0018_MB_HP_Green,CSTE FK,Active,Active Listing,#REF!
CSTE_0018_MB_HP_Green10,CSTE_0018_MB_HP_Green,CSTE FK,Active,Active Listing,#REF!
CSTE_0018_MB_HP_Green02,CSTE_0018_MB_HP_Green,CSTE FK,Active,Active Listing,#REF!
CSTE_0018_MB_HP_Green01,CSTE_0018_MB_HP_Green,CSTE FK,Active,Active Listing,#REF!
MB_HP_Green,CSTE_0018_MB_HP_Green,Rudrav Meesho,In Progress,,
vRF_JD46,CSTE_0018_MB_HP_Green,CSTE MEESHO,In Progress,,
2,CSTE_0019_MB_HP_Blue,CSTE MEESHO,In Progress,,
32014121,CSTE_0019_MB_HP_Blue,Rudrav Meesho,In Progress,,
MB-Harry music box-blue,CSTE_0019_MB_HP_Blue,CSTE AMAZON,Inactive,Deleted,
harrypotter_blue,CSTE_0019_MB_HP_Blue,CSTE AMAZON,Active,Active Listing,#REF!
Musicbox_HPB,CSTE_0019_MB_HP_Blue,CSTE AMAZON,Active,Active Listing,#REF!
cj-hp-blue,CSTE_0019_MB_HP_Blue,CSTE AMAZON,Active,Active Listing,#REF!
MB_HP_Blue_flex,CSTE_0019_MB_HP_Blue,CSTE AMAZON,Active,Active Listing,#REF!
HP_Blue_MB,CSTE_0019_MB_HP_Blue,CSTE AMAZON,Active,Active Listing,#REF!
MB-Harry music box-blue_fba,CSTE_0019_MB_HP_Blue,CSTE AMAZON,Active,Active Listing,#REF!
musicalbox_harryblue,CSTE_0019_MB_HP_Blue,CSTE FK,Active,Active Listing,#REF!
MB_HP_BLUE,CSTE_0019_MB_HP_Blue,CSTE FK,Active,Active Listing,#REF!
3Mgn5JPD,CSTE_0019_MB_HP_Blue,CSTE MEESHO,In Progress,,
HARRY POTTER_BLUE,CSTE_0019_MB_HP_Blue,CSTE MEESHO,In Progress,,
hp_blue,CSTE_0019_MB_HP_Blue,Rudrav Meesho,In Progress,,
Caaju V-musicalBox-Harry Potter,CSTE_0020_MB_HP_Black,CSTE AMAZON,Inactive,Deleted,
Harrypotter_musicbox,CSTE_0020_MB_HP_Black,CSTE AMAZON,Active,Active Listing,#REF!
harrypotter_black_fba2,CSTE_0020_MB_HP_Black,CSTE AMAZON,Active,Active Listing,#REF!
harrypotter_black_2_fba,CSTE_0020_MB_HP_Black,CSTE AMAZON,Active,Active Listing,#REF!
HPB1,CSTE_0020_MB_HP_Black,CSTE AMAZON,Active,Active Listing,#REF!
Musicbox_hpbl,CSTE_0020_MB_HP_Black,CSTE AMAZON,Active,Active Listing,#REF!
Black Harry potter,CSTE_0020_MB_HP_Black,CSTE AMAZON,Active,Active Listing,#REF!
cj-hp-black,CSTE_0020_MB_HP_Black,CSTE AMAZON,Active,Active Listing,#REF!
harry_potte_blackr,CSTE_0020_MB_HP_Black,GL FK,Active,Active Listing,#REF!
ay hp M box black,CSTE_0020_MB_HP_Black,CSTE FK,Active,Active Listing,#REF!
F_ay hp M box black,CSTE_0020_MB_HP_Black,CSTE FK,Active,Active Listing,#REF!
f_ay hp M box black,CSTE_0020_MB_HP_Black,CSTE FK,Active,Active Listing,#REF!
Cranked Collectable Musical Toy,CSTE_0020_MB_HP_Black,CSTE FK,Active,Active Listing,#REF!
Harry Potter musical toy,CSTE_0020_MB_HP_Black,CSTE FK,Active,Active Listing,#REF!
HP_BLACK_1,CSTE_0020_MB_HP_Black,GL FK,Active,Active Listing,#REF!
Nit-v-Combo_Box_05,CSTE_0020_MB_HP_Black,CSTE AMAZON,Active,Combo,#REF!
CSTE_0020_MB_HP_Black,CSTE_0020_MB_HP_Black,CSTE MEESHO,Active,,#REF!
32546987,CSTE_0020_MB_HP_Black,Rudrav Meesho,Active,,#REF!
HARRY POTTER_BLACK,CSTE_0020_MB_HP_Black,CSTE MEESHO,In Progress,,
8J-LY1J-31CH,CSTE_0021_MB_Beatles_Black,CSTE AMAZON,Active,Active Listing,#REF!
31-BMMI-FJWV,CSTE_0021_MB_Beatles_Black,CSTE AMAZON,Active,Active Listing,#REF!
MB_Black,CSTE_0021_MB_Beatles_Black,CSTE AMAZON,Active,Active Listing,#REF!
Musicbox_bbl,CSTE_0021_MB_Beatles_Black,CSTE AMAZON,Active,Active Listing,#REF!
Beatles black,CSTE_0021_MB_Beatles_Black,CSTE AMAZON,Active,Active Listing,#REF!
MB_Beatles_Black,CSTE_0021_MB_Beatles_Black,GL FK,Active,Active Listing,#REF!
CSTE_0021_MB_Beatles_Black,CSTE_0021_MB_Beatles_Black,CSTE FK,Active,Active Listing,#REF!
CSTE017,CSTE_0021_MB_Beatles_Black,CSTE MEESHO,Active,,#REF!
30215474,CSTE_0021_MB_Beatles_Black,Rudrav Meesho,Active,,#REF!
10,CSTE_0022_MB_Beatles_Brown,CSTE MEESHO,In Progress,,
hb pink+beatles brown,CSTE_0022_MB_Beatles_Brown,CSTE AMAZON,Inactive,Deleted,
MB_Brown,CSTE_0022_MB_Beatles_Brown,CSTE AMAZON,Active,Active Listing,#REF!
MB_Beatles_Brown,CSTE_0022_MB_Beatles_Brown,GL FK,Active,Active Listing,#REF!
HOC_CSTE_0022_MB_Beatles_Brown,CSTE_0022_MB_Beatles_Brown,CSTE FK,Active,Active Listing,#REF!
Brown-Beatle,CSTE_0022_MB_Beatles_Brown,CSTE FK,Active,Active Listing,#REF!
MB_BEATLES_BROWN,CSTE_0022_MB_Beatles_Brown,CSTE FK,Active,Active Listing,#REF!
CSTE_0022_MB_Beatles_Brown,CSTE_0022_MB_Beatles_Brown,CSTE FK,Active,Active Listing,#REF!
CSTE041,CSTE_0022_MB_Beatles_Brown,CSTE MEESHO,Active,,
MB_Beatles_brown,CSTE_0022_MB_Beatles_Brown,Rudrav Meesho,Active,,
THE BEATLES_BROWN,CSTE_0022_MB_Beatles_Brown,CSTE MEESHO,Active,,
16,CSTE_0023_MB_BeautyandBeast_Black,CSTE MEESHO,In Progress,,
MB-Beauty beast-black_Fba,CSTE_0023_MB_BeautyandBeast_Black,CSTE AMAZON,Inactive,Deleted,
MB_bbblack_flef,CSTE_0023_MB_BeautyandBeast_Black,CSTE AMAZON,Inactive,Deleted,
beauty and the beast musical toy (Black),CSTE_0023_MB_BeautyandBeast_Black,CSTE FK,Active,Active Listing,#REF!
CSTE009,CSTE_0023_MB_BeautyandBeast_Black,CSTE MEESHO,Active,,
x3WMG07i,CSTE_0023_MB_BeautyandBeast_Black,CSTE MEESHO,In Progress,,
Beauty+Dragonball,CSTE_0024_MB_BeautyandBeast_Brown,CSTE AMAZON,Inactive,Deleted,
beauty+frozen-bl,CSTE_0024_MB_BeautyandBeast_Brown,CSTE AMAZON,Inactive,Deleted,
beauty+money3jokers,CSTE_0024_MB_BeautyandBeast_Brown,CSTE AMAZON,Inactive,Deleted,
beauty+pirate,CSTE_0024_MB_BeautyandBeast_Brown,CSTE AMAZON,Inactive,Deleted,
beauty+el professor money heist,CSTE_0024_MB_BeautyandBeast_Brown,CSTE AMAZON,Inactive,Deleted,
18-Musical box_01,CSTE_0024_MB_BeautyandBeast_Brown,CSTE AMAZON,Active,Active Listing,#REF!
Musicbox_bab,CSTE_0024_MB_BeautyandBeast_Brown,CSTE AMAZON,Active,Active Listing,#REF!
BB1,CSTE_0024_MB_BeautyandBeast_Brown,CSTE AMAZON,Active,Active Listing,#REF!
TY-L7V8-N93T,CSTE_0024_MB_BeautyandBeast_Brown,CSTE AMAZON,Active,Active Listing,#REF!
B&B brown,CSTE_0024_MB_BeautyandBeast_Brown,CSTE AMAZON,Active,Active Listing,#REF!
Beauty and the Beast brown,CSTE_0024_MB_BeautyandBeast_Brown,CSTE AMAZON,Active,Active Listing,#REF!
Bandb_brn_flex,CSTE_0024_MB_BeautyandBeast_Brown,CSTE AMAZON,Active,Active Listing,#REF!
MB_B&B_BROWN,CSTE_0024_MB_BeautyandBeast_Brown,GL FK,Active,Active Listing,#REF!
beauty and the beat musical toy,CSTE_0024_MB_BeautyandBeast_Brown,CSTE FK,Active,Active Listing,#REF!
F_beauty and the beat musical toy,CSTE_0024_MB_BeautyandBeast_Brown,CSTE FK,Active,Active Listing,#REF!
B&B_BROWN,CSTE_0024_MB_BeautyandBeast_Brown,Rudrav Meesho,Active,,
CSTE037,CSTE_0024_MB_BeautyandBeast_Brown,CSTE MEESHO,Active,,
25-J008-EY79,CSTE_0025_MB_Castle_Brown,CSTE AMAZON,Inactive,Deleted,
CASTLE IN THE SKY_BROWN,CSTE_0025_MB_Castle_Brown,CSTE FK,Active,Active Listing,#REF!
MB_castle_in_the_sky_brown,CSTE_0025_MB_Castle_Brown,GL FK,Active,Active Listing,#REF!
CASTLE IN THE SKY_BROWN,CSTE_0025_MB_Castle_Brown,CSTE MEESHO,Active,,
Castle_Brown.1,CSTE_0025_MB_Castle_Brown,Rudrav Meesho,In Progress,,
Castle_in_the_sky,CSTE_0026_MB_Castle_Unicorn,CSTE AMAZON,Active,Active Listing,#REF!
GM-VMV9-ZWEQ,CSTE_0026_MB_Castle_Unicorn,CSTE AMAZON,Active,Active Listing,#REF!
CSTE_0025_MB_Castle_Brown,CSTE_0026_MB_Castle_Unicorn,CSTE AMAZON,Active,Active Listing,#REF!
MB_UNICORN,CSTE_0026_MB_Castle_Unicorn,GL FK,Active,Active Listing,#REF!
MB_Unicorn_castle_brown,CSTE_0026_MB_Castle_Unicorn,GL FK,Active,Active Listing,#REF!
MB_COMBO_FRIEND_CASTLEINTHESKY,CSTE_0026_MB_Castle_Unicorn,CSTE FK,Active,Combo,#REF!
CSTE018,CSTE_0026_MB_Castle_Unicorn,CSTE MEESHO,In Progress,,
MB_CastleUnicorn_Brown,CSTE_0026_MB_Castle_Unicorn,Rudrav Meesho,In Progress,,
Musicbox_FRI_Black,CSTE_0027_MB_Friends_Black,CSTE AMAZON,Inactive,Deleted,
friends_blk_flex,CSTE_0027_MB_Friends_Black,CSTE AMAZON,Active,Active Listing,#REF!
Friends-Black,CSTE_0027_MB_Friends_Black,CSTE FK,Active,Active Listing,#REF!
MB_Frieb_BLK,CSTE_0027_MB_Friends_Black,GL FK,Active,Active Listing,#REF!
Friends_Black,CSTE_0027_MB_Friends_Black,Rudrav Meesho,In Progress,,
FriendsBlackMusicBox,CSTE_0027_MB_Friends_Black,CSTE MEESHO,In Progress,,
WvM8pYJH,CSTE_0027_MB_Friends_Black,CSTE MEESHO,In Progress,,
friends+hp-white,CSTE_0028_MB_Friends_NewBrown,CSTE AMAZON,Inactive,Deleted,
friends+la vie rose,CSTE_0028_MB_Friends_NewBrown,CSTE AMAZON,Inactive,Deleted,
friends+star wars,CSTE_0028_MB_Friends_NewBrown,CSTE AMAZON,Inactive,Deleted,
friends+tw,CSTE_0028_MB_Friends_NewBrown,CSTE AMAZON,Inactive,Deleted,
MB_Friends_flex_brn,CSTE_0028_MB_Friends_NewBrown,CSTE AMAZON,Active,Active Listing,#REF!
s2,CSTE_0028_MB_Friends_NewBrown,CSTE MEESHO,In Progress,,
YCRLSRZr,CSTE_0028_MB_Friends_NewBrown,CSTE MEESHO,In Progress,,
MYgtLmlo,CSTE_0029_MB_Friends_OldBrown,CSTE MEESHO,In Progress,,
30215412,CSTE_0030_MB_Got_Black,Rudrav Meesho,In Progress,,
MB-GOT music box-Black-fba,CSTE_0030_MB_Got_Black,CSTE AMAZON,Inactive,Deleted,
Got-black+Beauty,CSTE_0030_MB_Got_Black,CSTE AMAZON,Inactive,Deleted,
got black+b_b brown,CSTE_0030_MB_Got_Black,CSTE AMAZON,Inactive,Deleted,
winter_is_coming,CSTE_0030_MB_Got_Black,CSTE AMAZON,Active,Active Listing,#REF!
Y0-QTMS-N1MS,CSTE_0030_MB_Got_Black,CSTE AMAZON,Active,Active Listing,#REF!
CJ-GOT-BLACK,CSTE_0030_MB_Got_Black,CSTE AMAZON,Active,Active Listing,#REF!
Game of Thrones Black,CSTE_0030_MB_Got_Black,CSTE AMAZON,Active,Active Listing,#REF!
Musicbox_wicbl,CSTE_0030_MB_Got_Black,CSTE AMAZON,Active,Active Listing,#REF!
got_black_fba,CSTE_0030_MB_Got_Black,CSTE AMAZON,Active,Active Listing,#REF!
MB_GOT_Black_flex,CSTE_0030_MB_Got_Black,CSTE AMAZON,Active,Active Listing,#REF!
MB-GOT music box-Black,CSTE_0030_MB_Got_Black,CSTE AMAZON,Active,Active Listing,#REF!
MB_GOT_BLACK,CSTE_0030_MB_Got_Black,GL FK,Active,Active Listing,#REF!
Black-Games-Of-Throne,CSTE_0030_MB_Got_Black,CSTE FK,Active,Active Listing,#REF!
GAME_OF_THRONES_BLK,CSTE_0030_MB_Got_Black,CSTE FK,Active,Active Listing,#REF!
MB_GOT_BLACK_1,CSTE_0030_MB_Got_Black,GL FK,Active,Active Listing,#REF!
GOT_BALCK_2,CSTE_0030_MB_Got_Black,GL FK,Active,Active Listing,#REF!
CSTE014,CSTE_0030_MB_Got_Black,CSTE MEESHO,In Progress,,
MB_GOT_BLK,CSTE_0030_MB_Got_Black,Rudrav Meesho,In Progress,,
WyFD_YzC,CSTE_0030_MB_Got_Black,CSTE MEESHO,In Progress,,
21549564,CSTE_0031_MB_Got_Blue,CSTE MEESHO,In Progress,,
32014106,CSTE_0031_MB_Got_Blue,Rudrav Meesho,In Progress,,
MB_GOT_Blue_Flex,CSTE_0031_MB_Got_Blue,CSTE AMAZON,Inactive,Deleted,
CJ-GOT-BLUE,CSTE_0031_MB_Got_Blue,CSTE AMAZON,Active,Active Listing,#REF!
Musicbox_wicb,CSTE_0031_MB_Got_Blue,CSTE AMAZON,Active,Active Listing,#REF!
GOT_BLUE_MB_MAP,CSTE_0031_MB_Got_Blue,GL FK,Active,Active Listing,#REF!
Got_Blue,CSTE_0031_MB_Got_Blue,GL FK,Active,Active Listing,#REF!
GOT_BLUE,CSTE_0031_MB_Got_Blue,GL FK,Active,Active Listing,#REF!
GOT_BLUE_MAP,CSTE_0031_MB_Got_Blue,CSTE FK,Active,Active Listing,#REF!
Blue-Games-Of-Throne,CSTE_0031_MB_Got_Blue,CSTE FK,Active,Active Listing,#REF!
Game_of_Thrones_Blue,CSTE_0031_MB_Got_Blue,CSTE FK,Active,Active Listing,#REF!
CSTE013,CSTE_0031_MB_Got_Blue,CSTE MEESHO,In Progress,,
hSaXSACm,CSTE_0031_MB_Got_Blue,CSTE MEESHO,In Progress,,
CJ-GOT-BROWN,CSTE_0032_MB_Got_Brown,CSTE AMAZON,Active,Active Listing,#REF!
Wolf Game of Throne Brown,CSTE_0032_MB_Got_Brown,CSTE AMAZON,Active,Active Listing,#REF!
Musicbox_GOT,CSTE_0032_MB_Got_Brown,CSTE AMAZON,Active,Active Listing,#REF!
MB_Got_Brown_1,CSTE_0032_MB_Got_Brown,GL FK,Active,Active Listing,#REF!
Music Box/31,CSTE_0032_MB_Got_Brown,CSTE FK,Active,Active Listing,#REF!
GOT Music Box Brown,CSTE_0032_MB_Got_Brown,CSTE FK,Active,Active Listing,#REF!
Game_OF_Thrones_Brown,CSTE_0032_MB_Got_Brown,CSTE FK,Active,Active Listing,#REF!
Map_Got_MB_Brown,CSTE_0032_MB_Got_Brown,GL FK,Active,Active Listing,#REF!
CSTE040,CSTE_0032_MB_Got_Brown,CSTE MEESHO,In Progress,,
MB_GOT_brown,CSTE_0032_MB_Got_Brown,Rudrav Meesho,In Progress,,
godfather+beauty,CSTE_0033_MB_GodFather_Brown,CSTE AMAZON,Inactive,Deleted,
O4-SV9O-IGAC,CSTE_0033_MB_GodFather_Brown,CSTE AMAZON,Active,Active Listing,#REF!
Musicbox_gfb,CSTE_0033_MB_GodFather_Brown,CSTE AMAZON,Active,Active Listing,#REF!
GF_BROWN,CSTE_0033_MB_GodFather_Brown,CSTE AMAZON,Active,Active Listing,#REF!
MB_GOD FATHER_BROWN,CSTE_0033_MB_GodFather_Brown,GL FK,Active,Active Listing,#REF!
Music Box/15,CSTE_0033_MB_GodFather_Brown,CSTE FK,Active,Active Listing,#REF!
FK-GODFATHER MUSIC BOX -BROWN,CSTE_0033_MB_GodFather_Brown,CSTE FK,Active,Active Listing,#REF!
BROWN-GOD-FATHER,CSTE_0033_MB_GodFather_Brown,CSTE FK,Active,Active Listing,#REF!
CSTE039,CSTE_0033_MB_GodFather_Brown,CSTE MEESHO,In Progress,,
GODFATHER_MB_BROWN,CSTE_0033_MB_GodFather_Brown,CSTE MEESHO,In Progress,,
MB_GODfather_brown,CSTE_0033_MB_GodFather_Brown,Rudrav Meesho,In Progress,,
OD-W4QR-ONN3,CSTE_0034_MB_GodFather_Black,CSTE AMAZON,Active,Active Listing,#REF!
Musicbox_gfbl,CSTE_0034_MB_GodFather_Black,CSTE AMAZON,Active,Active Listing,#REF!
GF_BLACK,CSTE_0034_MB_GodFather_Black,CSTE AMAZON,Active,Active Listing,#REF!
Godfather Black,CSTE_0034_MB_GodFather_Black,CSTE AMAZON,Active,Active Listing,#REF!
MB_Godfather_brn_flex,CSTE_0034_MB_GodFather_Black,CSTE AMAZON,Active,Active Listing,#REF!
Godfather,CSTE_0034_MB_GodFather_Black,CSTE AMAZON,Active,Active Listing,#REF!
MB_GODFATHER_BLACK,CSTE_0034_MB_GodFather_Black,GL FK,Active,Active Listing,#REF!
FK-GODFATHER-MUSIC BOX-BLACK,CSTE_0034_MB_GodFather_Black,CSTE FK,Active,Active Listing,#REF!
GODFATHER_MB_BLACK,CSTE_0034_MB_GodFather_Black,CSTE MEESHO,In Progress,,
MB_GODFather_blk,CSTE_0034_MB_GodFather_Black,Rudrav Meesho,In Progress,,
pvE7_Q60,CSTE_0034_MB_GodFather_Black,CSTE MEESHO,In Progress,,
MGF1,CSTE_0035_MB_Gorgeous_Brown,CSTE AMAZON,Active,Active Listing,#REF!
MB_Gorgeous_Brown,CSTE_0035_MB_Gorgeous_Brown,GL FK,Active,Active Listing,#REF!
My Gorgeous Wife Musical Toy,CSTE_0035_MB_Gorgeous_Brown,CSTE FK,Active,Active Listing,#REF!
CSTE007,CSTE_0035_MB_Gorgeous_Brown,CSTE MEESHO,In Progress,,
GORGEOUS WIFE_BROWN,CSTE_0035_MB_Gorgeous_Brown,CSTE MEESHO,In Progress,,
MB_GorgousWife_brown,CSTE_0035_MB_Gorgeous_Brown,Rudrav Meesho,In Progress,,
ROgky_LD,CSTE_0035_MB_Gorgeous_Brown,CSTE MEESHO,In Progress,,
hbd_black_white_combo_fba,CSTE_0036_MB_HBD_White,CSTE AMAZON,Inactive,Deleted,
happy_birthday_white,CSTE_0036_MB_HBD_White,CSTE AMAZON,Active,Active Listing,#REF!
hbd_white_fba,CSTE_0036_MB_HBD_White,CSTE AMAZON,Active,Active Listing,#REF!
cj-hbd-white,CSTE_0036_MB_HBD_White,CSTE AMAZON,Active,Active Listing,#REF!
hbd_whitev,CSTE_0036_MB_HBD_White,GL FK,Active,Active Listing,#REF!
HBD_WHITE,CSTE_0036_MB_HBD_White,GL FK,Active,Active Listing,#REF!
Hbd_white_mb,CSTE_0036_MB_HBD_White,CSTE FK,Active,Active Listing,#REF!
FK-HAPPY BIRTHDAY WHITE,CSTE_0036_MB_HBD_White,CSTE FK,Active,Active Listing,#REF!
Map_HBD_instrument_White,CSTE_0036_MB_HBD_White,GL FK,Active,Active Listing,#REF!
32504125,CSTE_0036_MB_HBD_White,Rudrav Meesho,Active,,#REF!
CSTE025,CSTE_0036_MB_HBD_White,CSTE MEESHO,In Progress,,
hbd_white,CSTE_0036_MB_HBD_White,Rudrav Meesho,In Progress,,
HBD Square Transparent_MB,CSTE_0037_MB_HBD_Transparent,CSTE FK,Active,Active Listing,#REF!
HBD SQUARE TRANSPARENT_MB,CSTE_0037_MB_HBD_Transparent,CSTE MEESHO,In Progress,,
5,CSTE_0038_MB_HP_Red,CSTE MEESHO,In Progress,,
-TDNw6MD,CSTE_0038_MB_HP_Red,CSTE MEESHO,In Progress,,
hbd black+hp red,CSTE_0038_MB_HP_Red,CSTE AMAZON,Inactive,Deleted,
Harry potter red,CSTE_0038_MB_HP_Red,CSTE AMAZON,Active,Active Listing,#REF!
CW-PYWK-AAR8,CSTE_0038_MB_HP_Red,CSTE AMAZON,Active,Active Listing,#REF!
cj-hp-red,CSTE_0038_MB_HP_Red,CSTE AMAZON,Active,Active Listing,#REF!
MB_HP_Red_flex,CSTE_0038_MB_HP_Red,CSTE AMAZON,Active,Active Listing,#REF!
FK HARRY POTTER RED,CSTE_0038_MB_HP_Red,CSTE FK,Active,Active Listing,#REF!
HARRY POTTER_RED,CSTE_0038_MB_HP_Red,CSTE FK,Active,Active Listing,#REF!
MB_HP_RED,CSTE_0038_MB_HP_Red,GL FK,Active,Active Listing,#REF!
HARRY POTTER_RED,CSTE_0038_MB_HP_Red,CSTE MEESHO,In Progress,,
HP_Red,CSTE_0038_MB_HP_Red,Rudrav Meesho,In Progress,,
7,CSTE_0039_MB_HP_White,CSTE MEESHO,In Progress,,
MB_HP_NEW_WHITE,CSTE_0039_MB_HP_White,CSTE AMAZON,Inactive,Deleted,
HP_WHITE,CSTE_0039_MB_HP_White,CSTE AMAZON,Active,Active Listing,#REF!
HPW1,CSTE_0039_MB_HP_White,CSTE AMAZON,Active,Active Listing,#REF!
Harry potter white,CSTE_0039_MB_HP_White,CSTE AMAZON,Active,Active Listing,#REF!
MB_HP_NEW_WHITE_fba,CSTE_0039_MB_HP_White,CSTE AMAZON,Active,Active Listing,#REF!
HARRY POTTER_WHITE,CSTE_0039_MB_HP_White,CSTE FK,Active,Active Listing,#REF!
MB_HP_WHITE,CSTE_0039_MB_HP_White,GL FK,Active,Active Listing,#REF!
MB_HP_WHITE,CSTE_0039_MB_HP_White,CSTE FK,Active,Active Listing,#REF!
NEW_HARRY_POTTER_MUSIC_BOX,CSTE_0039_MB_HP_White,CSTE FK,Active,,#REF!
Fusked Harry Wotter white Music Box Antique Engraved Wooden Musical Box Gifts for Birthday/Christmas Kids,CSTE_0039_MB_HP_White,Rudrav Meesho,In Progress,,
Harry Potter New White,CSTE_0039_MB_HP_White,CSTE MEESHO,In Progress,,
Harry Potter New White,CSTE_0039_MB_HP_White,Rudrav Meesho,In Progress,,
MusicBoxHarryPotter-White,CSTE_0039_MB_HP_White,CSTE MEESHO,In Progress,,
MB_HP_DARKBLUE,CSTE_0040_MB_HP_DarkBlue,GL FK,Active,Active Listing,#REF!
MB_HP_DBLUE,CSTE_0040_MB_HP_DarkBlue,CSTE FK,Active,Active Listing,#REF!
hp_dblue,CSTE_0040_MB_HP_DarkBlue,Rudrav Meesho,In Progress,,
MB_Jurassic_Black_fba,CSTE_0041_MB_JurassicPark_Black,CSTE AMAZON,Inactive,Deleted,
MusicBox_JurassicPark,CSTE_0041_MB_JurassicPark_Black,CSTE FK,Active,Active Listing,#REF!
MB_JURASSICPARK_BLACK,CSTE_0041_MB_JurassicPark_Black,CSTE FK,Active,Active Listing,#REF!
JURASSIC PARK_BLACK,CSTE_0041_MB_JurassicPark_Black,CSTE FK,Active,Active Listing,#REF!
JURASSIC PARK_BLACK,CSTE_0041_MB_JurassicPark_Black,CSTE MEESHO,In Progress,,
MB_JurassicPark_BLK,CSTE_0041_MB_JurassicPark_Black,Rudrav Meesho,In Progress,,
mb_jurassic_park_brown_fba,CSTE_0042_MB_JurassicPark_Brown,CSTE AMAZON,Inactive,Deleted,
Kids Children (Brown),CSTE_0042_MB_JurassicPark_Brown,CSTE AMAZON,Inactive,Deleted,
MB_JurassicPark_Brown,CSTE_0042_MB_JurassicPark_Brown,GL FK,Active,Active Listing,#REF!
MB_Lalaland_Plush_Unicorn_Blue,CSTE_0043_MB_Lalaland_Brown,CSTE AMAZON,Inactive,Deleted,
lalaland+godfather double face,CSTE_0043_MB_Lalaland_Brown,CSTE AMAZON,Inactive,Deleted,
lalaland+tit,CSTE_0043_MB_Lalaland_Brown,CSTE AMAZON,Inactive,Deleted,
lalaland+the beatles,CSTE_0043_MB_Lalaland_Brown,CSTE AMAZON,Inactive,Deleted,
lalaland+you are my sunshine,CSTE_0043_MB_Lalaland_Brown,CSTE AMAZON,Inactive,Deleted,
18-Musical box_02,CSTE_0043_MB_Lalaland_Brown,CSTE AMAZON,Active,Active Listing,#REF!
La La land,CSTE_0043_MB_Lalaland_Brown,CSTE AMAZON,Active,Active Listing,#REF!
Musicbox_lll,CSTE_0043_MB_Lalaland_Brown,CSTE AMAZON,Active,Active Listing,#REF!
lalala_MB_flex,CSTE_0043_MB_Lalaland_Brown,CSTE AMAZON,Active,Active Listing,#REF!
MB_LALALAND,CSTE_0043_MB_Lalaland_Brown,GL FK,Active,Active Listing,#REF!
F_la la land musical toy,CSTE_0043_MB_Lalaland_Brown,CSTE FK,Active,Active Listing,#REF!
la la land musical toy,CSTE_0043_MB_Lalaland_Brown,CSTE FK,Active,Active Listing,#REF!
CSTE006,CSTE_0043_MB_Lalaland_Brown,CSTE MEESHO,In Progress,,
Cxcd8CL4,CSTE_0043_MB_Lalaland_Brown,CSTE MEESHO,In Progress,,
lalaland_brown,CSTE_0043_MB_Lalaland_Brown,Rudrav Meesho,In Progress,,
La_Vien_Rose_Picture_fba,CSTE_0044_MB_LaVienRose_Black,CSTE AMAZON,Inactive,Deleted,
lavien black,CSTE_0044_MB_LaVienRose_Black,CSTE AMAZON,Active,Active Listing,#REF!
La_Vien_Rose_Picture,CSTE_0044_MB_LaVienRose_Black,CSTE AMAZON,Active,Active Listing,#REF!
LAVIENROSE_BLACK,CSTE_0044_MB_LaVienRose_Black,GL FK,Active,Active Listing,#REF!
la_vien_ros_black,CSTE_0044_MB_LaVienRose_Black,GL FK,Active,Active Listing,#REF!
CSTE_0044_MB_LaVienRose_Black,CSTE_0044_MB_LaVienRose_Black,CSTE FK,Active,Active Listing,#REF!
La Vie En Rose MB-Black,CSTE_0044_MB_LaVienRose_Black,CSTE MEESHO,Active,,#REF!
MB_LaVien_Rose_BLK,CSTE_0044_MB_LaVienRose_Black,Rudrav Meesho,In Progress,,
la_vie_en_rose_fba,CSTE_0045_MB_LavienRose_Brown,CSTE AMAZON,Active,Active Listing,#REF!
lavien_Rose_Brown,CSTE_0045_MB_LavienRose_Brown,CSTE AMAZON,Active,Active Listing,#REF!
MB_LAVAEROSE_BROWN,CSTE_0045_MB_LavienRose_Brown,GL FK,Active,Active Listing,#REF!
Brown-La-Vie-Rose-Brown,CSTE_0045_MB_LavienRose_Brown,CSTE FK,Active,Active Listing,#REF!
HOC_Brown-La-Vie-Rose-Brown,CSTE_0045_MB_LavienRose_Brown,CSTE FK,Active,,#REF!
69UfqNAh,CSTE_0045_MB_LavienRose_Brown,CSTE MEESHO,Active,,#REF!
EIR-DXCg,CSTE_0045_MB_LavienRose_Brown,CSTE MEESHO,Active,,#REF!
CSTE003,CSTE_0045_MB_LavienRose_Brown,CSTE MEESHO,Active,,#REF!
CSTE_0044_MB_LaVienRose_Black,CSTE_0045_MB_LavienRose_Brown,Rudrav Meesho,In Progress,,
MB_LaVien_Rose_brown,CSTE_0045_MB_LavienRose_Brown,Rudrav Meesho,In Progress,,
let it go black,CSTE_0046_MB_LetItGo_Black,CSTE AMAZON,Active,Active Listing,#REF!
MB_LetItGo_Black,CSTE_0046_MB_LetItGo_Black,GL FK,Active,Active Listing,#REF!
FK- MUSIC BOX LET IT GO FROZEN BLACK,CSTE_0046_MB_LetItGo_Black,CSTE FK,Active,Active Listing,#REF!
LetItGo_Black,CSTE_0046_MB_LetItGo_Black,Rudrav Meesho,In Progress,,
M8wP5E--,CSTE_0046_MB_LetItGo_Black,CSTE MEESHO,In Progress,,
LET_IT_GO_MUSICBOX,CSTE_0047_MB_LetItGo_Brown,CSTE AMAZON,Active,Active Listing,#REF!
Musicbox_lig,CSTE_0047_MB_LetItGo_Brown,CSTE AMAZON,Active,Active Listing,#REF!
MB_letitgo_brown,CSTE_0047_MB_LetItGo_Brown,GL FK,Active,Active Listing,#REF!
MB_LETITGO_BROWN,CSTE_0047_MB_LetItGo_Brown,GL FK,Active,Active Listing,#REF!
Let it Go Musical toy,CSTE_0047_MB_LetItGo_Brown,CSTE FK,Active,Active Listing,#REF!
CSTE_0047_MB_LetItGo_Brown08,CSTE_0047_MB_LetItGo_Brown,CSTE FK,Active,Active Listing,#REF!
CSTE_0047_MB_LetItGo_Brown04,CSTE_0047_MB_LetItGo_Brown,CSTE FK,Active,Active Listing,#REF!
CSTE_0047_MB_LetItGo_Brown03,CSTE_0047_MB_LetItGo_Brown,CSTE FK,Active,Active Listing,#REF!
CSTE_0047_MB_LetItGo_Brown10,CSTE_0047_MB_LetItGo_Brown,CSTE FK,Active,Active Listing,#REF!
CSTE005,CSTE_0047_MB_LetItGo_Brown,CSTE MEESHO,Active,,#REF!
letitgo_brown,CSTE_0047_MB_LetItGo_Brown,Rudrav Meesho,Active,,#REF!
CSTE044,CSTE_0047_MB_LetItGo_Brown,CSTE MEESHO,In Progress,,
letitgo-brown,CSTE_0047_MB_LetItGo_Brown,Rudrav Meesho,In Progress,,
twinkle little star+hb pink,CSTE_0048_MB_LittleStar_Brown,CSTE AMAZON,Inactive,Deleted,
Musicbox_lsb,CSTE_0048_MB_LittleStar_Brown,CSTE AMAZON,Active,Active Listing,#REF!
twinkle_FBA,CSTE_0048_MB_LittleStar_Brown,CSTE AMAZON,Active,Active Listing,#REF!
MB_LittleStar_Brown,CSTE_0048_MB_LittleStar_Brown,GL FK,Active,Active Listing,#REF!
Brown-Little-Star,CSTE_0048_MB_LittleStar_Brown,CSTE FK,Active,Active Listing,#REF!
WseSxmAn,CSTE_0048_MB_LittleStar_Brown,CSTE MEESHO,Active,,#REF!
MB_twinkle_littel_Star_brown,CSTE_0048_MB_LittleStar_Brown,Rudrav Meesho,Active,,#REF!
MB_Littlestar_BrownUnicorn,CSTE_0049_MB_Littlestar_BrownUnicorn,CSTE AMAZON,Active,Active Listing,#REF!
UNICORN TTL_STAR,CSTE_0049_MB_Littlestar_BrownUnicorn,GL FK,Active,Active Listing,#REF!
CSTE046,CSTE_0049_MB_Littlestar_BrownUnicorn,CSTE MEESHO,In Progress,,
MB_Unicorn_twinkle_littel_Star_brown,CSTE_0049_MB_Littlestar_BrownUnicorn,Rudrav Meesho,In Progress,,
TT LITTLE STAR_UNICORN,CSTE_0049_MB_Littlestar_BrownUnicorn,CSTE MEESHO,In Progress,,
Musicbox_ppb,CSTE_0050_MB_PinkPanther_Brown,CSTE AMAZON,Active,Active Listing,#REF!
MB_PINK PANTHER_BROWN,CSTE_0050_MB_PinkPanther_Brown,GL FK,Active,Active Listing,#REF!
Music Box/12,CSTE_0050_MB_PinkPanther_Brown,CSTE FK,Active,Active Listing,#REF!
CSTE045,CSTE_0050_MB_PinkPanther_Brown,CSTE MEESHO,In Progress,,
MB_PinkPanther_Brown,CSTE_0050_MB_PinkPanther_Brown,Rudrav Meesho,In Progress,,
PINKPANTHER_BROWN,CSTE_0050_MB_PinkPanther_Brown,CSTE MEESHO,In Progress,,
Pink Panther Black,CSTE_0051_MB_PinkPanther_Black,CSTE AMAZON,Inactive,Deleted,
Musicbox_ppbl,CSTE_0051_MB_PinkPanther_Black,CSTE AMAZON,Inactive,Deleted,
hb pink+pink panther black,CSTE_0051_MB_PinkPanther_Black,CSTE AMAZON,Inactive,Deleted,
twinkle little star+pink panther black,CSTE_0051_MB_PinkPanther_Black,CSTE AMAZON,Inactive,Deleted,
Pink Panther,CSTE_0051_MB_PinkPanther_Black,CSTE AMAZON,Active,Active Listing,#REF!
MB_PP_BLACK,CSTE_0051_MB_PinkPanther_Black,GL FK,Active,Active Listing,#REF!
Pink Panther Musical Toy,CSTE_0051_MB_PinkPanther_Black,CSTE FK,Active,Active Listing,#REF!
MB_PinkPanther_BLK,CSTE_0051_MB_PinkPanther_Black,Rudrav Meesho,In Progress,,
pFGRjtKW,CSTE_0051_MB_PinkPanther_Black,CSTE MEESHO,In Progress,,
PINK PANTHER_BLACK,CSTE_0051_MB_PinkPanther_Black,CSTE MEESHO,In Progress,,
CSTE_0052_MB_PiratesofCarribean_Black,CSTE_0052_MB_PiratesofCarribean_Black,CSTE AMAZON,Active,Active Listing,#REF!
CSTE_0260_MB_Pirate_DavyJones,CSTE_0052_MB_PiratesofCarribean_Black,CSTE AMAZON,Active,Active Listing,#REF!
MB_PiratesofCarribean_Black,CSTE_0052_MB_PiratesofCarribean_Black,GL FK,Active,Active Listing,#REF!
Pirates of The Caribbean_BLACK,CSTE_0052_MB_PiratesofCarribean_Black,CSTE FK,Active,Active Listing,#REF!
MusicBox_Pirates(Black),CSTE_0052_MB_PiratesofCarribean_Black,CSTE FK,Active,Active Listing,#REF!
Pirates of The Caribbean_BLACK,CSTE_0052_MB_PiratesofCarribean_Black,CSTE MEESHO,Active,,#REF!
MB_PiratesofCarribean_BLK,CSTE_0052_MB_PiratesofCarribean_Black,Rudrav Meesho,Active,,#REF!
HOC_Pirates of The Caribbean_BLACK,CSTE_0052_MB_PiratesofCarribean_Black,CSTE FK,Active,,#REF!
Pirates of the Caribbean,CSTE_0053_MB_PiratesofCarribean_Brown,CSTE AMAZON,Active,Active Listing,#REF!
MB_PiratesofCarribean_Brown,CSTE_0053_MB_PiratesofCarribean_Brown,GL FK,Active,Active Listing,#REF!
Caribbean-Pirates,CSTE_0053_MB_PiratesofCarribean_Brown,CSTE FK,Active,Active Listing,#REF!
MB_Diya Jones_Brown,CSTE_0053_MB_PiratesofCarribean_Brown,GL FK,Active,Active Listing,#REF!
HOC_Caribbean-Pirates,CSTE_0053_MB_PiratesofCarribean_Brown,CSTE FK,Active,,#REF!
Pirates of The Caribbean_BROWN,CSTE_0053_MB_PiratesofCarribean_Brown,CSTE MEESHO,Active,,#REF!
CSTE032,CSTE_0053_MB_PiratesofCarribean_Brown,CSTE MEESHO,Active,,#REF!
MB_PiratesofCarribean_Brown,CSTE_0053_MB_PiratesofCarribean_Brown,Rudrav Meesho,Active,,#REF!
CSTE_0052_MB_PiratesofCarribean_Black,CSTE_0053_MB_PiratesofCarribean_Brown,Rudrav Meesho,In Progress,,
8,CSTE_0054_MB_Starwar_Black,CSTE MEESHO,In Progress,,
beauty+starwars-black,CSTE_0054_MB_Starwar_Black,CSTE AMAZON,Inactive,Deleted,
beauty+starwars-blue,CSTE_0054_MB_Starwar_Black,CSTE AMAZON,Inactive,Deleted,
hbd black+star wars,CSTE_0054_MB_Starwar_Black,CSTE AMAZON,Inactive,Deleted,
starwars_black_fba,CSTE_0054_MB_Starwar_Black,CSTE AMAZON,Active,Active Listing,#REF!
Star Wars_Black Musical Toy,CSTE_0054_MB_Starwar_Black,CSTE FK,Active,Active Listing,#REF!
music_box,CSTE_0054_MB_Starwar_Black,CSTE FK,Active,Active Listing,#REF!
MB_StarWars_|BLK,CSTE_0054_MB_Starwar_Black,Rudrav Meesho,Active,,#REF!
7L8O-TOP,CSTE_0054_MB_Starwar_Black,CSTE MEESHO,In Progress,,
CSTE048,CSTE_0055_MB_Starwar_Brown,CSTE MEESHO,In Progress,,
Starwar_Brown,CSTE_0055_MB_Starwar_Brown,Rudrav Meesho,In Progress,,
cj-war-blue,CSTE_0056_MB_Starwar_Blue,CSTE AMAZON,Inactive,Deleted,
MB_StarWar_Blue_flex,CSTE_0056_MB_Starwar_Blue,CSTE AMAZON,Inactive,Deleted,
MB_StarWars_Blue,CSTE_0056_MB_Starwar_Blue,GL FK,Active,Active Listing,#REF!
Blue-Star-War,CSTE_0056_MB_Starwar_Blue,CSTE FK,Active,Active Listing,#REF!
STAR WAR_BLUE,CSTE_0056_MB_Starwar_Blue,CSTE FK,Active,Active Listing,#REF!
MB_StarwarYoda_brown,CSTE_0056_MB_Starwar_Blue,GL FK,Active,Active Listing,#REF!
STARWAR_BLUE,CSTE_0056_MB_Starwar_Blue,GL FK,Active,Active Listing,#REF!
CSTE047,CSTE_0056_MB_Starwar_Blue,CSTE MEESHO,In Progress,,
MB_StarWars_blue,CSTE_0056_MB_Starwar_Blue,Rudrav Meesho,In Progress,,
PU-32IX-AO3H,CSTE_0057_MB_ToMyWife_Brown,CSTE AMAZON,Active,Active Listing,#REF!
BraveWife,CSTE_0057_MB_ToMyWife_Brown,CSTE AMAZON,Active,Active Listing,#REF!
cj-sunshine-wife,CSTE_0057_MB_ToMyWife_Brown,CSTE AMAZON,Active,Active Listing,#REF!
TO_MY_WIFE-BROWN_1,CSTE_0057_MB_ToMyWife_Brown,GL FK,Active,Active Listing,#REF!
Music Box/21,CSTE_0057_MB_ToMyWife_Brown,CSTE FK,Active,Active Listing,#REF!
MB_ToMyWife_brown,CSTE_0057_MB_ToMyWife_Brown,Rudrav Meesho,In Progress,,
Musicbox,CSTE_0057_MB_ToMyWife_Brown,Rudrav Meesho,In Progress,,
MB_tomywife_pinkteddy_combo,CSTE_0058_MB_ToMyWife_BrownWithPhoto,CSTE AMAZON,Inactive,Deleted,
CSTE_0058_MB_ToMyWife_BrownWithPhoto,CSTE_0058_MB_ToMyWife_BrownWithPhoto,CSTE AMAZON,Active,Active Listing,#REF!
MB_TOMYWIFE_IMAGE,CSTE_0058_MB_ToMyWife_BrownWithPhoto,GL FK,Active,Active Listing,#REF!
TO MY WIFE WITH PHOTO_BROWN,CSTE_0058_MB_ToMyWife_BrownWithPhoto,CSTE FK,Active,Active Listing,#REF!
HOC_TO MY WIFE WITH PHOTO_BROWN,CSTE_0058_MB_ToMyWife_BrownWithPhoto,CSTE FK,Active,,#REF!
CSTE033,CSTE_0058_MB_ToMyWife_BrownWithPhoto,CSTE MEESHO,In Progress,,
MB_ToMyWife_images_brown,CSTE_0058_MB_ToMyWife_BrownWithPhoto,Rudrav Meesho,In Progress,,
R_EDUyhk,CSTE_0058_MB_ToMyWife_BrownWithPhoto,CSTE MEESHO,In Progress,,
TO MY WIFE IMAGE_BROWN,CSTE_0058_MB_ToMyWife_BrownWithPhoto,CSTE MEESHO,In Progress,,
MB_YouAreSunshine_Blk,CSTE_0059_MB_YouAreMySunshine_Black,GL FK,Active,Active Listing,#REF!
YOU ARE MY SUNSHINE_BLACK,CSTE_0059_MB_YouAreMySunshine_Black,CSTE FK,Active,Active Listing,#REF!
HOC_YOU ARE MY SUNSHINE_BLACK,CSTE_0059_MB_YouAreMySunshine_Black,CSTE FK,Active,,#REF!
YOU ARE MY SUNSHINE_BLACK,CSTE_0059_MB_YouAreMySunshine_Black,CSTE MEESHO,Active,,#REF!
YouAreMySunshineMusicBox-Black,CSTE_0059_MB_YouAreMySunshine_Black,CSTE MEESHO,Active,,#REF!
MB_YouAreSunshine_BLK,CSTE_0059_MB_YouAreMySunshine_Black,Rudrav Meesho,Active,,
cj-sunshine-sister,CSTE_0060_MB_YouAreMySunshine_Brown,CSTE AMAZON,Inactive,Deleted,
Music_Box-Colour-Brown,CSTE_0060_MB_YouAreMySunshine_Brown,CSTE AMAZON,Inactive,Deleted,
MB-YRMS-Brown,CSTE_0060_MB_YouAreMySunshine_Brown,CSTE AMAZON,Inactive,Deleted,
hbd black+sunshine,CSTE_0060_MB_YouAreMySunshine_Brown,CSTE AMAZON,Inactive,Deleted,
YMS-01,CSTE_0060_MB_YouAreMySunshine_Brown,CSTE AMAZON,Active,Active Listing,#REF!
You are my sunshine,CSTE_0060_MB_YouAreMySunshine_Brown,CSTE AMAZON,Active,Active Listing,#REF!
cj-sunshine-normal,CSTE_0060_MB_YouAreMySunshine_Brown,CSTE AMAZON,Active,Active Listing,#REF!
MB_YRMS_Flex,CSTE_0060_MB_YouAreMySunshine_Brown,CSTE AMAZON,Active,Active Listing,#REF!
ZC-VL5Y-FZQE,CSTE_0060_MB_YouAreMySunshine_Brown,CSTE AMAZON,Active,Active Listing,#REF!
Map_YOU_ARE_MY_SUNSHINE_BROWN,CSTE_0060_MB_YouAreMySunshine_Brown,GL FK,Active,Active Listing,#REF!
Map_You_are_My_Sunshine_Brown,CSTE_0060_MB_YouAreMySunshine_Brown,GL FK,Active,Active Listing,#REF!
MB_SUNSHINE_BROWN,CSTE_0060_MB_YouAreMySunshine_Brown,GL FK,Active,Active Listing,#REF!
Music Box/11,CSTE_0060_MB_YouAreMySunshine_Brown,CSTE FK,Active,Active Listing,#REF!
You-Are-My-Sunshine,CSTE_0060_MB_YouAreMySunshine_Brown,CSTE FK,Active,Active Listing,#REF!
Map_You_are_MY_Sunshine-Brown,CSTE_0060_MB_YouAreMySunshine_Brown,CSTE FK,Active,Active Listing,#REF!
YOU ARE MY SUNSHINE SUN_BROWN,CSTE_0060_MB_YouAreMySunshine_Brown,CSTE MEESHO,Active,,#REF!
YOU ARE MY SUNSHINE_BROWN,CSTE_0060_MB_YouAreMySunshine_Brown,CSTE MEESHO,Active,,#REF!
Dad,CSTE_0061_MB_ToMyDad_Brown,CSTE AMAZON,Active,Active Listing,#REF!
cj-sunshine-dad,CSTE_0061_MB_ToMyDad_Brown,CSTE AMAZON,Active,Active Listing,#REF!
MB_ToMyDad_Brown,CSTE_0061_MB_ToMyDad_Brown,GL FK,Active,Active Listing,#REF!
ToMyDad_Brown,CSTE_0061_MB_ToMyDad_Brown,CSTE FK,Active,Active Listing,#REF!
TO DAD_BROWN,CSTE_0061_MB_ToMyDad_Brown,CSTE MEESHO,In Progress,,
ToMyDad_Brown,CSTE_0061_MB_ToMyDad_Brown,Rudrav Meesho,In Progress,,
6,CSTE_0062_MB_ToMyMom_Brown,CSTE MEESHO,In Progress,,
Mom,CSTE_0062_MB_ToMyMom_Brown,CSTE AMAZON,Active,Active Listing,#REF!
to Mom_mb map,CSTE_0062_MB_ToMyMom_Brown,CSTE AMAZON,Active,Active Listing,#REF!
mb_mom _white,CSTE_0062_MB_ToMyMom_Brown,GL FK,Active,Active Listing,#REF!
MB_ToMyMom_Brown,CSTE_0062_MB_ToMyMom_Brown,GL FK,Active,Active Listing,#REF!
TO MOM _WHITE,CSTE_0062_MB_ToMyMom_Brown,CSTE FK,Active,Active Listing,#REF!
ToMyMom_Brown,CSTE_0062_MB_ToMyMom_Brown,CSTE FK,Active,Active Listing,#REF!
s1,CSTE_0062_MB_ToMyMom_Brown,CSTE MEESHO,In Progress,,
TO MOM_BROWN,CSTE_0062_MB_ToMyMom_Brown,CSTE MEESHO,In Progress,,
ToMyMom_Brown,CSTE_0062_MB_ToMyMom_Brown,Rudrav Meesho,In Progress,,
Sisters,CSTE_0063_MB_SisterAreLikeStars_Brown,CSTE AMAZON,Active,Active Listing,#REF!
MB-SRLS-Brown,CSTE_0063_MB_SisterAreLikeStars_Brown,CSTE AMAZON,Active,Active Listing,#REF!
MB-Sisters-Brown,CSTE_0063_MB_SisterAreLikeStars_Brown,CSTE AMAZON,Active,Active Listing,#REF!
FK- BEST SISTER MUSIC BOX BROWN -GIFT FOR SIBLINGS,CSTE_0063_MB_SisterAreLikeStars_Brown,CSTE FK,Active,Active Listing,#REF!
FK- MUSIC BOX FOR SISTER BROWN -BEST SISTER GIFTS,CSTE_0063_MB_SisterAreLikeStars_Brown,CSTE FK,Active,Active Listing,#REF!
CSTE035,CSTE_0063_MB_SisterAreLikeStars_Brown,CSTE MEESHO,In Progress,,
MB_Sisterlike_Astar_brown,CSTE_0063_MB_SisterAreLikeStars_Brown,Rudrav Meesho,In Progress,,
TO SISTER_BROWN,CSTE_0063_MB_SisterAreLikeStars_Brown,CSTE MEESHO,In Progress,,
32825601,CSTE_0064_MB_YouAreMySunshineSon_White,Rudrav Meesho,In Progress,,
MB_YouAreMySunshineSon_White,CSTE_0064_MB_YouAreMySunshineSon_White,GL FK,Active,Active Listing,#REF!
YMS-02,CSTE_0065_MB_YouAreMySunshine_AutoBrown,CSTE AMAZON,Inactive,Deleted,
MB-YRMS auto-Brown,CSTE_0065_MB_YouAreMySunshine_AutoBrown,CSTE AMAZON,Active,Active Listing,#REF!
You-Are-MY-Sunshine-Auto,CSTE_0065_MB_YouAreMySunshine_AutoBrown,CSTE FK,Active,Active Listing,#REF!
Auto_youAreSunshine_brown,CSTE_0065_MB_YouAreMySunshine_AutoBrown,Rudrav Meesho,In Progress,,
CSTE019,CSTE_0065_MB_YouAreMySunshine_AutoBrown,CSTE MEESHO,In Progress,,
YouAreMySunshine_AutoBrown,CSTE_0065_MB_YouAreMySunshine_AutoBrown,CSTE MEESHO,In Progress,,
mb_zelda_black_fba,CSTE_0066_MB_Zelda_Black,CSTE AMAZON,Inactive,Deleted,
MB_ZELDA_BLACK,CSTE_0066_MB_Zelda_Black,GL FK,Active,Active Listing,#REF!
MB_ZELDA_BLACK,CSTE_0066_MB_Zelda_Black,CSTE FK,Active,Active Listing,#REF!
mb_zelda_black,CSTE_0066_MB_Zelda_Black,CSTE MEESHO,In Progress,,
MB_Zelda_BLK,CSTE_0066_MB_Zelda_Black,Rudrav Meesho,In Progress,,
ZELDA_BLACK,CSTE_0066_MB_Zelda_Black,CSTE MEESHO,In Progress,,
mb_zelda_brown,CSTE_0067_MB_Zelda_Brown,CSTE AMAZON,Inactive,Deleted,
CSTE_0067_MB_Zelda_Brown,CSTE_0067_MB_Zelda_Brown,CSTE AMAZON,Inactive,Deleted,
MB_Zelda_Brown,CSTE_0067_MB_Zelda_Brown,GL FK,Active,Active Listing,#REF!
ZELDA_BROWN,CSTE_0067_MB_Zelda_Brown,CSTE FK,Active,Active Listing,#REF!
MB_Zelda_Brown,CSTE_0067_MB_Zelda_Brown,Rudrav Meesho,In Progress,,
ZELDA_BROWN,CSTE_0067_MB_Zelda_Brown,CSTE MEESHO,In Progress,,
MB_Acrylic_Round,CSTE_0068_MB_Acrylic_Cirle,CSTE AMAZON,Inactive,Deleted,
MB_Acrylic_Round_fba,CSTE_0068_MB_Acrylic_Cirle,CSTE AMAZON,Active,Active Listing,#REF!
HBD-ACRYLIC_CIRCLE,CSTE_0068_MB_Acrylic_Cirle,CSTE FK,Active,Active Listing,#REF!
ACRYLIC_MB_CIRLCE,CSTE_0068_MB_Acrylic_Cirle,CSTE FK,Active,Active Listing,#REF!
Acrylic_Cirle_MB,CSTE_0068_MB_Acrylic_Cirle,GL FK,Active,Active Listing,#REF!
HBD CIRCLE_ACRYLIC,CSTE_0068_MB_Acrylic_Cirle,CSTE MEESHO,In Progress,,
MB_HBD_round_trans.t,CSTE_0068_MB_Acrylic_Cirle,Rudrav Meesho,In Progress,,
MB_Acrylic_Heart_fba,CSTE_0069_MB_Acrylic_Heart,CSTE AMAZON,Inactive,Deleted,
MB_AcrylicHeart,CSTE_0069_MB_Acrylic_Heart,CSTE AMAZON,Active,Active Listing,#REF!
heart shaped music box,CSTE_0069_MB_Acrylic_Heart,GL FK,Active,Active Listing,#REF!
MB_SUNSHINE_ACRYLIC,CSTE_0069_MB_Acrylic_Heart,CSTE FK,Active,Active Listing,#REF!
Acrylic_Heart_MB,CSTE_0069_MB_Acrylic_Heart,CSTE FK,Active,Active Listing,#REF!
MB_Acrylic_Heart,CSTE_0069_MB_Acrylic_Heart,GL FK,Active,Active Listing,#REF!
MB_Heart Acrylic_Heart,CSTE_0069_MB_Acrylic_Heart,Rudrav Meesho,Active,,#REF!
tG34A7h7,CSTE_0069_MB_Acrylic_Heart,Rudrav Meesho,In Progress,,
U2-JPF4-45Y0,CSTE_0070_MB_DragonBallZ_Red,CSTE AMAZON,Active,Active Listing,#REF!
Musicbox_db,CSTE_0070_MB_DragonBallZ_Red,CSTE AMAZON,Active,Active Listing,#REF!
MB-Dragon ballz-red_fba,CSTE_0070_MB_DragonBallZ_Red,CSTE AMAZON,Active,Active Listing,#REF!
Dbz_mb_flex,CSTE_0070_MB_DragonBallZ_Red,CSTE AMAZON,Active,Active Listing,#REF!
MB_DRAGONBALL_RED,CSTE_0070_MB_DragonBallZ_Red,GL FK,Active,Active Listing,#REF!
MB_DragonBallZ_Red,CSTE_0070_MB_DragonBallZ_Red,GL FK,Active,Active Listing,#REF!
DRAGON BALL_MB,CSTE_0070_MB_DragonBallZ_Red,GL FK,Active,Active Listing,#REF!
musicalbox-dragonball,CSTE_0070_MB_DragonBallZ_Red,CSTE FK,Active,Active Listing,#REF!
DRAGON_BALL_RED,CSTE_0070_MB_DragonBallZ_Red,Rudrav Meesho,Active,,#REF!
CantHelpFallinginLove_Brown_flex,CSTE_0071_MB_CantFallingInLove_Brown,CSTE AMAZON,Inactive,Deleted,
MB_CantFallingInLove_Brown,CSTE_0071_MB_CantFallingInLove_Brown,CSTE AMAZON,Active,Active Listing,#REF!
MB_CantFallingInLove_Brown,CSTE_0071_MB_CantFallingInLove_Brown,GL FK,Active,Active Listing,#REF!
MusicBox_Can'tHelpFallingInLoveBrown,CSTE_0071_MB_CantFallingInLove_Brown,CSTE FK,Active,Active Listing,#REF!
CAN'T HELP FALLING LOVE_BROWN,CSTE_0071_MB_CantFallingInLove_Brown,CSTE MEESHO,In Progress,,
CantFallingInLove_Brown,CSTE_0071_MB_CantFallingInLove_Brown,Rudrav Meesho,In Progress,,
CSTE_0072_MB_FlyMeToTheMoon_Brown,CSTE_0072_MB_FlyMeToTheMoon_Brown,CSTE AMAZON,Active,Active Listing,#REF!
Fly_Me_To_The_Moon_1,CSTE_0072_MB_FlyMeToTheMoon_Brown,GL FK,Active,Active Listing,#REF!
Music Box/14,CSTE_0072_MB_FlyMeToTheMoon_Brown,CSTE FK,Active,Active Listing,#REF!
MusicBox_FlyMeToTheMoon,CSTE_0072_MB_FlyMeToTheMoon_Brown,CSTE FK,Active,Active Listing,#REF!
fly me to the moon_brown,CSTE_0072_MB_FlyMeToTheMoon_Brown,CSTE MEESHO,In Progress,,
MB_FlyToMoon_brown,CSTE_0072_MB_FlyMeToTheMoon_Brown,Rudrav Meesho,In Progress,,
MB_ILYTM_Black,CSTE_0073_MB_ILoveToTheMoon_Black,CSTE AMAZON,Active,Active Listing,#REF!
MB_ILYTM_Black_fba,CSTE_0073_MB_ILoveToTheMoon_Black,CSTE AMAZON,Active,Active Listing,#REF!
MB_ILoveToTheMoon_Black,CSTE_0073_MB_ILoveToTheMoon_Black,GL FK,Active,Active Listing,#REF!
CSTE_0073_MB_ILoveToTheMoon_Black,CSTE_0073_MB_ILoveToTheMoon_Black,CSTE FK,Active,Active Listing,#REF!
I LOVE YOU TO THE MOON_BLACK,CSTE_0073_MB_ILoveToTheMoon_Black,CSTE MEESHO,In Progress,,
ILoveToTheMoon_Black,CSTE_0073_MB_ILoveToTheMoon_Black,Rudrav Meesho,In Progress,,
CSTE_0074_MB_Imagine_Brown,CSTE_0074_MB_Imagine_Brown,CSTE AMAZON,Active,Active Listing,#REF!
MB_Imagine_Brown,CSTE_0074_MB_Imagine_Brown,GL FK,Active,Active Listing,#REF!
Imagine_Music_Box,CSTE_0074_MB_Imagine_Brown,CSTE FK,Active,Active Listing,#REF!
MusicBox_Imagine,CSTE_0074_MB_Imagine_Brown,CSTE FK,Active,Active Listing,#REF!
IMAGINE_BROWN,CSTE_0074_MB_Imagine_Brown,CSTE MEESHO,Active,,#REF!
Musicbox_Imagine,CSTE_0074_MB_Imagine_Brown,CSTE MEESHO,Active,,#REF!
MB_Imagine_Brown,CSTE_0074_MB_Imagine_Brown,Rudrav Meesho,Active,,#REF!
MB_Amelie_fba,CSTE_0075_MB_Jesus_Brown,CSTE AMAZON,Inactive,Deleted,
MB_Jesus_Black_fba,CSTE_0075_MB_Jesus_Brown,CSTE AMAZON,Inactive,Deleted,
MB_JESUSLOVESME_BLACK,CSTE_0075_MB_Jesus_Brown,GL FK,Active,Active Listing,#REF!
Mb_Jesus,CSTE_0075_MB_Jesus_Brown,CSTE MEESHO,Active,,#REF!
MB_Jesus_Love_Me,CSTE_0075_MB_Jesus_Brown,CSTE MEESHO,In Progress,,
8Pic9h5J,CSTE_0077_MB_MerryChristmas_Brown,CSTE MEESHO,In Progress,,
MC1,CSTE_0077_MB_MerryChristmas_Brown,CSTE AMAZON,Active,Active Listing,#REF!
Merry Christmas-Mb-Brown,CSTE_0077_MB_MerryChristmas_Brown,CSTE AMAZON,Active,Active Listing,#REF!
merry christmas musical toy,CSTE_0077_MB_MerryChristmas_Brown,CSTE FK,Active,Active Listing,#REF!
F_merry christmas musical toy,CSTE_0077_MB_MerryChristmas_Brown,CSTE FK,Active,Active Listing,#REF!
MB_MerryChristmas_Brown,CSTE_0077_MB_MerryChristmas_Brown,GL FK,Active,Active Listing,#REF!
CSTE011,CSTE_0077_MB_MerryChristmas_Brown,CSTE MEESHO,Active,,#REF!
MB_Christmas_brown,CSTE_0077_MB_MerryChristmas_Brown,Rudrav Meesho,Active,,#REF!
CSTE_0078_MB_Naruto_Brown,CSTE_0078_MB_Naruto_Brown,CSTE AMAZON,Active,Active Listing,#REF!
MB_Naruto_Brown,CSTE_0078_MB_Naruto_Brown,GL FK,Active,Active Listing,#REF!
Brown-Naruto,CSTE_0078_MB_Naruto_Brown,CSTE FK,Active,Active Listing,#REF!
MusicBox_Naruto,CSTE_0078_MB_Naruto_Brown,CSTE FK,Active,Active Listing,#REF!
MB_Naruto_brown,CSTE_0078_MB_Naruto_Brown,Rudrav Meesho,In Progress,,
NARUTO_BROWN,CSTE_0078_MB_Naruto_Brown,CSTE MEESHO,In Progress,,
MB_Pooh_Black_fba,CSTE_0079_MB_Pooh_Black,CSTE AMAZON,Inactive,Deleted,
MB_POOH_Brown_fba,CSTE_0080_MB_Pooh_Brown,CSTE AMAZON,Inactive,Deleted,
MB_Pooh_Photo_Brown_fba,CSTE_0080_MB_Pooh_Brown,CSTE AMAZON,Inactive,Deleted,
CSTE_0080_MB_Pooh_Brown,CSTE_0080_MB_Pooh_Brown,CSTE AMAZON,Active,Active Listing,#REF!
MB_POOH_BROWN,CSTE_0080_MB_Pooh_Brown,GL FK,Active,Active Listing,#REF!
MB_POOH_BROWN,CSTE_0080_MB_Pooh_Brown,CSTE FK,Active,Active Listing,#REF!
kFsH0YsR,CSTE_0080_MB_Pooh_Brown,CSTE MEESHO,In Progress,,
MB_Pooh_brown,CSTE_0080_MB_Pooh_Brown,Rudrav Meesho,In Progress,,
MB_POOHCLEARPHOTO_BROWN,CSTE_0081_MB_Pooh_BrownWithPhoto,CSTE FK,Active,Active Listing,#REF!
MusicBox_WwinnieThePooh,CSTE_0081_MB_Pooh_BrownWithPhoto,CSTE FK,Active,Active Listing,#REF!
POOH IMAGES_BROWN,CSTE_0081_MB_Pooh_BrownWithPhoto,CSTE MEESHO,In Progress,,
pooh_clearphoto,CSTE_0081_MB_Pooh_BrownWithPhoto,Rudrav Meesho,In Progress,,
MusicBox_Queen,CSTE_0082_MB_Queen_Brown,CSTE FK,Active,Active Listing,#REF!
HOC_MusicBox_Queen,CSTE_0082_MB_Queen_Brown,CSTE FK,Active,,#REF!
QUEEN_BROWN,CSTE_0082_MB_Queen_Brown,CSTE MEESHO,In Progress,,
TS-ANUI-9SAN,CSTE_0083_MB_Simpsons_Brown,CSTE AMAZON,Active,Active Listing,#REF!
YB-0S1H-7OQ2,CSTE_0083_MB_Simpsons_Brown,CSTE AMAZON,Active,Active Listing,#REF!
CSTE_0083_MB_Simpsons_Brown,CSTE_0083_MB_Simpsons_Brown,CSTE AMAZON,Active,Active Listing,#REF!
MB_Simpsons_Brown,CSTE_0083_MB_Simpsons_Brown,GL FK,Active,Active Listing,#REF!
Simpsons_Music_Box_Brown,CSTE_0083_MB_Simpsons_Brown,CSTE FK,Active,Active Listing,#REF!
Simpson_mb,CSTE_0083_MB_Simpsons_Brown,CSTE MEESHO,Active,,#REF!
HOC_Simpsons_Music_Box_Brown,CSTE_0083_MB_Simpsons_Brown,CSTE FK,Active,,#REF!
NIeZNhJ5,CSTE_0083_MB_Simpsons_Brown,CSTE MEESHO,Active,,#REF!
MB_Simpsons_brown,CSTE_0083_MB_Simpsons_Brown,Rudrav Meesho,In Progress,,
MB_Spirited_Away_Black_fba,CSTE_0084_MB_Spirated_Black,CSTE AMAZON,Active,Active Listing,#REF!
Music Box/26,CSTE_0084_MB_Spirated_Black,CSTE FK,Active,Active Listing,#REF!
MB_SPIRATED_BLACK,CSTE_0084_MB_Spirated_Black,GL FK,Active,Active Listing,#REF!
HOC_CSTE_0084_MB_Spirated_Black,CSTE_0084_MB_Spirated_Black,CSTE FK,Active,Active Listing,#REF!
MB_SPIRITED_BLACK,CSTE_0084_MB_Spirated_Black,CSTE FK,Active,Active Listing,#REF!
MB_Spirated_Black,CSTE_0084_MB_Spirated_Black,Rudrav Meesho,In Progress,,
SPRITED_BLACK,CSTE_0084_MB_Spirated_Black,CSTE MEESHO,In Progress,,
MB_Titanic_Brown,CSTE_0085_MB_Titanic_Brown,CSTE AMAZON,Inactive,Deleted,
MB_Titanic_Brown_fba,CSTE_0085_MB_Titanic_Brown,CSTE AMAZON,Active,Active Listing,#REF!
MB_Titanic_Brown,CSTE_0085_MB_Titanic_Brown,GL FK,Active,Active Listing,#REF!
CSTE_0085_MB_Titanic_Brown,CSTE_0085_MB_Titanic_Brown,CSTE FK,Active,Active Listing,#REF!
HOC_CSTE_0085_MB_Titanic_Brown,CSTE_0085_MB_Titanic_Brown,CSTE FK,Active,Active Listing,#REF!
TitanicMB-Brown,CSTE_0085_MB_Titanic_Brown,CSTE MEESHO,Active,,#REF!
Titanic_Brown,CSTE_0085_MB_Titanic_Brown,Rudrav Meesho,Active,,#REF!
MB_PromiseNeverLand_Brown,CSTE_0087_MB_PromiseNeverLand_Brown,CSTE AMAZON,Active,Active Listing,#REF!
PromiseNeverLand_Brown,CSTE_0087_MB_PromiseNeverLand_Brown,CSTE FK,Active,Active Listing,#REF!
PromiseNeverLand_Brown,CSTE_0087_MB_PromiseNeverLand_Brown,Rudrav Meesho,In Progress,,
THE PROMISED NEVERLAND_BROWN,CSTE_0087_MB_PromiseNeverLand_Brown,CSTE MEESHO,In Progress,,
CSTE_0088_MB_Queen_Black,CSTE_0088_MB_Queen_Black,CSTE AMAZON,Active,Active Listing,#REF!
MB_Queen_Black,CSTE_0088_MB_Queen_Black,GL FK,Active,Active Listing,#REF!
MB_Queen_Black,CSTE_0088_MB_Queen_Black,CSTE FK,Active,Active Listing,#REF!
MB_Queen_black,CSTE_0088_MB_Queen_Black,Rudrav Meesho,In Progress,,
brown_beatles_FBA,CSTE_0089_MB_Beatles4Head_,CSTE AMAZON,Active,Active Listing,#REF!
Beatles brown,CSTE_0089_MB_Beatles4Head_,CSTE AMAZON,Active,Active Listing,#REF!
AH-3FEE-QTS6,CSTE_0089_MB_Beatles4Head_,CSTE AMAZON,Active,Active Listing,#REF!
Beatles brown 2,CSTE_0089_MB_Beatles4Head_,CSTE AMAZON,Active,Active Listing,#REF!
MB-Beatles music box-brown-fba,CSTE_0089_MB_Beatles4Head_,CSTE AMAZON,Active,Active Listing,#REF!
Four-Head-Brown-Beatles,CSTE_0089_MB_Beatles4Head_,CSTE FK,Active,Active Listing,#REF!
MB_Beatles4Head_brown,CSTE_0089_MB_Beatles4Head_,GL FK,Active,Active Listing,#REF!
HOC_Four-Head-Brown-Beatles,CSTE_0089_MB_Beatles4Head_,CSTE FK,Active,,#REF!
Beatels 4 Head Music Box-Brown,CSTE_0089_MB_Beatles4Head_,CSTE MEESHO,Active,,#REF!
MB_Beatles4Head_brown,CSTE_0089_MB_Beatles4Head_,Rudrav Meesho,In Progress,,
MB_Narruto_AllCharacter,CSTE_0090_MB_Narruto_AllCharacter,CSTE AMAZON,Inactive,Deleted,
Narruto_AllCharacter,CSTE_0090_MB_Narruto_AllCharacter,CSTE FK,Active,Active Listing,#REF!
MB_Narruto_AllCharacter,CSTE_0090_MB_Narruto_AllCharacter,GL FK,Active,Active Listing,#REF!
MB_Narruto_AllCharacter,CSTE_0090_MB_Narruto_AllCharacter,Rudrav Meesho,In Progress,,
NARUTO ALL CARECTER PHOTO_BROWN,CSTE_0090_MB_Narruto_AllCharacter,CSTE MEESHO,In Progress,,
cj-war-yoda,CSTE_0091_MB_Starwar_Yoda,CSTE AMAZON,Inactive,Deleted,
Star Wars Yoda,CSTE_0091_MB_Starwar_Yoda,CSTE AMAZON,Inactive,Deleted,
FK- STAR WARS YODA MUSIC BOX BROWN,CSTE_0091_MB_Starwar_Yoda,CSTE FK,Active,Active Listing,#REF!
MB_StarWarsYoda_brown,CSTE_0091_MB_Starwar_Yoda,Rudrav Meesho,In Progress,,
MB_Totro_Chinese,CSTE_0092_MB_Totro_Chinese,CSTE AMAZON,Inactive,Deleted,
MB_Totro_Chineses,CSTE_0092_MB_Totro_Chinese,GL FK,Active,Active Listing,#REF!
Totro_Chinese,CSTE_0092_MB_Totro_Chinese,CSTE FK,Active,Active Listing,#REF!
MB_Totro_Chinese,CSTE_0092_MB_Totro_Chinese,Rudrav Meesho,In Progress,,
Unicorn Neck Pillow Blue,CSTE_0093_ST_Unicorn_NP_Blue,CSTE AMAZON,Active,Active Listing,#REF!
Unicorn-Neck-Pillow-blue,CSTE_0093_ST_Unicorn_NP_Blue,CSTE AMAZON,Active,Active Listing,#REF!
unicornblue_neckpillowsmap,CSTE_0093_ST_Unicorn_NP_Blue,GL FK,Active,Active Listing,#REF!
unicorn_np_blue_1,CSTE_0093_ST_Unicorn_NP_Blue,GL FK,Active,Active Listing,#REF!
Unicorn_NP_Blue,CSTE_0093_ST_Unicorn_NP_Blue,CSTE FK,Active,Active Listing,#REF!
neck_pillowblue_map,CSTE_0093_ST_Unicorn_NP_Blue,GL FK,Active,Active Listing,#REF!
UNICORN_NP_BLUE,CSTE_0093_ST_Unicorn_NP_Blue,GL FK,Active,Active Listing,#REF!
CSTE_0093_ST_Unicorn_NP_Blue,CSTE_0093_ST_Unicorn_NP_Blue,CSTE MEESHO,In Progress,,
CSTE219,CSTE_0093_ST_Unicorn_NP_Blue,CSTE MEESHO,In Progress,,
Unicorn Neck Pillow New-blue,CSTE_0093_ST_Unicorn_NP_Blue,CSTE MEESHO,In Progress,,
Unicorn Neck Pillow-Blue,CSTE_0093_ST_Unicorn_NP_Blue,CSTE MEESHO,In Progress,,
UNICORN_NP_BLUE,CSTE_0093_ST_Unicorn_NP_Blue,Rudrav Meesho,In Progress,,
Purple_Uni_NP,CSTE_0094_ST_Unicorn_NP_Purple,CSTE AMAZON,Inactive,Deleted,
Unicorn Neck Pillow Purple,CSTE_0094_ST_Unicorn_NP_Purple,CSTE AMAZON,Active,Active Listing,#REF!
unicorn_np_purple_1,CSTE_0094_ST_Unicorn_NP_Purple,GL FK,Active,Active Listing,#REF!
"CAAJU-CA-Unicorn-N,P",CSTE_0094_ST_Unicorn_NP_Purple,CSTE FK,Active,Active Listing,#REF!
UNICORN_NP_PURPLE,CSTE_0094_ST_Unicorn_NP_Purple,GL FK,Active,Active Listing,#REF!
CSTE_0094_ST_Unicorn_NP_Purple,CSTE_0094_ST_Unicorn_NP_Purple,CSTE MEESHO,In Progress,,
Unicorn Neck Pillow-Purple,CSTE_0094_ST_Unicorn_NP_Purple,CSTE MEESHO,In Progress,,
UNICORN_NP_PURPLE,CSTE_0094_ST_Unicorn_NP_Purple,Rudrav Meesho,In Progress,,
unicorn_pillow_blue,CSTE_0094_ST_Unicorn_NP_Purple,Rudrav Meesho,In Progress,,
Unicorn Neck Pillow pink,CSTE_0095_ST_Unicorn_NP_Pink,CSTE AMAZON,Inactive,Deleted,
map_pink_neck_pillow_2,CSTE_0095_ST_Unicorn_NP_Pink,CSTE AMAZON,Inactive,Deleted,
FS-Unicorn-Neck-Pillow-pink,CSTE_0095_ST_Unicorn_NP_Pink,CSTE AMAZON,Active,Active Listing,#REF!
Pink_Uni_NP,CSTE_0095_ST_Unicorn_NP_Pink,CSTE AMAZON,Active,Active Listing,#REF!
UNICORN_NP_PINK,CSTE_0095_ST_Unicorn_NP_Pink,GL FK,Active,Active Listing,#REF!
unicorn_np_pink_1,CSTE_0095_ST_Unicorn_NP_Pink,GL FK,Active,Active Listing,#REF!
map_unicorn_pink,CSTE_0095_ST_Unicorn_NP_Pink,GL FK,Active,Active Listing,#REF!
cj-Unicorn Neck Pillow for Airplane Travel,CSTE_0095_ST_Unicorn_NP_Pink,CSTE FK,Active,Active Listing,#REF!
CSTE_0095_ST_Unicorn_NP_Pink,CSTE_0095_ST_Unicorn_NP_Pink,CSTE MEESHO,In Progress,,
UNICORN_NECK PILLOW,CSTE_0095_ST_Unicorn_NP_Pink,CSTE MEESHO,In Progress,,
UNICORN_NP_PINK,CSTE_0095_ST_Unicorn_NP_Pink,Rudrav Meesho,In Progress,,
chimmy_np,CSTE_0096_ST_Bts_NP_Chimmy,GL FK,Active,Active Listing,#REF!
cooky_np_1,CSTE_0097_ST_Bts_NP_Cooky,GL FK,Active,Active Listing,#REF!
BTS_Character_Neck_Pillow_PINK,CSTE_0097_ST_Bts_NP_Cooky,CSTE FK,Active,Active Listing,#REF!
COOKY NECK PILLOW_PINK,CSTE_0097_ST_Bts_NP_Cooky,CSTE MEESHO,Active,,#REF!
cooky_np,CSTE_0097_ST_Bts_NP_Cooky,GL FK,Active,Active Listing,#REF!
Cooky Bts Neck Pillow-Pink,CSTE_0097_ST_Bts_NP_Cooky,CSTE MEESHO,Active,,#REF!
Pillow_cooky_NP,CSTE_0097_ST_Bts_NP_Cooky,Rudrav Meesho,Active,,#REF!
NP_KOYA(BLUE),CSTE_0098_ST_Bts_NP_Koya,CSTE AMAZON,Active,Active Listing,#REF!
Pillow_Koya_NP,CSTE_0098_ST_Bts_NP_Koya,Rudrav Meesho,Active,,#REF!
KOYA NECK PILLOW_BLUE,CSTE_0098_ST_Bts_NP_Koya,CSTE MEESHO,In Progress,,
NP_TATA(RED),CSTE_0099_ST_Bts_NP_Tata,CSTE AMAZON,Active,Active Listing,#REF!
tata_np,CSTE_0099_ST_Bts_NP_Tata,GL FK,Active,Active Listing,#REF!
tata_np_1,CSTE_0099_ST_Bts_NP_Tata,GL FK,Active,Active Listing,#REF!
BTS_Character_Neck_Pillow_RED,CSTE_0099_ST_Bts_NP_Tata,CSTE FK,Active,Active Listing,#REF!
TATA NECK PILLOW_RED,CSTE_0099_ST_Bts_NP_Tata,CSTE MEESHO,Active,,#REF!
Pillow_Tata_NP,CSTE_0099_ST_Bts_NP_Tata,Rudrav Meesho,In Progress,,
32434609,CSTE_0100_HD_Rug_CircleFurmat_Black,Rudrav Meesho,In Progress,,
BLACK ROUND_RUG,CSTE_0100_HD_Rug_CircleFurmat_Black,CSTE MEESHO,In Progress,,
White_FurNew_Black,CSTE_0100_HD_Rug_CircleFurmat_Black,CSTE AMAZON,Inactive,Deleted,
RUG-BLACK,CSTE_0100_HD_Rug_CircleFurmat_Black,CSTE AMAZON,Active,Active Listing,#REF!
Mat_For_Mat,CSTE_0100_HD_Rug_CircleFurmat_Black,GL FK,Active,Active Listing,#REF!
Rudrav_Fur Black Round Area Rug Indoor Carpet Ultra Soft Fluffy,CSTE_0100_HD_Rug_CircleFurmat_Black,GL FK,Active,Active Listing,#REF!
Mat_For_Pet,CSTE_0100_HD_Rug_CircleFurmat_Black,CSTE FK,Active,Active Listing,#REF!
2J_VLjSH,CSTE_0101_HD_Rug_SquareFurmat_Black,CSTE MEESHO,In Progress,,
4YyV3r_1,CSTE_0101_HD_Rug_SquareFurmat_Black,Rudrav Meesho,In Progress,,
Square_FurMat_Black_fba,CSTE_0101_HD_Rug_SquareFurmat_Black,CSTE AMAZON,Inactive,Deleted,
32856410,CSTE_0102_HD_Rug_CircleFurmat_Blue,Rudrav Meesho,In Progress,,
Rugmat-New6,CSTE_0102_HD_Rug_CircleFurmat_Blue,CSTE AMAZON,Inactive,Deleted,
blue_fur_mat_fba,CSTE_0102_HD_Rug_CircleFurmat_Blue,CSTE AMAZON,Inactive,Deleted,
Fur mat,CSTE_0102_HD_Rug_CircleFurmat_Blue,Rudrav Meesho,In Progress,,
round furmat_blue,CSTE_0102_HD_Rug_CircleFurmat_Blue,CSTE MEESHO,In Progress,,
Brown_Fur_Mat_fba,CSTE_0103_HD_Rug_CircleFurmat_Brown,CSTE AMAZON,Inactive,Deleted,
Longfur_Brown_Mat_fba,CSTE_0103_HD_Rug_CircleFurmat_Brown,CSTE AMAZON,Inactive,Deleted,
HD_Rug_CircleFurmat_Brown,CSTE_0103_HD_Rug_CircleFurmat_Brown,GL FK,Active,Active Listing,#REF!
Fusked Faux Long Fur Circle Rug Mat,CSTE_0103_HD_Rug_CircleFurmat_Brown,CSTE FK,Active,Active Listing,#REF!
Rug_CircleFurmat_Brown,CSTE_0103_HD_Rug_CircleFurmat_Brown,CSTE FK,Active,Active Listing,#REF!
ROUND FURMAT_BROWN,CSTE_0103_HD_Rug_CircleFurmat_Brown,CSTE MEESHO,In Progress,,
Fur_Rug_Round_OrW_24x24_fba,CSTE_0104_HD_Rug_CircleFurmat_OrangeAndWhite,CSTE AMAZON,Inactive,Deleted,
orange_white_25x25,CSTE_0104_HD_Rug_CircleFurmat_OrangeAndWhite,CSTE AMAZON,Inactive,Deleted,
Orangewhite_fur_mat,CSTE_0104_HD_Rug_CircleFurmat_OrangeAndWhite,GL FK,Active,Active Listing,#REF!
Rug_CircleFurmat_OrangeAndWhite,CSTE_0104_HD_Rug_CircleFurmat_OrangeAndWhite,CSTE FK,Active,Active Listing,#REF!
ORANGE WHITE _FURMAT,CSTE_0104_HD_Rug_CircleFurmat_OrangeAndWhite,CSTE MEESHO,In Progress,,
Rug_Round_White_Orange,CSTE_0104_HD_Rug_CircleFurmat_OrangeAndWhite,Rudrav Meesho,In Progress,,
Heart_Fur_Mat_Red_fba,CSTE_0105_HD_Rug_HeartFurmat_Red,CSTE AMAZON,Inactive,Deleted,
Rudrav_Area Rugs Super Soft Premium Polyester,CSTE_0105_HD_Rug_HeartFurmat_Red,GL FK,Active,Active Listing,#REF!
Redheart_fur_heart,CSTE_0105_HD_Rug_HeartFurmat_Red,GL FK,Active,Active Listing,#REF!
FUSKED-RED HEART FUR PILLOW,CSTE_0105_HD_Rug_HeartFurmat_Red,CSTE FK,Active,Active Listing,#REF!
Heart_Fur_Mat_Red,CSTE_0105_HD_Rug_HeartFurmat_Red,CSTE FK,Active,Active Listing,#REF!
Rug_HeartFurmat_Red,CSTE_0105_HD_Rug_HeartFurmat_Red,CSTE FK,Active,Active Listing,#REF!
Redheart_furmats,CSTE_0105_HD_Rug_HeartFurmat_Red,CSTE MEESHO,In Progress,,
Redheart_furmats,CSTE_0105_HD_Rug_HeartFurmat_Red,Rudrav Meesho,In Progress,,
Rug_HeartFurmat_Red,CSTE_0105_HD_Rug_HeartFurmat_Red,Rudrav Meesho,In Progress,,
orange_fur_mat,CSTE_0106_HD_Rug_CircleFurmat_Orange,CSTE AMAZON,Inactive,Deleted,
Orange_round_25x25,CSTE_0106_HD_Rug_CircleFurmat_Orange,CSTE AMAZON,Inactive,Deleted,
Orange_fur_mat,CSTE_0106_HD_Rug_CircleFurmat_Orange,GL FK,Active,Active Listing,#REF!
Rug_CircleFurmat_Orange,CSTE_0106_HD_Rug_CircleFurmat_Orange,CSTE FK,Active,Active Listing,#REF!
ORANGE ROUND_FURMAT,CSTE_0106_HD_Rug_CircleFurmat_Orange,CSTE MEESHO,Active,,#REF!
Rug_CircleFurmat_Orange,CSTE_0106_HD_Rug_CircleFurmat_Orange,Rudrav Meesho,Active,,#REF!
Pink_Fur_Mat_fba,CSTE_0107_HD_Rug_CircleFurmat_Pink,CSTE AMAZON,Inactive,Deleted,
Pink_Fur_Mat,CSTE_0107_HD_Rug_CircleFurmat_Pink,CSTE FK,Active,Active Listing,#REF!
PINK ROUND_FURMAT,CSTE_0107_HD_Rug_CircleFurmat_Pink,CSTE MEESHO,In Progress,,
tEKBhEY2,CSTE_0107_HD_Rug_CircleFurmat_Pink,CSTE MEESHO,In Progress,,
Rugmat-New2,CSTE_0108_HD_Rug_CircleFurmat_Purple,CSTE AMAZON,Inactive,Deleted,
UH-ZM8Z-7JXY,CSTE_0109_HD_Rug_CircleFurmat_Red,CSTE AMAZON,Inactive,Deleted,
Square_FurMat_Red_fba,CSTE_0109_HD_Rug_CircleFurmat_Red,CSTE AMAZON,Inactive,Deleted,
Reversible_Pikachu_1fba,CSTE_0109_HD_Rug_CircleFurmat_Red,CSTE AMAZON,Inactive,Deleted,
Rugmat-New3,CSTE_0109_HD_Rug_CircleFurmat_Red,CSTE AMAZON,Inactive,Deleted,
Red_Round_Mat_fba,CSTE_0109_HD_Rug_CircleFurmat_Red,CSTE AMAZON,Inactive,Deleted,
red circle furmat,CSTE_0109_HD_Rug_CircleFurmat_Red,CSTE AMAZON,Inactive,Deleted,
Red_Round_Mat,CSTE_0109_HD_Rug_CircleFurmat_Red,CSTE AMAZON,Active,Active Listing,#REF!
Red_fur_mat,CSTE_0109_HD_Rug_CircleFurmat_Red,GL FK,Active,Active Listing,#REF!
FurCircleMat_Red,CSTE_0109_HD_Rug_CircleFurmat_Red,CSTE FK,Active,Active Listing,#REF!
Red_Fur_Mat,CSTE_0109_HD_Rug_CircleFurmat_Red,CSTE FK,Active,Active Listing,#REF!
Red_Fur_Mat_fba,CSTE_0109_HD_Rug_CircleFurmat_Red,CSTE FK,Active,Active Listing,#REF!
fusked fur mat red colour,CSTE_0109_HD_Rug_CircleFurmat_Red,CSTE FK,Active,Active Listing,#REF!
Redcircle_furmats,CSTE_0109_HD_Rug_CircleFurmat_Red,CSTE MEESHO,In Progress,,
Redcircle_furmats,CSTE_0109_HD_Rug_CircleFurmat_Red,Rudrav Meesho,In Progress,,
Rug_RED_Round,CSTE_0109_HD_Rug_CircleFurmat_Red,Rudrav Meesho,In Progress,,
xu3XQh43,CSTE_0109_HD_Rug_CircleFurmat_Red,CSTE MEESHO,In Progress,,
Brown_Square_Fur_Mat_caaju_flex,CSTE_0110_HD_Rug_SquareFurmat_Brown,CSTE AMAZON,Inactive,Deleted,
Rugmat-New4,CSTE_0110_HD_Rug_SquareFurmat_Brown,CSTE AMAZON,Inactive,Deleted,
CA-RUG-BR-WH,CSTE_0110_HD_Rug_SquareFurmat_Brown,CSTE AMAZON,Inactive,Deleted,
Square_FurMat_Brown_fba,CSTE_0110_HD_Rug_SquareFurmat_Brown,CSTE AMAZON,Inactive,Deleted,
Square_FurMat_Brown,CSTE_0110_HD_Rug_SquareFurmat_Brown,CSTE FK,Active,Active Listing,#REF!
SQUARE BROWN_FURMAT,CSTE_0110_HD_Rug_SquareFurmat_Brown,CSTE MEESHO,In Progress,,
Square Fur Mat Brown,CSTE_0110_HD_Rug_SquareFurmat_Brown,CSTE MEESHO,In Progress,,
4vmLCvSC,CSTE_0111_HD_Rug_CircleFurmat_White,CSTE MEESHO,In Progress,,
White_Round_Mat,CSTE_0111_HD_Rug_CircleFurmat_White,CSTE AMAZON,Inactive,Deleted,
Rugmat-New1,CSTE_0111_HD_Rug_CircleFurmat_White,CSTE AMAZON,Inactive,Deleted,
CA_Fur Rug_White,CSTE_0111_HD_Rug_CircleFurmat_White,CSTE AMAZON,Inactive,Deleted,
White Faux Fur Mat,CSTE_0111_HD_Rug_CircleFurmat_White,CSTE AMAZON,Inactive,Deleted,
Fur_MatCombo_White_fba,CSTE_0111_HD_Rug_CircleFurmat_White,CSTE AMAZON,Inactive,Deleted,
White_FurMat_fba,CSTE_0111_HD_Rug_CircleFurmat_White,CSTE AMAZON,Inactive,Deleted,
White_Fur_Mat_,CSTE_0111_HD_Rug_CircleFurmat_White,CSTE AMAZON,Inactive,Deleted,
White_Fur_Mat,CSTE_0111_HD_Rug_CircleFurmat_White,CSTE AMAZON,Inactive,Deleted,
white_round_25x25,CSTE_0111_HD_Rug_CircleFurmat_White,CSTE AMAZON,Inactive,Deleted,
"Rudrav_Round Faux Fur Sheepskin Rugs, Soft Shaggy Area Rug Home",CSTE_0111_HD_Rug_CircleFurmat_White,GL FK,Active,Active Listing,#REF!
White_FurMat,CSTE_0111_HD_Rug_CircleFurmat_White,CSTE FK,Active,Active Listing,#REF!
white_fur_mat,CSTE_0111_HD_Rug_CircleFurmat_White,GL FK,Active,Active Listing,#REF!
78945615,CSTE_0111_HD_Rug_CircleFurmat_White,Rudrav Meesho,Active,,#REF!
Furmat,CSTE_0111_HD_Rug_CircleFurmat_White,Rudrav Meesho,In Progress,,
Rug_RoundCow_Print,CSTE_0111_HD_Rug_CircleFurmat_White,Rudrav Meesho,In Progress,,
Utt2torG,CSTE_0111_HD_Rug_CircleFurmat_White,CSTE MEESHO,In Progress,,
Fur Mat-Star-White,CSTE_0112_HD_Rug_StarFurmat_White,CSTE AMAZON,Inactive,Deleted,
Rug_StarFurmat_White,CSTE_0112_HD_Rug_StarFurmat_White,CSTE FK,Active,Active Listing,#REF!
STAR WHITE_FURMAT,CSTE_0112_HD_Rug_StarFurmat_White,CSTE MEESHO,In Progress,,
Star_mat_white,CSTE_0112_HD_Rug_StarFurmat_White,Rudrav Meesho,In Progress,,
Rug_CircleFurmat_Yellow,CSTE_0113_HD_Rug_CircleFurmat_Yellow,CSTE FK,Active,Active Listing,#REF!
YELLOW ROUND _FURMAT,CSTE_0113_HD_Rug_CircleFurmat_Yellow,CSTE MEESHO,Active,,#REF!
White_Fur_ChairMat_fba,CSTE_0114_HD_Rug_CircleChairMat_White,CSTE AMAZON,Inactive,Deleted,
Rug_CircleChairMat_White,CSTE_0114_HD_Rug_CircleChairMat_White,GL FK,Active,Active Listing,#REF!
White_Fur_ChairMat,CSTE_0114_HD_Rug_CircleChairMat_White,CSTE FK,Active,Active Listing,#REF!
Rug_CircleChairMat_White,CSTE_0114_HD_Rug_CircleChairMat_White,Rudrav Meesho,In Progress,,
WHITE CHAIR _MAT,CSTE_0114_HD_Rug_CircleChairMat_White,CSTE MEESHO,In Progress,,
21305787,CSTE_0115_ST_Rev_Oct_BlueOrange,Rudrav Meesho,In Progress,,
31256896,CSTE_0115_ST_Rev_Oct_BlueOrange,CSTE MEESHO,In Progress,,
31256903,CSTE_0115_ST_Rev_Oct_BlueOrange,CSTE MEESHO,In Progress,,
DU-0LP5-WA1F,CSTE_0115_ST_Rev_Oct_BlueOrange,CSTE AMAZON,Inactive,Deleted,
octo_darkblueorange,CSTE_0115_ST_Rev_Oct_BlueOrange,CSTE AMAZON,Inactive,Deleted,
4T-19Z4-OHJZ,CSTE_0115_ST_Rev_Oct_BlueOrange,CSTE AMAZON,Inactive,Deleted,
OCTOPUS-8,CSTE_0115_ST_Rev_Oct_BlueOrange,CSTE AMAZON,Inactive,Deleted,
FUSKED-COMBO-REVERSIBLEOCTOPUSTOYS-6,CSTE_0115_ST_Rev_Oct_BlueOrange,CSTE FK,Active,Combo,#REF!
octo_blueorange_orangeblue1,CSTE_0115_ST_Rev_Oct_BlueOrange,CSTE MEESHO,In Progress,,
octo_blueorange_orangeblue1,CSTE_0115_ST_Rev_Oct_BlueOrange,Rudrav Meesho,In Progress,,
octo_darkblueorange1,CSTE_0115_ST_Rev_Oct_BlueOrange,Rudrav Meesho,In Progress,,
wUkFPH5s,CSTE_0115_ST_Rev_Oct_BlueOrange,CSTE MEESHO,In Progress,,
21305786,CSTE_0116_ST_Rev_Oct_BluePurple,Rudrav Meesho,In Progress,,
31256895,CSTE_0116_ST_Rev_Oct_BluePurple,CSTE MEESHO,In Progress,,
31256902,CSTE_0116_ST_Rev_Oct_BluePurple,CSTE MEESHO,In Progress,,
41256823,CSTE_0116_ST_Rev_Oct_BluePurple,CSTE MEESHO,In Progress,,
reversible_octo_pinkblue,CSTE_0116_ST_Rev_Oct_BluePurple,CSTE AMAZON,Inactive,Deleted,
stuffed_oct_blue_purple,CSTE_0116_ST_Rev_Oct_BluePurple,CSTE AMAZON,Inactive,Deleted,
octo_bluepurple1,CSTE_0116_ST_Rev_Oct_BluePurple,CSTE AMAZON,Inactive,Deleted,
TY-DG3B-RMUI,CSTE_0116_ST_Rev_Oct_BluePurple,CSTE AMAZON,Inactive,Deleted,
cj-bluepurple-octopus,CSTE_0116_ST_Rev_Oct_BluePurple,CSTE FK,Active,Active Listing,#REF!
CSTE062,CSTE_0116_ST_Rev_Oct_BluePurple,CSTE MEESHO,In Progress,,
FBwIgzLL,CSTE_0116_ST_Rev_Oct_BluePurple,CSTE MEESHO,In Progress,,
octo_bluepurple3,CSTE_0116_ST_Rev_Oct_BluePurple,Rudrav Meesho,In Progress,,
octo_purpleblue_bluepurple1,CSTE_0116_ST_Rev_Oct_BluePurple,CSTE MEESHO,In Progress,,
octo_purpleblue_bluepurple1,CSTE_0116_ST_Rev_Oct_BluePurple,Rudrav Meesho,In Progress,,
stuffed_brown_white,CSTE_0117_ST_Rev_Oct_BrownWhite,CSTE AMAZON,Inactive,Deleted,
ST-Octopus-Brown-White-FBA,CSTE_0117_ST_Rev_Oct_BrownWhite,CSTE AMAZON,Inactive,Deleted,
FBA_brown_white,CSTE_0117_ST_Rev_Oct_BrownWhite,CSTE FK,Active,Active Listing,#REF!
CSTE073,CSTE_0117_ST_Rev_Oct_BrownWhite,CSTE MEESHO,In Progress,,
EITHEO stuffed_oct_dblue_pink,CSTE_0118_ST_Rev_Oct_DarkBluePink,CSTE AMAZON,Inactive,Deleted,
octo_darkbluepink1,CSTE_0118_ST_Rev_Oct_DarkBluePink,CSTE AMAZON,Inactive,Deleted,
OCTOPUS_DARKBLUE_PINK,CSTE_0118_ST_Rev_Oct_DarkBluePink,CSTE MEESHO,In Progress,,
BQ-8DSQ-FIDM,CSTE_0119_ST_Rev_Oct_GreenYellow,CSTE AMAZON,Inactive,Deleted,
BR-KG2Y-N041,CSTE_0119_ST_Rev_Oct_GreenYellow,CSTE AMAZON,Inactive,Deleted,
OCTO-GREEN-YELL,CSTE_0119_ST_Rev_Oct_GreenYellow,CSTE AMAZON,Inactive,Deleted,
Octopus-Yellow-green,CSTE_0119_ST_Rev_Oct_GreenYellow,GL FK,Active,Active Listing,#REF!
Caaju_Oct-SF,CSTE_0119_ST_Rev_Oct_GreenYellow,CSTE FK,Active,Active Listing,#REF!
Fusked_Reversible Octopus - 6 inch (green yellow ) soft toy,CSTE_0119_ST_Rev_Oct_GreenYellow,CSTE FK,Active,Active Listing,#REF!
GREEN YELLOW_OCTOPUS,CSTE_0119_ST_Rev_Oct_GreenYellow,CSTE MEESHO,In Progress,,
Rudrav_Reversible Octopus_Soft_Toys - 5 mm (green yellow),CSTE_0119_ST_Rev_Oct_GreenYellow,Rudrav Meesho,In Progress,,
21305790,CSTE_0120_ST_Rev_Oct_PurpleGreen,Rudrav Meesho,In Progress,,
31256893,CSTE_0120_ST_Rev_Oct_PurpleGreen,CSTE MEESHO,In Progress,,
31256900,CSTE_0120_ST_Rev_Oct_PurpleGreen,CSTE MEESHO,In Progress,,
38765895,CSTE_0120_ST_Rev_Oct_PurpleGreen,Rudrav Meesho,In Progress,,
41256825,CSTE_0120_ST_Rev_Oct_PurpleGreen,CSTE MEESHO,In Progress,,
6fzZnWN3,CSTE_0120_ST_Rev_Oct_PurpleGreen,CSTE MEESHO,In Progress,,
plush puppets octo purple green,CSTE_0120_ST_Rev_Oct_PurpleGreen,CSTE AMAZON,Inactive,Deleted,
EITHEO stuufed purple green,CSTE_0120_ST_Rev_Oct_PurpleGreen,CSTE AMAZON,Inactive,Deleted,
FUSKED-oct 1253,CSTE_0120_ST_Rev_Oct_PurpleGreen,CSTE AMAZON,Inactive,Deleted,
octo_skybluepink1,CSTE_0120_ST_Rev_Oct_PurpleGreen,CSTE AMAZON,Inactive,Deleted,
oct_purp_green,CSTE_0120_ST_Rev_Oct_PurpleGreen,CSTE AMAZON,Inactive,Deleted,
OE-68V5-G8VU,CSTE_0120_ST_Rev_Oct_PurpleGreen,CSTE AMAZON,Inactive,Deleted,
octo_purplegreen,CSTE_0120_ST_Rev_Oct_PurpleGreen,CSTE AMAZON,Inactive,Deleted,
FBA_purple_green,CSTE_0120_ST_Rev_Oct_PurpleGreen,CSTE AMAZON,Inactive,Deleted,
FBA_purple_green,CSTE_0120_ST_Rev_Oct_PurpleGreen,CSTE FK,Active,Active Listing,#REF!
CSTE067,CSTE_0120_ST_Rev_Oct_PurpleGreen,CSTE MEESHO,In Progress,,
octo_greenpink_pinkgreen1,CSTE_0120_ST_Rev_Oct_PurpleGreen,CSTE MEESHO,In Progress,,
octo_greenpink_pinkgreen1,CSTE_0120_ST_Rev_Oct_PurpleGreen,Rudrav Meesho,In Progress,,
octo_greenpurple1,CSTE_0120_ST_Rev_Oct_PurpleGreen,Rudrav Meesho,In Progress,,
21305789,CSTE_0121_ST_Rev_Oct_RedPink,Rudrav Meesho,In Progress,,
31256891,CSTE_0121_ST_Rev_Oct_RedPink,CSTE MEESHO,In Progress,,
31256898,CSTE_0121_ST_Rev_Oct_RedPink,CSTE MEESHO,In Progress,,
31256899,CSTE_0121_ST_Rev_Oct_RedPink,CSTE MEESHO,In Progress,,
35406112,CSTE_0121_ST_Rev_Oct_RedPink,Rudrav Meesho,In Progress,,
FBA_redpink_,CSTE_0121_ST_Rev_Oct_RedPink,CSTE AMAZON,Inactive,Deleted,
EITHEO stuffed_red_pink,CSTE_0121_ST_Rev_Oct_RedPink,CSTE AMAZON,Inactive,Deleted,
OCTOPUS-14,CSTE_0121_ST_Rev_Oct_RedPink,CSTE AMAZON,Inactive,Deleted,
octo_redpink2,CSTE_0121_ST_Rev_Oct_RedPink,CSTE AMAZON,Inactive,Deleted,
OM-J107-T9PJ,CSTE_0121_ST_Rev_Oct_RedPink,CSTE AMAZON,Inactive,Deleted,
AM-HL5D-YZBU,CSTE_0121_ST_Rev_Oct_RedPink,CSTE AMAZON,Inactive,Deleted,
ZC-ZUTI-UXA4,CSTE_0121_ST_Rev_Oct_RedPink,CSTE AMAZON,Active,Active Listing,#REF!
octo_redpink,CSTE_0121_ST_Rev_Oct_RedPink,GL FK,Active,Active Listing,#REF!
FK-RED PINK Emotional Octopus Reversible Octopus - 15 cm,CSTE_0121_ST_Rev_Oct_RedPink,CSTE FK,Active,Active Listing,#REF!
Octopus_pinkred,CSTE_0121_ST_Rev_Oct_RedPink,CSTE FK,Active,Active Listing,#REF!
CSTE063,CSTE_0121_ST_Rev_Oct_RedPink,CSTE MEESHO,In Progress,,
octo_pinkred1,CSTE_0121_ST_Rev_Oct_RedPink,Rudrav Meesho,In Progress,,
octo_redpink_pinkred1,CSTE_0121_ST_Rev_Oct_RedPink,CSTE MEESHO,In Progress,,
octo_redpink_pinkred1,CSTE_0121_ST_Rev_Oct_RedPink,Rudrav Meesho,In Progress,,
RnaQ6clK,CSTE_0121_ST_Rev_Oct_RedPink,CSTE MEESHO,In Progress,,
21305785,CSTE_0122_ST_Rev_Oct_RedYellow,Rudrav Meesho,In Progress,,
21305792,CSTE_0122_ST_Rev_Oct_RedYellow,Rudrav Meesho,In Progress,,
23425330,CSTE_0122_ST_Rev_Oct_RedYellow,Rudrav Meesho,In Progress,,
31256894,CSTE_0122_ST_Rev_Oct_RedYellow,CSTE MEESHO,In Progress,,
31256901,CSTE_0122_ST_Rev_Oct_RedYellow,CSTE MEESHO,In Progress,,
41256824,CSTE_0122_ST_Rev_Oct_RedYellow,CSTE MEESHO,In Progress,,
plush puppets octo yellow red,CSTE_0122_ST_Rev_Oct_RedYellow,CSTE AMAZON,Inactive,Deleted,
Octopus_multicolor_,CSTE_0122_ST_Rev_Oct_RedYellow,CSTE AMAZON,Inactive,Deleted,
FBA_redyellow,CSTE_0122_ST_Rev_Oct_RedYellow,CSTE AMAZON,Inactive,Deleted,
EITHEO stuufed red yellow,CSTE_0122_ST_Rev_Oct_RedYellow,CSTE AMAZON,Inactive,Deleted,
OCTOPUS-3,CSTE_0122_ST_Rev_Oct_RedYellow,CSTE AMAZON,Inactive,Deleted,
N0-KKKM-STIU,CSTE_0122_ST_Rev_Oct_RedYellow,CSTE AMAZON,Inactive,Deleted,
octo_redyellow2,CSTE_0122_ST_Rev_Oct_RedYellow,CSTE AMAZON,Inactive,Deleted,
ST-Octopus-Red-Yellow-FBA,CSTE_0122_ST_Rev_Oct_RedYellow,CSTE AMAZON,Inactive,Deleted,
COMBO-BUY1,CSTE_0122_ST_Rev_Oct_RedYellow,CSTE AMAZON,Active,Active Listing,#REF!
Octo_red_yellow,CSTE_0122_ST_Rev_Oct_RedYellow,GL FK,Active,Active Listing,#REF!
f_ octupus_redyellow,CSTE_0122_ST_Rev_Oct_RedYellow,CSTE FK,Active,Active Listing,#REF!
octupus_redyellow,CSTE_0122_ST_Rev_Oct_RedYellow,CSTE FK,Active,Active Listing,#REF!
octopus RED PINK,CSTE_0122_ST_Rev_Oct_RedYellow,CSTE FK,Active,Active Listing,#REF!
FBA_yellow-red_assorted,CSTE_0122_ST_Rev_Oct_RedYellow,CSTE FK,Active,Active Listing,#REF!
FBA_red_yellow,CSTE_0122_ST_Rev_Oct_RedYellow,CSTE FK,Active,Active Listing,#REF!
FUSKED-COMBO-REVERSIBLE OCTOPUS-14,CSTE_0122_ST_Rev_Oct_RedYellow,CSTE FK,Active,Combo,#REF!
hNX-6Oyl,CSTE_0122_ST_Rev_Oct_RedYellow,CSTE MEESHO,In Progress,,
octo_redyellow_yellowred1,CSTE_0122_ST_Rev_Oct_RedYellow,CSTE MEESHO,In Progress,,
octo_redyellow_yellowred1,CSTE_0122_ST_Rev_Oct_RedYellow,Rudrav Meesho,In Progress,,
Ppk5siY_,CSTE_0122_ST_Rev_Oct_RedYellow,CSTE MEESHO,In Progress,,
21305788,CSTE_0123_ST_Rev_Oct_SkyBluePink,Rudrav Meesho,In Progress,,
21305791,CSTE_0123_ST_Rev_Oct_SkyBluePink,Rudrav Meesho,In Progress,,
31256890,CSTE_0123_ST_Rev_Oct_SkyBluePink,CSTE MEESHO,In Progress,,
31256892,CSTE_0123_ST_Rev_Oct_SkyBluePink,CSTE MEESHO,In Progress,,
31256897,CSTE_0123_ST_Rev_Oct_SkyBluePink,CSTE MEESHO,In Progress,,
2h9SvvQv,CSTE_0123_ST_Rev_Oct_SkyBluePink,Rudrav Meesho,In Progress,,
X4-LSD4-YSK7,CSTE_0123_ST_Rev_Oct_SkyBluePink,CSTE AMAZON,Inactive,Deleted,
fba_skybluepink1,CSTE_0123_ST_Rev_Oct_SkyBluePink,CSTE AMAZON,Inactive,Deleted,
FBA_skyblue_pink_3,CSTE_0123_ST_Rev_Oct_SkyBluePink,CSTE AMAZON,Inactive,Deleted,
stuffed_oct_dblue_pink,CSTE_0123_ST_Rev_Oct_SkyBluePink,CSTE AMAZON,Inactive,Deleted,
EITHEO stuffed_oct_skyblu_pink,CSTE_0123_ST_Rev_Oct_SkyBluePink,CSTE AMAZON,Inactive,Deleted,
octo_skybluepink5,CSTE_0123_ST_Rev_Oct_SkyBluePink,CSTE AMAZON,Inactive,Deleted,
YC-NPAQ-PS5F,CSTE_0123_ST_Rev_Oct_SkyBluePink,CSTE AMAZON,Inactive,Deleted,
C3-MQF3-IKIF,CSTE_0123_ST_Rev_Oct_SkyBluePink,CSTE AMAZON,Inactive,Deleted,
0I-GGWH-DLCL,CSTE_0123_ST_Rev_Oct_SkyBluePink,CSTE AMAZON,Inactive,Deleted,
octo_sbluepink,CSTE_0123_ST_Rev_Oct_SkyBluePink,GL FK,Active,Active Listing,#REF!
f_ay Reversible Octopus toy,CSTE_0123_ST_Rev_Oct_SkyBluePink,CSTE FK,Active,Active Listing,#REF!
ay Reversible Octopus toy,CSTE_0123_ST_Rev_Oct_SkyBluePink,CSTE FK,Active,Active Listing,#REF!
FBA_sky_blue_pink_assorted,CSTE_0123_ST_Rev_Oct_SkyBluePink,CSTE FK,Active,Active Listing,#REF!
reversible octopuse toy,CSTE_0123_ST_Rev_Oct_SkyBluePink,CSTE FK,Active,Active Listing,#REF!
Caaju-reversable-pink-blue,CSTE_0123_ST_Rev_Oct_SkyBluePink,GL FK,Active,Active Listing,#REF!
CSTE060,CSTE_0123_ST_Rev_Oct_SkyBluePink,CSTE MEESHO,In Progress,,
g07sYV2F,CSTE_0123_ST_Rev_Oct_SkyBluePink,CSTE MEESHO,In Progress,,
octo_pinkblue_bluepink1,CSTE_0123_ST_Rev_Oct_SkyBluePink,CSTE MEESHO,In Progress,,
octo_pinkblue_bluepink1,CSTE_0123_ST_Rev_Oct_SkyBluePink,Rudrav Meesho,In Progress,,
octo_pinkdarkblue1,CSTE_0123_ST_Rev_Oct_SkyBluePink,Rudrav Meesho,In Progress,,
octo_pinkskyblue_skybluepink1,CSTE_0123_ST_Rev_Oct_SkyBluePink,CSTE MEESHO,In Progress,,
octo_pinkskyblue_skybluepink1,CSTE_0123_ST_Rev_Oct_SkyBluePink,Rudrav Meesho,In Progress,,
octo_pinkskyblue1,CSTE_0123_ST_Rev_Oct_SkyBluePink,Rudrav Meesho,In Progress,,
SB1,CSTE_0123_ST_Rev_Oct_SkyBluePink,CSTE MEESHO,In Progress,,
Reversible_Yoda,CSTE_0124_ST_Rev_Yoda_,CSTE AMAZON,Inactive,Deleted,
Reversible_Yodaa,CSTE_0124_ST_Rev_Yoda_,CSTE AMAZON,Active,Active Listing,#REF!
CSTE_0124_ST_Rev_Yoda_,CSTE_0124_ST_Rev_Yoda_,CSTE FK,Active,Active Listing,#REF!
CSTE_0124_ST_Rev_Yoda_,CSTE_0124_ST_Rev_Yoda_,CSTE MEESHO,Active,,#REF!
CSTE_0124_ST_Rev_Yoda_,CSTE_0124_ST_Rev_Yoda_,Rudrav Meesho,Active,,#REF!
P5-ZDOW-88Z4,CSTE_0125_ST_Rev_Cat_BlueOerange,CSTE AMAZON,Active,Active Listing,#REF!
CAAJU-CA-Min-Cat-OB,CSTE_0125_ST_Rev_Cat_BlueOerange,GL FK,Active,Active Listing,#REF!
CSTE70,CSTE_0125_ST_Rev_Cat_BlueOerange,CSTE MEESHO,Active,,#REF!
31440080,CSTE_0125_ST_Rev_Cat_BlueOerange,Rudrav Meesho,Active,,#REF!
ST-reversible cat-red yellow-FBA,CSTE_0126_ST_Rev_Cat_RedYellow,CSTE AMAZON,Inactive,Deleted,
36564455,CSTE_0127_ST_Rev_Cat_SkyBluePink,Rudrav Meesho,In Progress,,
QR-Z6Z6-ET5J,CSTE_0127_ST_Rev_Cat_SkyBluePink,CSTE AMAZON,Inactive,Deleted,
19-3CL2-891X,CSTE_0127_ST_Rev_Cat_SkyBluePink,CSTE AMAZON,Inactive,Deleted,
LD-ZWM3-T5P2,CSTE_0127_ST_Rev_Cat_SkyBluePink,CSTE AMAZON,Inactive,Deleted,
ST-Reversible-Tiger-Yellow-Red-FBA,CSTE_0128_ST_Rev_Tiger_RedYellow,CSTE AMAZON,Inactive,Deleted,
REVERSIBLE TIGER_RED YELLOW,CSTE_0128_ST_Rev_Tiger_RedYellow,CSTE MEESHO,Active,,#REF!
CSTE082,CSTE_0128_ST_Rev_Tiger_RedYellow,CSTE MEESHO,Active,,#REF!
Rev.Tiger_RED_Yellow,CSTE_0128_ST_Rev_Tiger_RedYellow,Rudrav Meesho,Active,,#REF!
ST-Reversible-Tiger-Yellow-Orange-FBA,CSTE_0129_ST_Rev_Tiger_OrangeYellow,CSTE AMAZON,Inactive,Deleted,
Rev_Tiger_OrangeYellow,CSTE_0129_ST_Rev_Tiger_OrangeYellow,GL FK,Active,Active Listing,#REF!
REVERSIBLE TIGER_ORANGE YELLOW,CSTE_0129_ST_Rev_Tiger_OrangeYellow,CSTE MEESHO,Active,,#REF!
CSTE081,CSTE_0129_ST_Rev_Tiger_OrangeYellow,CSTE MEESHO,Active,,#REF!
Rev.Tiger_Oranged&Yellow,CSTE_0129_ST_Rev_Tiger_OrangeYellow,Rudrav Meesho,In Progress,,
REV_RABBIT_RED&YELLOW,CSTE_0130_ST_Rev_Rabbit_RedYellow,GL FK,Active,Active Listing,#REF!
REVERSIBLE RABBIT_REDYELLOW,CSTE_0130_ST_Rev_Rabbit_RedYellow,CSTE MEESHO,Active,,#REF!
Rev_Rabbit_RedYellow,CSTE_0130_ST_Rev_Rabbit_RedYellow,Rudrav Meesho,Active,,#REF!
1153383480_13,CSTE_0131_SG_FireGlass_Black,CSTE MEESHO,Active,,
201425270_13,CSTE_0131_SG_FireGlass_Black,Rudrav Meesho,Active,,
BLACK FIRE_GLASS,CSTE_0131_SG_FireGlass_Black,CSTE MEESHO,Active,,
SG-Fireglasses-Gold grey,CSTE_0131_SG_FireGlass_Black,CSTE AMAZON,Inactive,Deleted,
Black_fireglass_fba,CSTE_0131_SG_FireGlass_Black,CSTE AMAZON,Active,Active Listing,#REF!
Black_fireglasses,CSTE_0131_SG_FireGlass_Black,CSTE AMAZON,Active,Active Listing,#REF!
BLACKFIRE_SUNGLASS,CSTE_0131_SG_FireGlass_Black,CSTE FK,Active,Active Listing,#REF!
CJ-FIRE FRAME RIMLESS GREY GLASSES FOR WOMEN,CSTE_0131_SG_FireGlass_Black,CSTE FK,Active,Active Listing,#REF!
dl1hMZYu,CSTE_0131_SG_FireGlass_Black,CSTE MEESHO,Active,,
1394838850_15,CSTE_0132_SG_FireGlass_Blue,CSTE MEESHO,Active,,
1545319696_15,CSTE_0132_SG_FireGlass_Blue,Rudrav Meesho,Active,,
BLUE FIRE_GLASS,CSTE_0132_SG_FireGlass_Blue,CSTE MEESHO,Active,,
Sky_blue_fireglasses,CSTE_0132_SG_FireGlass_Blue,CSTE AMAZON,Inactive,Deleted,
Rimless-Listing,CSTE_0132_SG_FireGlass_Blue,CSTE AMAZON,Inactive,Deleted,
SG-fireglasses-sky-blue-FBA,CSTE_0132_SG_FireGlass_Blue,CSTE AMAZON,Inactive,Deleted,
BLUEFIRE_SUNGLASS,CSTE_0132_SG_FireGlass_Blue,CSTE FK,Active,Active Listing,#REF!
1595671091_12,CSTE_0133_SG_FireGlass_Pink,CSTE MEESHO,Active,,
240862341_12,CSTE_0133_SG_FireGlass_Pink,Rudrav Meesho,Active,,
Sunglass-203,CSTE_0133_SG_FireGlass_Pink,CSTE AMAZON,Inactive,Deleted,
CSTE_0133_SG_FireGlass_Pink,CSTE_0133_SG_FireGlass_Pink,CSTE AMAZON,Inactive,Deleted,
Pink_fireglass_fba1,CSTE_0133_SG_FireGlass_Pink,CSTE AMAZON,Inactive,Deleted,
SG-fire glass-Pink,CSTE_0133_SG_FireGlass_Pink,CSTE AMAZON,Active,Active Listing,#REF!
Pink_fireglasses,CSTE_0133_SG_FireGlass_Pink,CSTE AMAZON,Active,Active Listing,#REF!
pink_fireglass,CSTE_0133_SG_FireGlass_Pink,GL FK,Active,Active Listing,#REF!
PINK FIRE_SUNGLASS,CSTE_0133_SG_FireGlass_Pink,CSTE FK,Active,Active Listing,#REF!
PINK FIR_GLASS,CSTE_0133_SG_FireGlass_Pink,CSTE MEESHO,Active,,
Batman Sunglasses_ Black,CSTE_0134_SG_Bat_Black,CSTE MEESHO,In Progress,,
BLACK BAT_SUNGLASS,CSTE_0134_SG_Bat_Black,CSTE MEESHO,In Progress,,
CSTE_0134_SG_Bat_Black,CSTE_0134_SG_Bat_Black,CSTE AMAZON,Inactive,Deleted,
SG_BLK_Bat,CSTE_0134_SG_Bat_Black,Rudrav Meesho,In Progress,,
bman_peachglasses,CSTE_0135_SG_Bat_Pink,Rudrav Meesho,In Progress,,
1871815601_22,CSTE_0136_SG_Bat_Puple,CSTE MEESHO,In Progress,,
517006851_22,CSTE_0136_SG_Bat_Puple,Rudrav Meesho,In Progress,,
purple_bat_glasses_fba,CSTE_0136_SG_Bat_Puple,CSTE AMAZON,Inactive,Deleted,
PURPLE BAT_SUNGLASS,CSTE_0136_SG_Bat_Puple,CSTE MEESHO,In Progress,,
BROWN BAT_SUNGLASS,CSTE_0137_SG_Bat_Red,CSTE MEESHO,In Progress,,
Batman_redglasses_fba,CSTE_0137_SG_Bat_Red,CSTE AMAZON,Inactive,Deleted,
CSTE_0137_SG_Bat_Red,CSTE_0137_SG_Bat_Red,CSTE AMAZON,Inactive,Deleted,
RED BAT_SUNGLASS,CSTE_0137_SG_Bat_Red,CSTE MEESHO,In Progress,,
SG_Red_Bat,CSTE_0137_SG_Bat_Red,Rudrav Meesho,In Progress,,
CSTE_0138_SG_Bat_Yelllow,CSTE_0138_SG_Bat_Yelllow,CSTE AMAZON,Inactive,Deleted,
SG_Bat_Yelllow,CSTE_0138_SG_Bat_Yelllow,GL FK,Active,Active Listing,#REF!
SG_Bat_Yelllow,CSTE_0138_SG_Bat_Yelllow,CSTE MEESHO,In Progress,,
SG_Yellow_Bat,CSTE_0138_SG_Bat_Yelllow,Rudrav Meesho,In Progress,,
BLACK FURWING_SUNGLASS,CSTE_0139_SG_Fur_Black,CSTE MEESHO,In Progress,,
CSTE_0139_SG_Fur_Black,CSTE_0139_SG_Fur_Black,CSTE AMAZON,Active,Active Listing,#REF!
SG_Fur_Black,CSTE_0139_SG_Fur_Black,Rudrav Meesho,In Progress,,
1615651036_5,CSTE_0140_SG_Heart_Black,Rudrav Meesho,In Progress,,
260842286_5,CSTE_0140_SG_Heart_Black,CSTE MEESHO,In Progress,,
765525855_4,CSTE_0140_SG_Heart_Black,Rudrav Meesho,In Progress,,
BLACK HEART_SUNGLASS,CSTE_0140_SG_Heart_Black,CSTE MEESHO,In Progress,,
Black_Heartglasses_fba,CSTE_0140_SG_Heart_Black,CSTE AMAZON,Inactive,Deleted,
BlackHeart_fba,CSTE_0140_SG_Heart_Black,CSTE AMAZON,Inactive,Deleted,
Black_Heartglasses,CSTE_0140_SG_Heart_Black,CSTE AMAZON,Active,Active Listing,#REF!
black_heart,CSTE_0140_SG_Heart_Black,GL FK,Active,Active Listing,#REF!
CSTE_0140_SG_Heart_Black,CSTE_0140_SG_Heart_Black,CSTE FK,Active,Active Listing,#REF!
Black_spikes_glasses,CSTE_0141_SG_Thunder_Black,CSTE AMAZON,Inactive,Deleted,
CSTE_0141_SG_Thunder_Black,CSTE_0141_SG_Thunder_Black,CSTE AMAZON,Inactive,Deleted,
SG_Thunder_Black,CSTE_0141_SG_Thunder_Black,CSTE MEESHO,In Progress,,
thunder_BLK_SG_1,CSTE_0141_SG_Thunder_Black,Rudrav Meesho,In Progress,,
Black_cateys_fba,CSTE_0143_SG_Oval01_Black,CSTE AMAZON,Active,Active Listing,#REF!
black_oval_glasses,CSTE_0143_SG_Oval01_Black,GL FK,Active,Active Listing,#REF!
CSTE_0143_SG_Oval01_Black,CSTE_0143_SG_Oval01_Black,CSTE AMAZON,Active,,#REF!
CSTE_0143_SG_Oval01_Black,CSTE_0143_SG_Oval01_Black,CSTE FK,Active,,#REF!
round black_cateye sg,CSTE_0143_SG_Oval01_Black,CSTE MEESHO,Active,,#REF!
BLACK OVAL_SG,CSTE_0143_SG_Oval01_Black,CSTE MEESHO,Active,,#REF!
blk_oval_sg,CSTE_0143_SG_Oval01_Black,Rudrav Meesho,Active,,#REF!
oval_blk_SG,CSTE_0143_SG_Oval01_Black,Rudrav Meesho,Active,,#REF!
CSTE_0143_SG_Oval01_Black,CSTE_0143_SG_Oval01_Black,CSTE MEESHO,Active,,#REF!
Oval_Red&Black_SG,"CSTE_0143_SG_Oval01_Black
CSTE_0174_SG_Oval_Red",CSTE MEESHO,Active,Combo,#REF!
Oval_Sg_Combo,"CSTE_0143_SG_Oval01_Black
CSTE_0174_SG_Oval_Red",CSTE MEESHO,Active,Combo,#REF!
oval_sunglass_combo,"CSTE_0143_SG_Oval01_Black
CSTE_0174_SG_Oval_Red",Rudrav Meesho,Active,Combo,#REF!
Oval_Sg_Combo,"CSTE_0143_SG_Oval01_Black
CSTE_0174_SG_Oval_Red",Rudrav Meesho,Active,Combo,#REF!
BIG BROWNGOLD_SG001,CSTE_0144_SG_Square_BlackGolden_GreenShades,CSTE MEESHO,Active,,
Brown_gold_glasses_fba,CSTE_0144_SG_Square_BlackGolden_GreenShades,CSTE AMAZON,Inactive,Deleted,
Brown_gold_glasses,CSTE_0144_SG_Square_BlackGolden-GreenShades,CSTE AMAZON,Active,Active Listing,#REF!
CSTE_0145_SG_Fur_Pink,CSTE_0145_SG_Fur_Pink,CSTE AMAZON,Active,Active Listing,#REF!
SG_Fur_Pink,CSTE_0145_SG_Fur_Pink,CSTE MEESHO,In Progress,,
SG_Fur_Pink,CSTE_0145_SG_Fur_Pink,Rudrav Meesho,In Progress,,
BLUE FURWING_SUNGLASS,CSTE_0146_SG_Wings_Blue,CSTE MEESHO,In Progress,,
CSTE_0146_SG_Wings_Blue,CSTE_0146_SG_Wings_Blue,CSTE AMAZON,Active,Active Listing,#REF!
CSTE_0146_SG_Wings_Blue,CSTE_0146_SG_Wings_Blue,CSTE FK,Active,Active Listing,#REF!
wings_blue_SG,CSTE_0146_SG_Wings_Blue,Rudrav Meesho,In Progress,,
1936894468_18,CSTE_0147_SG_ButterFly_Green,Rudrav Meesho,Active,,
BUTTERFLY_BLUEPURPLE,CSTE_0147_SG_ButterFly_Green,CSTE MEESHO,Active,,
BUTTERFLY_GREEN,CSTE_0147_SG_ButterFly_Green,CSTE MEESHO,Active,,
greenbutterful_glasses,CSTE_0147_SG_ButterFly_Green,CSTE AMAZON,Inactive,Deleted,
greenbutterful_glasses_fba,CSTE_0147_SG_ButterFly_Green,CSTE AMAZON,Active,Active Listing,#REF!
green_butterfly,CSTE_0147_SG_ButterFly_Green,GL FK,Active,Active Listing,#REF!
CSTE_0147_SG_ButterFly_Green,CSTE_0147_SG_ButterFly_Green,CSTE FK,Active,Active Listing,#REF!
CSTE_0147_SG_ButterFly_Green,CSTE_0147_SG_ButterFly_Green,CSTE MEESHO,Active,,#REF!
1003264078_18,CSTE_0147_SG_ButterFly_Green,CSTE MEESHO,Active,,#REF!
butterfly_Red&Green_SG,CSTE_0148_SG_ButterFly_RedGreen,Rudrav Meesho,Active,,
CSTE_0147_SG_ButterFly_Green,CSTE_0148_SG_ButterFly_RedGreen,Rudrav Meesho,Active,,
CSTE_0148_SG_ButterFly_RedGreen,CSTE_0148_SG_ButterFly_RedGreen,CSTE AMAZON,Active,Active Listing,#REF!
CSTE_0251_SG_ButterFly_LightgreenPink,CSTE_0148_SG_ButterFly_RedGreen,CSTE AMAZON,Active,Active Listing,#REF!
Butterfly_RED&GREEN,CSTE_0148_SG_ButterFly_RedGreen,GL FK,Active,Active Listing,#REF!
redgreen_butterfly_sg,CSTE_0148_SG_ButterFly_RedGreen,CSTE FK,Active,Active Listing,#REF!
ButterFly_LightgreenPink_SG,CSTE_0148_SG_ButterFly_RedGreen,GL FK,Active,Active Listing,#REF!
ButterFly_LightgreenPink,CSTE_0148_SG_ButterFly_RedGreen,CSTE FK,Active,Active Listing,#REF!
SG_ButterFly_LightgreenPink,CSTE_0148_SG_ButterFly_RedGreen,CSTE MEESHO,Active,,#REF!
BUTTERFLY_REDGREEN,CSTE_0148_SG_ButterFly_RedGreen,CSTE MEESHO,Active,,#REF!
multi_butterfly,CSTE_0148_SG_ButterFly_RedGreen,GL FK,Active,Active Listing,#REF!
butterfly_redgreen_SG,CSTE_0148_SG_ButterFly_RedGreen,CSTE AMAZON,Active,,#REF!
768429274_16,CSTE_0148_SG_ButterFly_RedGreen,CSTE MEESHO,Active,,#REF!
SG_ButterFly_LightgreenPink,CSTE_0148_SG_ButterFly_RedGreen,Rudrav Meesho,Active,,#REF!
SG_butterfly_Red&Green,CSTE_0148_SG_ButterFly_RedGreen,Rudrav Meesho,Active,,#REF!
586379476_16,CSTE_0148_SG_ButterFly_RedGreen,Rudrav Meesho,Active,,#REF!
CSTE_0149_SG_ButterFly_Pink,CSTE_0149_SG_ButterFly_Pink,CSTE AMAZON,Active,Active Listing,#REF!
CSTE_0149_SG_ButterFly_Pink,CSTE_0149_SG_ButterFly_Pink,CSTE FK,Active,Active Listing,#REF!
Butterfly_pink_SG,CSTE_0149_SG_ButterFly_Pink,GL FK,Active,Active Listing,#REF!
peachbutterful_glasses,CSTE_0149_SG_ButterFly_Pink,Rudrav Meesho,Active,,
SG_ButterFly_Pink,CSTE_0149_SG_ButterFly_Pink,CSTE MEESHO,Active,,
v05KGnz2,CSTE_0149_SG_ButterFly_Pink,Rudrav Meesho,Active,,
butterfly blue& purle sunglass,CSTE_0150_SG_ButterFly_BluePurple,Rudrav Meesho,In Progress,,
SG_ButterFly_BluePurple,CSTE_0150_SG_ButterFly_BluePurple,CSTE AMAZON,Active,Active Listing,#REF!
CSTE_0150_SG_ButterFly_BluePurple,CSTE_0150_SG_ButterFly_BluePurple,CSTE AMAZON,Active,Active Listing,#REF!
CSTE_0242_SG_ButterFly_Purple,CSTE_0150_SG_ButterFly_BluePurple,CSTE AMAZON,Active,Active Listing,#REF!
SG_ButterFly_BluePurple,CSTE_0150_SG_ButterFly_BluePurple,GL FK,Active,Active Listing,#REF!
CSTE_0150_SG_ButterFly_BluePurple,CSTE_0150_SG_ButterFly_BluePurple,CSTE FK,Active,Active Listing,#REF!
SG_ButterFly_BluePurple,CSTE_0150_SG_ButterFly_BluePurple,CSTE MEESHO,Active,,#REF!
SG_CloudChain_Yellow,CSTE_0151_SG_CloudChain_Yellow,GL FK,Active,Active Listing,#REF!
yellow cloud chain_sg,CSTE_0151_SG_CloudChain_Yellow,CSTE MEESHO,In Progress,,
yellow cloud chain_sg,CSTE_0151_SG_CloudChain_Yellow,Rudrav Meesho,In Progress,,
pink cloud chain_sg,CSTE_0152_SG_CloudChain_Pink,CSTE MEESHO,In Progress,,
PINK_ cloud chain_sg,CSTE_0152_SG_CloudChain_Pink,Rudrav Meesho,In Progress,,
ZK-JIG7-WXOL,CSTE_0152_SG_CloudChain_Pink,Rudrav Meesho,In Progress,,
CSTE_0153_SG_FireFlame_Red,CSTE_0153_SG_FireFlame_Red,CSTE AMAZON,Inactive,Deleted,
Fireflame_red_SG,CSTE_0153_SG_FireFlame_Red,Rudrav Meesho,Active,,
REDFIREFRAME_SUNGLASS,CSTE_0153_SG_FireFlame_Red,CSTE MEESHO,Active,,
SG_FireFlame_Red,CSTE_0153_SG_FireFlame_Red,Rudrav Meesho,Active,,
SG_Fire_purple_SG,CSTE_0154_SG_FireGlass_Purple,Rudrav Meesho,Active,,
SG_FireGlass_Purple,CSTE_0154_SG_FireGlass_Purple,CSTE MEESHO,Active,,
1751686562_5,CSTE_0155_SG_FireGlass_Red,Rudrav Meesho,Active,,
FANCY PARTY SUNGLASESS RED,CSTE_0155_SG_FireGlass_Red,CSTE AMAZON,Inactive,Deleted,
fireglass_mercury_red,CSTE_0155_SG_FireGlass_Red,CSTE AMAZON,Active,Active Listing,#REF!
SG-fireglass-red,CSTE_0155_SG_FireGlass_Red,CSTE AMAZON,Active,Active Listing,#REF!
red_fireglass,CSTE_0155_SG_FireGlass_Red,GL FK,Active,Active Listing,#REF!
REDFIRE_SUNGLASS,CSTE_0155_SG_FireGlass_Red,CSTE FK,Active,Active Listing,#REF!
RED FIRE_GLASS,CSTE_0155_SG_FireGlass_Red,CSTE MEESHO,Active,,
uX1kKGs4,CSTE_0155_SG_FireGlass_Red,CSTE MEESHO,Active,,
KJ-TQFP-S5SX,CSTE_0156_SG_FireGlass_Yellow,CSTE AMAZON,Inactive,Deleted,
SG-fire-glass-yellow,CSTE_0156_SG_FireGlass_Yellow,CSTE AMAZON,Inactive,Deleted,
fire-glass_yellowfba,CSTE_0156_SG_FireGlass_Yellow,CSTE AMAZON,Active,Active Listing,#REF!
yellow_fireglass,CSTE_0156_SG_FireGlass_Yellow,GL FK,Active,Active Listing,#REF!
Fire_Yellow_SG,CSTE_0156_SG_FireGlass_Yellow,GL FK,Active,Active Listing,#REF!
Fire_Glass_Yellow,CSTE_0156_SG_FireGlass_Yellow,CSTE FK,Active,Active Listing,#REF!
989131006_9,CSTE_0156_SG_FireGlass_Yellow,CSTE MEESHO,Active,,#REF!
263547802_4,CSTE_0156_SG_FireGlass_Yellow,Rudrav Meesho,Active,,#REF!
1951027540_9,CSTE_0156_SG_FireGlass_Yellow,Rudrav Meesho,Active,,#REF!
EB-EHLW-VWNB,CSTE_0157_SG_FireGlass_Green,CSTE AMAZON,Inactive,Deleted,
SG-fireglass-green,CSTE_0157_SG_FireGlass_Green,CSTE AMAZON,Inactive,Deleted,
green_fireglass,CSTE_0157_SG_FireGlass_Green,GL FK,Active,Active Listing,#REF!
Fire_Green_SG,CSTE_0157_SG_FireGlass_Green,GL FK,Active,Active Listing,#REF!
FIREGLASS_GREEN_SG,CSTE_0157_SG_FireGlass_Green,CSTE FK,Active,Active Listing,#REF!
CSTE_0157_SG_FireGlass_Green,CSTE_0157_SG_FireGlass_Green,CSTE MEESHO,Active,,#REF!
GREEN FIRE_GLASS,CSTE_0157_SG_FireGlass_Green,CSTE MEESHO,Active,,#REF!
Fire Sunglasses-Green,CSTE_0157_SG_FireGlass_Green,CSTE MEESHO,Active,,#REF!
CSTE_0157_SG_FireGlass_Green,CSTE_0157_SG_FireGlass_Green,Rudrav Meesho,Active,,#REF!
SG_FireGlass_Green,CSTE_0157_SG_FireGlass_Green,Rudrav Meesho,Active,,#REF!
Fireglass_Green_Map,CSTE_0157_SG_FireGlass_Green,CSTE AMAZON,Active,,#REF!
CSTE_0158_SG_Thunder_Red,CSTE_0158_SG_Thunder_Red,CSTE AMAZON,Active,Active Listing,#REF!
254316616_11,CSTE_0160_SG_FireGlass_MercuryGreen,Rudrav Meesho,Active,,
Mercurygreen_fireglass_fba1,CSTE_0160_SG_FireGlass_MercuryGreen,CSTE AMAZON,Inactive,Deleted,
SG-fireglass-mercury-green,CSTE_0160_SG_FireGlass_MercuryGreen,CSTE AMAZON,Inactive,Deleted,
SG-fireglass-mercury-green-FBA,CSTE_0160_SG_FireGlass_MercuryGreen,CSTE AMAZON,Active,Active Listing,#REF!
SG_FireGlass_MercuryGreen,CSTE_0160_SG_FireGlass_MercuryGreen,GL FK,Active,Active Listing,#REF!
MERCURYGREEN_FIRE_SG,CSTE_0160_SG_FireGlass_MercuryGreen,CSTE FK,Active,Active Listing,#REF!
CJ- PINK FIRE FRAME SUNGLASSES FOR WOMEN RIMLESS,CSTE_0162_SG_FireGlass_MercuryPink,CSTE FK,Active,Active Listing,#REF!
SG_FireGlass_MercuryPink,CSTE_0162_SG_FireGlass_MercuryPink,Rudrav Meesho,Active,,#REF!
6rwJ9CPK,CSTE_0163_SG_FireGlass_MercuryPurple,CSTE MEESHO,Active,,
SG-fire glass-Blue,CSTE_0163_SG_FireGlass_MercuryPurple,CSTE AMAZON,Active,Active Listing,#REF!
SG-fire glass-Blue-FBA,CSTE_0163_SG_FireGlass_MercuryPurple,CSTE AMAZON,Active,Active Listing,#REF!
CSTE_0154_SG_FireGlass_Purple,CSTE_0163_SG_FireGlass_MercuryPurple,CSTE AMAZON,Active,Active Listing,#REF!
_SG_FireGlass_Purple,CSTE_0163_SG_FireGlass_MercuryPurple,GL FK,Active,Active Listing,#REF!
FIREGLASS_PURPLE_SG,CSTE_0163_SG_FireGlass_MercuryPurple,CSTE FK,Active,Active Listing,#REF!
SG_FireGlass_MercuryPurple,CSTE_0163_SG_FireGlass_MercuryPurple,GL FK,Active,Active Listing,#REF!
CSTE_0161_SG_FireGlass_MercuryOrange,CSTE_0163_SG_FireGlass_MercuryPurple,CSTE FK,Active,Active Listing,#REF!
Fire Purple_Mercury_SG,CSTE_0163_SG_FireGlass_MercuryPurple,GL FK,Active,Active Listing,#REF!
Muscury Fire Sunglasses-Purple,CSTE_0163_SG_FireGlass_MercuryPurple,CSTE MEESHO,Active,,
PURPLE MERCURY_GLASS,CSTE_0163_SG_FireGlass_MercuryPurple,CSTE MEESHO,Active,,
SG_FireGlass_MercuryPurple,CSTE_0163_SG_FireGlass_MercuryPurple,Rudrav Meesho,Active,,
SG-fireglasses-mercury-red,CSTE_0164_SG_FireGlass_MercuryRed,CSTE AMAZON,Active,Active Listing,#REF!
SG-fireglasses-mercury-red-FBA,CSTE_0164_SG_FireGlass_MercuryRed,CSTE AMAZON,Active,Active Listing,#REF!
CSTE_0164_SG_FireGlass_MercuryRed,CSTE_0164_SG_FireGlass_MercuryRed,CSTE AMAZON,Active,Active Listing,#REF!
CJ-Fire Flame Custom Logo Promotion Sunglasses,CSTE_0164_SG_FireGlass_MercuryRed,CSTE FK,Active,Active Listing,#REF!
SG_FireGlass_MercuryRed,CSTE_0164_SG_FireGlass_MercuryRed,GL FK,Active,Active Listing,#REF!
FireGlass_MercuryRed,CSTE_0164_SG_FireGlass_MercuryRed,CSTE FK,Active,Active Listing,#REF!
MercuryOrange_FireGlass_,CSTE_0164_SG_FireGlass_MercuryRed,CSTE FK,Active,Active Listing,#REF!
CSTE_0166_SG_FireGlass_Orange,CSTE_0164_SG_FireGlass_MercuryRed,CSTE FK,Active,Active Listing,#REF!
Murcury Fire Sunglasses-Orange,CSTE_0164_SG_FireGlass_MercuryRed,CSTE MEESHO,Active,,
REDMERCURY FIRE_GLASS,CSTE_0164_SG_FireGlass_MercuryRed,CSTE MEESHO,Active,,
SG_FireGlass_MercuryRed,CSTE_0164_SG_FireGlass_MercuryRed,Rudrav Meesho,Active,,
CSTE_0165_SG_Square_OffWhite,CSTE_0165_SG_Square_OffWhite,CSTE AMAZON,Inactive,Deleted,
CSTE_0165_SG_Square_OffWhite1,CSTE_0165_SG_Square_OffWhite,CSTE AMAZON,Inactive,Deleted,
Square_OffWhite_SG,CSTE_0165_SG_Square_OffWhite,CSTE FK,Active,Active Listing,#REF!
SMALLSQUARE_WHITE_SG,CSTE_0165_SG_Square_OffWhite,CSTE FK,Active,Active Listing,#REF!
Square_offWhite_Small,CSTE_0165_SG_Square_OffWhite,CSTE MEESHO,Active,,#REF!
Pink_cat_eyeglasses_metal_fba,CSTE_0167_SG_Oval_Pink,CSTE AMAZON,Active,Active Listing,#REF!
pink oval _metal_sg,CSTE_0167_SG_Oval_Pink,CSTE MEESHO,Active,,
SG_Oval_Pink,CSTE_0167_SG_Oval_Pink,Rudrav Meesho,Active,,
black_punkheart_glass,CSTE_0168_SG_Heart_Pink,Rudrav Meesho,In Progress,,
Newglass-10,CSTE_0168_SG_Heart_Pink,CSTE AMAZON,Inactive,Deleted,
Pink_Heart_sunglasses,CSTE_0168_SG_Heart_Pink,CSTE AMAZON,Active,Active Listing,#REF!
heart_pink_SG,CSTE_0168_SG_Heart_Pink,CSTE FK,Active,Active Listing,#REF!
Pink Heart Sunglasses,CSTE_0168_SG_Heart_Pink,CSTE MEESHO,In Progress,,
SG_Heart_Pink,CSTE_0168_SG_Heart_Pink,Rudrav Meesho,In Progress,,
peacecolor_squar_glasses,CSTE_0169_SG_Sqaure_Creame,CSTE AMAZON,Active,Active Listing,#REF!
offwhite_square_glasses,CSTE_0169_SG_Sqaure_Creame,GL FK,Active,Active Listing,#REF!
Sqaure_Creame_SG,CSTE_0169_SG_Sqaure_Creame,CSTE FK,Active,Active Listing,#REF!
CSTE_0169_SG_Sqaure_Creame,CSTE_0169_SG_Sqaure_Creame,CSTE AMAZON,Active,,#REF!
SQUARE CREAMBROWN_SG,CSTE_0169_SG_Sqaure_Creame,CSTE MEESHO,Active,,#REF!
CREAM SQUARE_OVAL,CSTE_0169_SG_Sqaure_Creame,CSTE MEESHO,Active,,#REF!
CSTE_0169_SG_Sqaure_Creame,CSTE_0169_SG_Sqaure_Creame,CSTE MEESHO,Active,,#REF!
cream_square_sg,CSTE_0169_SG_Sqaure_Creame,Rudrav Meesho,Active,,#REF!
oval_cream_SG,CSTE_0169_SG_Sqaure_Creame,Rudrav Meesho,Active,,#REF!
Sqaure_Creame,CSTE_0169_SG_Sqaure_Creame,Rudrav Meesho,In Progress,,
CSTE_0170_SG_Thunder_Purple,CSTE_0170_SG_Thunder_Purple,CSTE AMAZON,Inactive,Deleted,
SG_Thunder_Purple,CSTE_0170_SG_Thunder_Purple,CSTE MEESHO,In Progress,,
thunder_purple_SG_1,CSTE_0170_SG_Thunder_Purple,Rudrav Meesho,In Progress,,
1713595565_7,CSTE_0171_SG_TransparentHeart_Purple,Rudrav Meesho,In Progress,,
2128598469_7,CSTE_0171_SG_TransparentHeart_Purple,Rudrav Meesho,In Progress,,
CSTE_0171_SG_TransparentHeart_Purple,CSTE_0171_SG_TransparentHeart_Purple,CSTE MEESHO,In Progress,,
RoundPurple_Heartfba,CSTE_0171_SG_TransparentHeart_Purple,CSTE AMAZON,Inactive,Deleted,
Fancy party glasess,CSTE_0171_SG_TransparentHeart_Purple,CSTE AMAZON,Inactive,Deleted,
party glasses purple,CSTE_0171_SG_TransparentHeart_Purple,CSTE FK,Active,Active Listing,#REF!
party glasses purple,CSTE_0171_SG_TransparentHeart_Purple,CSTE MEESHO,In Progress,,
Transt_purple_heat _SG_1,CSTE_0171_SG_TransparentHeart_Purple,Rudrav Meesho,In Progress,,
Big_purple_SG,CSTE_0172_SG_Square_Purple,Rudrav Meesho,Active,,
purple_rectangle_glasses_fba,CSTE_0172_SG_Square_Purple,CSTE AMAZON,Active,Active Listing,#REF!
Square_Purple_sg,CSTE_0172_SG_Square_Purple,CSTE FK,Active,Active Listing,#REF!
Purple_square,CSTE_0172_SG_Square_Purple,CSTE MEESHO,Active,,#REF!
TRANSPARENT SQUARE _SG,CSTE_0172_SG_Square_Purple,CSTE MEESHO,Active,,#REF!
PURPLE BIG SQUARE_SUNGLASS,CSTE_0172_SG_Square_Purple,CSTE MEESHO,Active,,#REF!
1796347942_4,CSTE_0172_SG_Square_Purple,CSTE MEESHO,Active,,#REF!
CSTE_0172_SG_Square_Purple,CSTE_0172_SG_Square_Purple,CSTE AMAZON,Active,,#REF!
CSTE_0172_SG_Square_Purple,CSTE_0172_SG_Square_Purple,Rudrav Meesho,Active,,#REF!
purple_big_square_SG,CSTE_0172_SG_Square_Purple,Rudrav Meesho,Active,,
1691872855_5,CSTE_0173_SG_Heart_Red,Rudrav Meesho,In Progress,,
2034722522_19,CSTE_0173_SG_Heart_Red,Rudrav Meesho,In Progress,,
679913772_19,CSTE_0173_SG_Heart_Red,CSTE MEESHO,In Progress,,
Red_heart_Sunglass,CSTE_0173_SG_Heart_Red,CSTE AMAZON,Inactive,Deleted,
red_heart_glasses,CSTE_0173_SG_Heart_Red,GL FK,Active,Active Listing,#REF!
HEART_RED_SG,CSTE_0173_SG_Heart_Red,CSTE FK,Active,Active Listing,#REF!
party glasses red,CSTE_0173_SG_Heart_Red,CSTE MEESHO,In Progress,,
RED HEART_SUNGLASS,CSTE_0173_SG_Heart_Red,CSTE MEESHO,In Progress,,
Red_cat_eyeglasses,CSTE_0174_SG_Oval_Red,CSTE AMAZON,Inactive,Deleted,
Red_cat_eyeglasses_fba,CSTE_0174_SG_Oval_Red,CSTE AMAZON,Active,Active Listing,#REF!
orange_oval_glasses,CSTE_0174_SG_Oval_Red,GL FK,Active,Active Listing,#REF!
CSTE_0174_SG_Oval_Red,CSTE_0174_SG_Oval_Red,CSTE AMAZON,Active,,#REF!
Oval_Red_SG,CSTE_0174_SG_Oval_Red,CSTE MEESHO,Active,,#REF!
CSTE_0174_SG_Oval_Red,CSTE_0174_SG_Oval_Red,CSTE FK,Active,,#REF!
RED OVAL_SG,CSTE_0174_SG_Oval_Red,CSTE MEESHO,Active,,#REF!
910069588_23,CSTE_0174_SG_Oval_Red,CSTE MEESHO,Active,,#REF!
oval_red_SG,CSTE_0174_SG_Oval_Red,Rudrav Meesho,Active,,#REF!
2030088958_23,CSTE_0174_SG_Oval_Red,Rudrav Meesho,Active,,#REF!
CSTE_0174_SG_Oval_Red,CSTE_0174_SG_Oval_Red,CSTE MEESHO,Active,,#REF!
32654025,CSTE_0175_SG_FireGlass_Silver,Rudrav Meesho,Active,,
1277893228_6,CSTE_0175_SG_FireGlass_Silver,Rudrav Meesho,Active,,
1730263290_10,CSTE_0175_SG_FireGlass_Silver,Rudrav Meesho,Active,,
375454540_10,CSTE_0175_SG_FireGlass_Silver,CSTE MEESHO,Active,,
BKI8MxFD,CSTE_0175_SG_FireGlass_Silver,CSTE MEESHO,Active,,
ZI-ZLLR-6USK,CSTE_0175_SG_FireGlass_Silver,CSTE AMAZON,Inactive,Deleted,
Mercurywhite_fireglasses,CSTE_0175_SG_FireGlass_Silver,CSTE AMAZON,Active,Active Listing,#REF!
SG-fireglass-silver,CSTE_0175_SG_FireGlass_Silver,CSTE AMAZON,Active,Active Listing,#REF!
Silver_fireglass_fba,CSTE_0175_SG_FireGlass_Silver,CSTE AMAZON,Active,Active Listing,#REF!
SG-fireglass-silver-FBA,CSTE_0175_SG_FireGlass_Silver,CSTE AMAZON,Active,Active Listing,#REF!
grey_fireglass,CSTE_0175_SG_FireGlass_Silver,GL FK,Active,Active Listing,#REF!
CJ-FIRE FLAME RIMLESS SUNGLASS SILVER,CSTE_0175_SG_FireGlass_Silver,CSTE FK,Active,Active Listing,#REF!
SILVER FIRE_GLASS,CSTE_0175_SG_FireGlass_Silver,CSTE MEESHO,Active,,
CSTE_0176_SG_SmallSquare_White,CSTE_0176_SG_SmallSquare_White,CSTE AMAZON,Active,Active Listing,#REF!
skinbrown_square_glasses,CSTE_0176_SG_SmallSquare_White,GL FK,Active,Active Listing,#REF!
white oval_sg,CSTE_0176_SG_SmallSquare_White,CSTE MEESHO,Active,,#REF!
CSTE_0176_SG_SmallSquare_White,CSTE_0176_SG_SmallSquare_White,Rudrav Meesho,Active,,#REF!
SG_SmallSquare_White,CSTE_0176_SG_SmallSquare_White,Rudrav Meesho,Active,,
506882555_25,CSTE_0177_SG_Square/Golden_Black,CSTE MEESHO,Active,,
847926195_25,CSTE_0177_SG_Square/Golden_Black,Rudrav Meesho,Active,,
BIG BLACKGOLDSQUARE_SG,CSTE_0177_SG_Square/Golden_Black,CSTE MEESHO,Active,,
blk_gold_square_SG,CSTE_0177_SG_Square/Golden_Black,Rudrav Meesho,Active,,
Brown_Gold_SG,CSTE_0177_SG_Square/Golden_Black,Rudrav Meesho,Active,,
BROWNGOLD_BIGSUBGLASS,CSTE_0177_SG_Square/Golden_Black,CSTE MEESHO,Active,,
Square/Golden_Black_sg,CSTE_0177_SG_Square/Golden_Black,CSTE FK,Active,Active Listing,#REF!
DJ ALOK_SUNGLASS,CSTE_0177_SG_Square/Golden_Black,CSTE MEESHO,Active,,
GOLD GANGSTER_SUNGLASS,CSTE_0177_SG_Square/Golden_Black,CSTE MEESHO,Active,,
1143810604_4,CSTE_0178_SG_Square_Pink,Rudrav Meesho,Active,,
1912192788_24,CSTE_0178_SG_Square_Pink,CSTE MEESHO,Active,,
557384038_24,CSTE_0178_SG_Square_Pink,Rudrav Meesho,Active,,
purple_big_shadedgold_glasses_fba,CSTE_0178_SG_Square_Pink,CSTE AMAZON,Inactive,Deleted,
JO-QD50-L0O0,CSTE_0178_SG_Square_Pink,CSTE AMAZON,Inactive,Deleted,
Peach_starglass_fba,CSTE_0179_SG_Star_Pink,CSTE AMAZON,Inactive,Deleted,
CSTE_0179_SG_Star_Pink,CSTE_0179_SG_Star_Pink,CSTE AMAZON,Inactive,Deleted,
SG_Star_Pink,CSTE_0179_SG_Star_Pink,CSTE MEESHO,In Progress,,
SG_Star_Pink,CSTE_0179_SG_Star_Pink,Rudrav Meesho,In Progress,,
purple_starglassses,CSTE_0180_SG_Star_Purple,CSTE AMAZON,Inactive,Deleted,
star_purpleglass,CSTE_0180_SG_Star_Purple,GL FK,Active,Active Listing,#REF!
SG_Star_Purple,CSTE_0180_SG_Star_Purple,CSTE MEESHO,In Progress,,
SG_Star_Purple,CSTE_0180_SG_Star_Purple,Rudrav Meesho,In Progress,,
SG_Star_Blue,CSTE_0181_SG_Star_Blue,Rudrav Meesho,In Progress,,
Star_redglass_fba,CSTE_0182_SG_Star_Red,CSTE AMAZON,Inactive,Deleted,
Blackstar_Glass_fba1,CSTE_0182_SG_Star_Red,CSTE AMAZON,Inactive,Deleted,
RED STAR_SUNGLASS,CSTE_0182_SG_Star_Red,CSTE MEESHO,In Progress,,
STAR_RED_SG,CSTE_0182_SG_Star_Red,Rudrav Meesho,In Progress,,
Blue_starglass,CSTE_0183_SG_Star_Black,CSTE AMAZON,Inactive,Deleted,
SG_Star_Black,CSTE_0183_SG_Star_Black,CSTE MEESHO,In Progress,,
SG_Star_Black,CSTE_0183_SG_Star_Black,Rudrav Meesho,In Progress,,
CSTE_0184_SG_Sqaure/small_TigerPrint,CSTE_0184_SG_Sqaure/small_TigerPrint,CSTE AMAZON,Active,Active Listing,#REF!
Sqaure/small_TigerPrint_sg,CSTE_0184_SG_Sqaure/small_TigerPrint,CSTE FK,Active,Active Listing,#REF!
RECTANGLE TIIGERPRINT_SG,CSTE_0184_SG_Sqaure/small_TigerPrint,CSTE MEESHO,Active,,#REF!
CSTE_0184_SG_Sqaure_small_TigerPrint_1,CSTE_0184_SG_Sqaure/small_TigerPrint,CSTE AMAZON,Active,,#REF!
SG_Sqaure/small_TigerPrint,CSTE_0184_SG_Sqaure/small_TigerPrint,Rudrav Meesho,Active,,#REF!
Round_tiger_prient_SG,CSTE_0184_SG_Sqaure/small_TigerPrint,Rudrav Meesho,In Progress,,
1373215342_8,CSTE_0185_SG_TransparentHeart_Red,Rudrav Meesho,In Progress,,
174643083_6,CSTE_0185_SG_TransparentHeart_Red,Rudrav Meesho,In Progress,,
CSTE_0185_SG_TransparentHeart_Red,CSTE_0185_SG_TransparentHeart_Red,CSTE MEESHO,In Progress,,
RoundRed_Heartfba,CSTE_0185_SG_TransparentHeart_Red,CSTE AMAZON,Inactive,Deleted,
round_redglass,CSTE_0185_SG_TransparentHeart_Red,GL FK,Active,Active Listing,#REF!
party glasses red,CSTE_0185_SG_TransparentHeart_Red,CSTE FK,Active,Active Listing,#REF!
CSTE_0185_SG_TransparentHeart_Red,CSTE_0185_SG_TransparentHeart_Red,CSTE FK,Active,Active Listing,#REF!
TRANSPARENT RED HEART_SUNGLASS,CSTE_0185_SG_TransparentHeart_Red,CSTE MEESHO,In Progress,,
Transt_red_heat _SG_1,CSTE_0185_SG_TransparentHeart_Red,Rudrav Meesho,In Progress,,
TRANSPARENT_HEART Acrylic,CSTE_0189_MB_Transparent_Circle,CSTE MEESHO,In Progress,,
MB_MHA5_Black,CSTE_0190_MB_MHA5_Black,CSTE AMAZON,Active,Active Listing,#REF!
cj-ciao-black,CSTE_0190_MB_MHA5_Black,CSTE AMAZON,Active,Active Listing,#REF!
cj-heist -ciao black,CSTE_0190_MB_MHA5_Black,CSTE AMAZON,Active,Active Listing,#REF!
MH A5 Black MB,CSTE_0190_MB_MHA5_Black,GL FK,Active,Active Listing,#REF!
MONEYHEIST_A5_BLACK,CSTE_0190_MB_MHA5_Black,CSTE FK,Active,Active Listing,#REF!
CSTE_0190_MB_MHA5_Black,CSTE_0190_MB_MHA5_Black,CSTE FK,Active,Active Listing,#REF!
MH_A5_BLACK,CSTE_0190_MB_MHA5_Black,GL FK,Active,Active Listing,#REF!
MB_MH_A5_black,CSTE_0190_MB_MHA5_Black,Rudrav Meesho,Active,,
MONEY HEIST A-5_BLACK,CSTE_0190_MB_MHA5_Black,CSTE MEESHO,Active,,
money_heist_collection_design2,CSTE_0191_MB_MHA2_Brown,CSTE AMAZON,Active,Active Listing,#REF!
Musicbox_BCB,CSTE_0191_MB_MHA2_Brown,CSTE AMAZON,Active,Active Listing,#REF!
MHA-2_BROWN,CSTE_0191_MB_MHA2_Brown,GL FK,Active,Active Listing,#REF!
MB_MH_A2 BROWN_1,CSTE_0191_MB_MHA2_Brown,GL FK,Active,Active Listing,#REF!
MH A-2_BROWN,CSTE_0191_MB_MHA2_Brown,GL FK,Active,Active Listing,#REF!
moeny Heist Musical Toy,CSTE_0191_MB_MHA2_Brown,CSTE FK,Active,Active Listing,#REF!
A2_Brown_MB,CSTE_0191_MB_MHA2_Brown,CSTE FK,Active,Active Listing,#REF!
FK- MONEY HEIST MUSIC BOX BROWN 1,CSTE_0191_MB_MHA2_Brown,CSTE FK,Active,Active Listing,#REF!
MB_A7_BROWN,CSTE_0191_MB_MHA2_Brown,CSTE FK,Active,Active Listing,#REF!
CSTE_0191_MB_MHA2_Brown,CSTE_0191_MB_MHA2_Brown,CSTE FK,Active,Active Listing,#REF!
n2KWlBhc,CSTE_0191_MB_MHA2_Brown,CSTE MEESHO,Active,,#REF!
d4,CSTE_0191_MB_MHA2_Brown,CSTE MEESHO,Active,,#REF!
s8,CSTE_0191_MB_MHA2_Brown,CSTE MEESHO,Active,,#REF!
JOMUzhqR,CSTE_0191_MB_MHA2_Brown,CSTE MEESHO,Active,,#REF!
MB_A2_brown,CSTE_0191_MB_MHA2_Brown,Rudrav Meesho,Active,,
-V3ptz2J,CSTE_0192_MB_MHA3_Black,CSTE MEESHO,Active,,
MB-Fusked MH-multi-fba,CSTE_0192_MB_MHA3_Black,CSTE AMAZON,Inactive,Deleted,
MH_A5_BLACK MB,CSTE_0192_MB_MHA3_Black,CSTE FK,Active,Active Listing,#REF!
MH A3 Black MB,CSTE_0192_MB_MHA3_Black,GL FK,Active,Active Listing,#REF!
CSTE_0192_MB_MHA3_Black,CSTE_0192_MB_MHA3_Black,CSTE FK,Active,Active Listing,#REF!
MH_A3_BLK,CSTE_0192_MB_MHA3_Black,GL FK,Active,Active Listing,#REF!
HOC_MH_A5_BLACK MB,CSTE_0192_MB_MHA3_Black,CSTE FK,Active,,#REF!
CSTE058,CSTE_0192_MB_MHA3_Black,CSTE MEESHO,Active,,
MB_MH_A3_Black,CSTE_0192_MB_MHA3_Black,Rudrav Meesho,Active,,
MB_MHA6_Black,CSTE_0193_MB_MHA6_Black,CSTE AMAZON,Active,Active Listing,#REF!
MH A5 Black Music B,CSTE_0193_MB_MHA6_Black,CSTE FK,Active,Active Listing,#REF!
MH_A6_black,CSTE_0193_MB_MHA6_Black,GL FK,Active,Active Listing,#REF!
CSTE_0193_MB_MHA6_Black,CSTE_0193_MB_MHA6_Black,CSTE FK,Active,Active Listing,#REF!
CSTE054,CSTE_0193_MB_MHA6_Black,CSTE MEESHO,Active,,
MB_MH_A6_black,CSTE_0193_MB_MHA6_Black,Rudrav Meesho,Active,,
money heist A-6_BLACK,CSTE_0193_MB_MHA6_Black,CSTE MEESHO,Active,,
money_heist_collection_design5,CSTE_0194_MB_MH3Joker_Brown,CSTE AMAZON,Active,Active Listing,#REF!
Money Heist 1,CSTE_0194_MB_MH3Joker_Brown,CSTE AMAZON,Active,Active Listing,#REF!
7T-TK3O-AIHG,CSTE_0194_MB_MH3Joker_Brown,CSTE AMAZON,Active,Active Listing,#REF!
cj-joker-brown,CSTE_0194_MB_MH3Joker_Brown,CSTE AMAZON,Active,Active Listing,#REF!
MH_3Joker_brown,CSTE_0194_MB_MH3Joker_Brown,GL FK,Active,Active Listing,#REF!
MB_A1_BROWN,CSTE_0194_MB_MH3Joker_Brown,GL FK,Active,Active Listing,#REF!
FK-MONEY HEIST BROWN 3,CSTE_0194_MB_MH3Joker_Brown,CSTE FK,Active,Active Listing,#REF!
CSTE_0194_MB_MH3Joker_Brown,CSTE_0194_MB_MH3Joker_Brown,CSTE FK,Active,Active Listing,#REF!
2bp32GMp,CSTE_0194_MB_MH3Joker_Brown,CSTE MEESHO,Active,,#REF!
FksGqMR1,CSTE_0194_MB_MH3Joker_Brown,CSTE MEESHO,Active,,#REF!
moneyheist_A1,CSTE_0194_MB_MH3Joker_Brown,Rudrav Meesho,Active,,#REF!
Musicbox_mhb,CSTE_0195_MB_MHA13_Brown,CSTE AMAZON,Active,Active Listing,#REF!
8Y-0E9L-HAQE,CSTE_0195_MB_MHA13_Brown,CSTE AMAZON,Active,Active Listing,#REF!
MB_Maskmh_flex,CSTE_0195_MB_MHA13_Brown,CSTE AMAZON,Active,Active Listing,#REF!
MH_A3_brown,CSTE_0195_MB_MHA13_Brown,GL FK,Active,Active Listing,#REF!
MH_Mask_Brown,CSTE_0195_MB_MHA13_Brown,CSTE FK,Active,Active Listing,#REF!
MB_MH_A13,CSTE_0195_MB_MHA13_Brown,GL FK,Active,Active Listing,#REF!
CSTE_0195_MB_MHA13_Brown,CSTE_0195_MB_MHA13_Brown,CSTE FK,Active,Active Listing,#REF!
CSTE059,CSTE_0195_MB_MHA13_Brown,CSTE MEESHO,Active,,#REF!
MB_MH_A13_brown,CSTE_0195_MB_MHA13_Brown,Rudrav Meesho,Active,,#REF!
HOC_MH_Mask_Brown,CSTE_0195_MB_MHA13_Brown,CSTE FK,Active,,#REF!
cj-chill-black,CSTE_0196_MB_MHA2_Black,CSTE AMAZON,Active,Active Listing,#REF!
MH A2 Black MB,CSTE_0196_MB_MHA2_Black,GL FK,Active,Active Listing,#REF!
MB_A7_BLACK,CSTE_0196_MB_MHA2_Black,CSTE FK,Active,Active Listing,#REF!
CSTE_0196_MB_MHA2_Black,CSTE_0196_MB_MHA2_Black,CSTE FK,Active,Active Listing,#REF!
MH A2 Black MB,CSTE_0196_MB_MHA2_Black,CSTE FK,Active,Active Listing,#REF!
CSTE055,CSTE_0196_MB_MHA2_Black,CSTE MEESHO,Active,,
MB_MH_A2_black,CSTE_0196_MB_MHA2_Black,Rudrav Meesho,Active,,
All_Black_mb,CSTE_0197_MB_MHAll_Black,CSTE AMAZON,Active,Active Listing,#REF!
MB_MHAll_Black,CSTE_0197_MB_MHAll_Black,GL FK,Active,Active Listing,#REF!
MHAll_Black_MB,CSTE_0197_MB_MHAll_Black,CSTE FK,Active,Active Listing,#REF!
CSTE_0197_MB_MHAll_Black,CSTE_0197_MB_MHAll_Black,CSTE FK,Active,Active Listing,#REF!
HOC_MHAll_Black_MB,CSTE_0197_MB_MHAll_Black,CSTE FK,Active,,#REF!
MB_MH_A11_black,CSTE_0197_MB_MHAll_Black,Rudrav Meesho,Active,,
MHAll_Black,CSTE_0197_MB_MHAll_Black,Rudrav Meesho,Active,,
MONEY HEIST A-11_BLACK,CSTE_0197_MB_MHAll_Black,CSTE MEESHO,Active,,
MB_MHA15_Brown,CSTE_0198_MB_MHA15_Brown,CSTE AMAZON,Active,Active Listing,#REF!
MH A15 Brown MB,CSTE_0198_MB_MHA15_Brown,GL FK,Active,Active Listing,#REF!
MH_A15_BROWN,CSTE_0198_MB_MHA15_Brown,GL FK,Active,Active Listing,#REF!
CSTE_0198_MB_MHA15_Brown,CSTE_0198_MB_MHA15_Brown,CSTE FK,Active,Active Listing,#REF!
MONEY HEIST A-15_BROWN,CSTE_0198_MB_MHA15_Brown,CSTE MEESHO,Active,,#REF!
MB_MH_A15_Brown,CSTE_0198_MB_MHA15_Brown,Rudrav Meesho,Active,,#REF!
money_heist_collection_design3,CSTE_0199_MB_MHA8_Brown,CSTE AMAZON,Active,Active Listing,#REF!
cj-heist-ciaobrown,CSTE_0199_MB_MHA8_Brown,CSTE AMAZON,Active,Active Listing,#REF!
MB_ELproff_flex,CSTE_0199_MB_MHA8_Brown,CSTE AMAZON,Active,Active Listing,#REF!
MB_LAcasamh_flex,CSTE_0199_MB_MHA8_Brown,CSTE AMAZON,Active,Active Listing,#REF!
Money Heist 4,CSTE_0199_MB_MHA8_Brown,CSTE AMAZON,Active,Active Listing,#REF!
MB_A-8_Brown,CSTE_0199_MB_MHA8_Brown,GL FK,Active,Active Listing,#REF!
music box 1,CSTE_0199_MB_MHA8_Brown,GL FK,Active,Active Listing,#REF!
MHA8_MB,CSTE_0199_MB_MHA8_Brown,CSTE FK,Active,Active Listing,#REF!
elprofessor,CSTE_0199_MB_MHA8_Brown,CSTE FK,Active,Active Listing,#REF!
Professor-Half-Face-Black,CSTE_0199_MB_MHA8_Brown,CSTE FK,Active,Active Listing,#REF!
CSTE_0199_MB_MHA8_Brown,CSTE_0199_MB_MHA8_Brown,CSTE FK,Active,Active Listing,#REF!
MH_A8_Brown,CSTE_0199_MB_MHA8_Brown,CSTE MEESHO,Active,,#REF!
MONEY HEIST A-8_BROWN,CSTE_0199_MB_MHA8_Brown,CSTE MEESHO,Active,,#REF!
MHA8_brown,CSTE_0199_MB_MHA8_Brown,CSTE MEESHO,Active,,#REF!
mfAdh0A1,CSTE_0199_MB_MHA8_Brown,Rudrav Meesho,Active,,
cj-heist-nagar,CSTE_0200_MB_MHLasaCasaDePapel_Brown,CSTE AMAZON,Active,Active Listing,#REF!
FR-E0VV-N2CE,CSTE_0200_MB_MHLasaCasaDePapel_Brown,CSTE AMAZON,Active,Active Listing,#REF!
Money Heist 2,CSTE_0200_MB_MHLasaCasaDePapel_Brown,CSTE AMAZON,Active,Active Listing,#REF!
MB_MH_lasa_flex,CSTE_0200_MB_MHLasaCasaDePapel_Brown,CSTE AMAZON,Active,Active Listing,#REF!
MHLasaCasaDePapel_Brown,CSTE_0200_MB_MHLasaCasaDePapel_Brown,GL FK,Active,Active Listing,#REF!
MHLasaCasaDePapel_Brown,CSTE_0200_MB_MHLasaCasaDePapel_Brown,CSTE FK,Active,Active Listing,#REF!
FK- MONEY HEIAT BOX 2,CSTE_0200_MB_MHLasaCasaDePapel_Brown,CSTE FK,Active,Active Listing,#REF!
CSTE_0200_MB_MHLasaCasaDePapel_Brown,CSTE_0200_MB_MHLasaCasaDePapel_Brown,CSTE FK,Active,Active Listing,#REF!
MH-LA CASA DE PAPEL_BROWN,CSTE_0200_MB_MHLasaCasaDePapel_Brown,CSTE MEESHO,Active,,#REF!
d8,CSTE_0200_MB_MHLasaCasaDePapel_Brown,CSTE MEESHO,Active,,#REF!
CSTE_0200_MB_MHLasaCasaDePapel_Brown,CSTE_0200_MB_MHLasaCasaDePapel_Brown,CSTE MEESHO,Active,,#REF!
CSTE053,CSTE_0200_MB_MHLasaCasaDePapel_Brown,CSTE MEESHO,Active,,#REF!
MB_MHLasaCasaDePapel_Brown,CSTE_0200_MB_MHLasaCasaDePapel_Brown,Rudrav Meesho,Active,,#REF!
11-V74N-5538,CSTE_0202_MB_MHA16_Brown,CSTE AMAZON,Active,Active Listing,#REF!
MH A16 Brown MB,CSTE_0202_MB_MHA16_Brown,GL FK,Active,Active Listing,#REF!
MB_A16_BROWN,CSTE_0202_MB_MHA16_Brown,CSTE FK,Active,Active Listing,#REF!
MusicBox_ProfessorA14,CSTE_0202_MB_MHA16_Brown,CSTE FK,Active,Active Listing,#REF!
mh_16_brown,CSTE_0202_MB_MHA16_Brown,CSTE FK,Active,Active Listing,#REF!
CSTE_0202_MB_MHA16_Brown,CSTE_0202_MB_MHA16_Brown,CSTE FK,Active,Active Listing,#REF!
MONEY HEIST A-16_BROWN,CSTE_0202_MB_MHA16_Brown,CSTE MEESHO,Active,,#REF!
profesorbrownmusicbox,CSTE_0202_MB_MHA16_Brown,CSTE MEESHO,Active,,#REF!
j0kJ3rOu,CSTE_0202_MB_MHA16_Brown,CSTE MEESHO,Active,,#REF!
MB_MHA16_Brown,CSTE_0202_MB_MHA16_Brown,Rudrav Meesho,Active,,#REF!
MHA14_Brown,CSTE_0203_MB_MHA14_Brown,CSTE AMAZON,Active,Active Listing,#REF!
cj-ciao-brown,CSTE_0203_MB_MHA14_Brown,CSTE AMAZON,Active,Active Listing,#REF!
MHA-14_BROWN,CSTE_0203_MB_MHA14_Brown,GL FK,Active,Active Listing,#REF!
MH A14 Brown MB,CSTE_0203_MB_MHA14_Brown,GL FK,Active,Active Listing,#REF!
A14_BROWN,CSTE_0203_MB_MHA14_Brown,CSTE FK,Active,Active Listing,#REF!
MusicBox_MoneyHeistA15,CSTE_0203_MB_MHA14_Brown,CSTE FK,Active,Active Listing,#REF!
CSTE_0203_MB_MHA14_Brown,CSTE_0203_MB_MHA14_Brown,CSTE FK,Active,Active Listing,#REF!
MH A14 Brown MB,CSTE_0203_MB_MHA14_Brown,CSTE FK,Active,Active Listing,#REF!
MHA14_Brown,CSTE_0203_MB_MHA14_Brown,CSTE MEESHO,Active,,#REF!
MB_MHA14_Brown,CSTE_0203_MB_MHA14_Brown,Rudrav Meesho,Active,,#REF!
W3-SAG1-8B8K,CSTE_0204_MB_MHA12_Brown,CSTE AMAZON,Active,Active Listing,#REF!
moneyhiestA15,CSTE_0204_MB_MHA12_Brown,CSTE FK,Active,Active Listing,#REF!
MB_MB_A12BROWN_1,CSTE_0204_MB_MHA12_Brown,GL FK,Active,Active Listing,#REF!
CSTE_0204_MB_MHA12_Brown,CSTE_0204_MB_MHA12_Brown,CSTE FK,Active,Active Listing,#REF!
MONEY HEIST A-12_BROWN,CSTE_0204_MB_MHA12_Brown,CSTE MEESHO,Active,,#REF!
MB_MHA12_Brown,CSTE_0204_MB_MHA12_Brown,GL FK,Active,Active Listing,#REF!
MB_MHA12_Brown,CSTE_0204_MB_MHA12_Brown,Rudrav Meesho,Active,,#REF!
HOC_moneyhiestA15,CSTE_0204_MB_MHA12_Brown,CSTE FK,Active,,#REF!
money_heist_collection_design1,CSTE_0205_MB_MHA10_Brown,CSTE AMAZON,Active,Active Listing,#REF!
CSTE_0205_MB_MHA10_Brown,CSTE_0205_MB_MHA10_Brown,GL FK,Active,Active Listing,#REF!
HOC_CSTE_0205_MB_MHA10_Brown,CSTE_0205_MB_MHA10_Brown,CSTE FK,Active,Active Listing,#REF!
CSTE_0205_MB_MHA10_Brown,CSTE_0205_MB_MHA10_Brown,CSTE FK,Active,Active Listing,#REF!
MH A9 Brown MB,CSTE_0205_MB_MHA10_Brown,CSTE FK,Active,Active Listing,#REF!
CSTE_0205_MB_MHA10_Brown,CSTE_0205_MB_MHA10_Brown,Rudrav Meesho,Active,,#REF!
money_heist_collection_design4,CSTE_0206_MB_MHA9_Brown,CSTE AMAZON,Active,Active Listing,#REF!
Money Heist 3,CSTE_0206_MB_MHA9_Brown,CSTE AMAZON,Active,Active Listing,#REF!
cj- heist 3,CSTE_0206_MB_MHA9_Brown,CSTE AMAZON,Active,Active Listing,#REF!
MB_MHteam_flex,CSTE_0206_MB_MHA9_Brown,CSTE AMAZON,Active,Active Listing,#REF!
Mh_A9_brown,CSTE_0206_MB_MHA9_Brown,GL FK,Active,Active Listing,#REF!
MH A9 Brown MB,CSTE_0206_MB_MHA9_Brown,GL FK,Active,Active Listing,#REF!
HOC_CSTE_0206_MB_MHA9_Brown,CSTE_0206_MB_MHA9_Brown,CSTE FK,Active,Active Listing,#REF!
MB_A9_BROWN,CSTE_0206_MB_MHA9_Brown,CSTE FK,Active,Active Listing,#REF!
A9_MB_MH,CSTE_0206_MB_MHA9_Brown,CSTE FK,Active,Active Listing,#REF!
CSTE_0206_MB_MHA9_Brown,CSTE_0206_MB_MHA9_Brown,CSTE FK,Active,Active Listing,#REF!
m1,CSTE_0206_MB_MHA9_Brown,CSTE MEESHO,Active,,#REF!
CSTE057,CSTE_0206_MB_MHA9_Brown,CSTE MEESHO,Active,,#REF!
MB_MHA9_Brown,CSTE_0206_MB_MHA9_Brown,Rudrav Meesho,Active,,#REF!
bella caio black music box,CSTE_0207_MB_BellaCiao_Black,CSTE AMAZON,Inactive,Deleted,
MB_black_ciaoflex,CSTE_0207_MB_BellaCiao_Black,CSTE AMAZON,Inactive,Deleted,
MB_Bellaciao_Flex,CSTE_0207_MB_BellaCiao_Black,CSTE AMAZON,Inactive,Deleted,
Bella_Ciao_MH_Black,CSTE_0207_MB_BellaCiao_Black,CSTE FK,Active,Active Listing,#REF!
CSTE_0208_MB_BellaCiao_Brown,CSTE_0208_MB_BellaCiao_Brown,CSTE MEESHO,Active,,
CSTE_0208_MB_BellaCiao_Brown,CSTE_0208_MB_BellaCiao_Brown,Rudrav Meesho,Active,,
MUSIC_Box-BLK-BRW FBA,CSTE_0208_MB_BellaCiao_Brown,CSTE AMAZON,Inactive,Deleted,
money heist brown music box,CSTE_0208_MB_BellaCiao_Brown,CSTE AMAZON,Inactive,Deleted,
CSTE_0208_MB_BellaCiao_Brown,CSTE_0208_MB_BellaCiao_Brown,GL FK,Active,Active Listing,#REF!
CSTE_0208_MB_BellaCiao_Brown,CSTE_0208_MB_BellaCiao_Brown,CSTE FK,Active,Active Listing,#REF!
MB_BellaCiao_Brown,CSTE_0208_MB_BellaCiao_Brown,Rudrav Meesho,Active,,
MHA17_Tokyo,CSTE_0210_MB_MHA17_Tokyo,CSTE AMAZON,Active,Active Listing,#REF!
MH A17 Tokyo MB,CSTE_0210_MB_MHA17_Tokyo,GL FK,Active,Active Listing,#REF!
MB_MHA17_Tokyo,CSTE_0210_MB_MHA17_Tokyo,GL FK,Active,Active Listing,#REF!
MusicBox_Tokyo,CSTE_0210_MB_MHA17_Tokyo,CSTE FK,Active,Active Listing,#REF!
MB_A17_BROWN,CSTE_0210_MB_MHA17_Tokyo,CSTE FK,Active,Active Listing,#REF!
CSTE_0210_MB_MHA17_Tokyo,CSTE_0210_MB_MHA17_Tokyo,CSTE FK,Active,Active Listing,#REF!
MH A17 Tokyo MB,CSTE_0210_MB_MHA17_Tokyo,CSTE FK,Active,Active Listing,#REF!
MONEY HEIST A-17_BROWN,CSTE_0210_MB_MHA17_Tokyo,CSTE MEESHO,Active,,#REF!
MB_MHA17_Tokyo,CSTE_0210_MB_MHA17_Tokyo,Rudrav Meesho,Active,,
black_butterflyglass,CSTE_0213_SG_ButterFly_Black,Rudrav Meesho,Active,,
BUTTERFLY_BLACK,CSTE_0213_SG_ButterFly_Black,CSTE MEESHO,Active,,
black _butterfly,CSTE_0213_SG_ButterFly_Black,CSTE AMAZON,Inactive,Deleted,
CSTE_0213_SG_ButterFly_Black,CSTE_0213_SG_ButterFly_Black,CSTE AMAZON,Active,Active Listing,#REF!
SUNGLAS_fba,CSTE_0213_SG_ButterFly_Black,CSTE AMAZON,Active,Active Listing,#REF!
black_butterflyglass,CSTE_0213_SG_ButterFly_Black,GL FK,Active,Active Listing,#REF!
Butterfly_black_SG,CSTE_0213_SG_ButterFly_Black,GL FK,Active,Active Listing,#REF!
CSTE_0213_SG_ButterFly_Black,CSTE_0213_SG_ButterFly_Black,CSTE FK,Active,Active Listing,#REF!
blk_butterfly_sg,CSTE_0213_SG_ButterFly_Black,Rudrav Meesho,Active,,#REF!
butterfly_blue_pink_sg,CSTE_0214_SG_ButterFly_BluePink,Rudrav Meesho,Active,,
CSTE_0214_SG_ButterFly_BluePink,CSTE_0214_SG_ButterFly_BluePink,CSTE AMAZON,Active,Active Listing,#REF!
CSTE_0214_SG_ButterFly_BluePink,CSTE_0214_SG_ButterFly_BluePink,CSTE FK,Active,Active Listing,#REF!
SG_ButterFly_BluePink,CSTE_0214_SG_ButterFly_BluePink,CSTE MEESHO,Active,,
SG_Wings_Black,CSTE_0216_SG_Wings_Black,GL FK,Active,Active Listing,#REF!
WINGS_BLACK_SG,CSTE_0216_SG_Wings_Black,GL FK,Active,Active Listing,#REF!
CSTE_0216_SG_Wings_Black,CSTE_0216_SG_Wings_Black,CSTE FK,Active,Active Listing,#REF!
SG_Wings_Black,CSTE_0216_SG_Wings_Black,CSTE MEESHO,Active,,
wings_black_SG,CSTE_0216_SG_Wings_Black,Rudrav Meesho,Active,,
thuglife_rim_fba,CSTE_0217_SG_ThugLife_Thin,CSTE AMAZON,Inactive,Deleted,
TLSG_map4_1fba,CSTE_0217_SG_ThugLife_Thin,CSTE AMAZON,Inactive,Deleted,
5M-ZJV3-6CGU,CSTE_0217_SG_ThugLife_Thin,CSTE AMAZON,Inactive,Deleted,
TLSG_map5_1fba,CSTE_0217_SG_ThugLife_Thin,CSTE AMAZON,Inactive,Deleted,
TLSG_map2_1fba,CSTE_0217_SG_ThugLife_Thin,CSTE AMAZON,Inactive,Deleted,
FUSKED-TLSG,CSTE_0217_SG_ThugLife_Thin,CSTE AMAZON,Active,Active Listing,#REF!
thugsunglass,CSTE_0217_SG_ThugLife_Thin,CSTE AMAZON,Active,Active Listing,#REF!
TLSG,CSTE_0217_SG_ThugLife_Thin,CSTE AMAZON,Active,Active Listing,#REF!
Thug life sunglasses,CSTE_0217_SG_ThugLife_Thin,GL FK,Active,Active Listing,#REF!
thug_thin,CSTE_0217_SG_ThugLife_Thin,GL FK,Active,Active Listing,#REF!
thuglife_small_map2,CSTE_0217_SG_ThugLife_Thin,GL FK,Active,Active Listing,#REF!
thuglife_small_map,CSTE_0217_SG_ThugLife_Thin,GL FK,Active,Active Listing,#REF!
thuglife_small_map3,CSTE_0217_SG_ThugLife_Thin,GL FK,Active,Active Listing,#REF!
F_sunglass-1,CSTE_0217_SG_ThugLife_Thin,CSTE FK,Active,Active Listing,#REF!
sunglass-1,CSTE_0217_SG_ThugLife_Thin,CSTE FK,Active,Active Listing,#REF!
THUGLIFE_BLACKSMALL,CSTE_0217_SG_ThugLife_Thin,CSTE MEESHO,Active,,#REF!
CA-THUG-LIFE,CSTE_0217_SG_ThugLife_Thin,GL FK,Active,Active Listing,#REF!
CSTE310,CSTE_0217_SG_ThugLife_Thin,CSTE MEESHO,Active,,#REF!
SG_ThugLife_Thin,CSTE_0217_SG_ThugLife_Thin,Rudrav Meesho,Active,,#REF!
g2OC_Tmy,CSTE_0217_SG_ThugLife_Thin,Rudrav Meesho,Active,,
Big_TL,CSTE_0218_SG_ThugLife_Big,CSTE MEESHO,Active,,
BIG_TLSG_map2_1fba,CSTE_0218_SG_ThugLife_Big,CSTE AMAZON,Inactive,Deleted,
BIG_TLSG_map3_1fba,CSTE_0218_SG_ThugLife_Big,CSTE AMAZON,Inactive,Deleted,
BIG_TLSG_map_1fba,CSTE_0218_SG_ThugLife_Big,CSTE AMAZON,Inactive,Deleted,
TL-02,CSTE_0218_SG_ThugLife_Big,CSTE AMAZON,Active,Active Listing,#REF!
CJ-Thug Life Sunglasses Pixel Gangster,CSTE_0218_SG_ThugLife_Big,CSTE FK,Active,Active Listing,#REF!
SG_BIG_TL,CSTE_0218_SG_ThugLife_Big,Rudrav Meesho,Active,,
ThugLife_big,CSTE_0218_SG_ThugLife_Big,CSTE MEESHO,Active,,
THUGLIFE_BLACKBIG,CSTE_0218_SG_ThugLife_Big,CSTE MEESHO,Active,,
TL_big,CSTE_0218_SG_ThugLife_Big,Rudrav Meesho,Active,,
1779161966_14,CSTE_0219_SG_ThugLife_Red,Rudrav Meesho,Active,,
424353216_14,CSTE_0219_SG_ThugLife_Red,CSTE MEESHO,Active,,
MF-DO0J-XK6F,CSTE_0219_SG_ThugLife_Red,CSTE AMAZON,Inactive,Deleted,
TLSG_Red_fba,CSTE_0219_SG_ThugLife_Red,CSTE AMAZON,Active,Active Listing,#REF!
thug_Pink,CSTE_0219_SG_ThugLife_Red,CSTE AMAZON,Active,Active Listing,#REF!
red_thug,CSTE_0219_SG_ThugLife_Red,GL FK,Active,Active Listing,#REF!
THUGLIFE_RED_SG,CSTE_0219_SG_ThugLife_Red,CSTE FK,Active,Active Listing,#REF!
SG_Thunder_Red,CSTE_0219_SG_ThugLife_Red,CSTE MEESHO,Active,,
THUGLIFE_PINKSMALL,CSTE_0219_SG_ThugLife_Red,CSTE MEESHO,Active,,
TLSG_Blue,CSTE_0220_SG_ThugLife_Blue,CSTE AMAZON,Active,Active Listing,#REF!
Blue_thug,CSTE_0220_SG_ThugLife_Blue,CSTE AMAZON,Active,Active Listing,#REF!
blue_thug,CSTE_0220_SG_ThugLife_Blue,GL FK,Active,Active Listing,#REF!
THUGLIFE_BLUE_SG,CSTE_0220_SG_ThugLife_Blue,CSTE FK,Active,Active Listing,#REF!
SG_ThugLife_Blue,CSTE_0220_SG_ThugLife_Blue,Rudrav Meesho,Active,,
Thug LIfe Sunglasses_Blue,CSTE_0220_SG_ThugLife_Blue,CSTE MEESHO,Active,,
THUGLIFE_BLUESMALL,CSTE_0220_SG_ThugLife_Blue,CSTE MEESHO,Active,,
CSTE_0221_SG_Fireflame_Black,CSTE_0221_SG_Fireflame_Black,CSTE AMAZON,Active,Active Listing,#REF!
Fireflame_Black,CSTE_0221_SG_Fireflame_Black,CSTE MEESHO,In Progress,,
SG_Fireflame_Black,CSTE_0221_SG_Fireflame_Black,Rudrav Meesho,In Progress,,
purple_rectangle_glassfba,CSTE_0223_SG_Oval_Cream_brown,CSTE AMAZON,Active,Active Listing,#REF!
brown_square_glasses_109,CSTE_0223_SG_Oval_Cream_brown,GL FK,Active,Active Listing,#REF!
Oval_Cream_Brown,CSTE_0223_SG_Oval_Cream_brown,CSTE MEESHO,Active,,#REF!
PINK BROWN SQUARE_SG,CSTE_0223_SG_Oval_Cream_brown,CSTE MEESHO,Active,,#REF!
BIG SQUARE PINK_SG,CSTE_0224_SG_BigSquare_Pink,CSTE MEESHO,In Progress,,
pinkpurple_heartglassss_fba,CSTE_0224_SG_BigSquare_Pink,CSTE AMAZON,Active,Active Listing,#REF!
pink_purple_glasses,CSTE_0224_SG_BigSquare_Pink,CSTE AMAZON,Active,Active Listing,#REF!
blue_fireglass,CSTE_0224_SG_BigSquare_Pink,GL FK,Active,Active Listing,#REF!
BigSquare_Pink_sg,CSTE_0224_SG_BigSquare_Pink,CSTE FK,Active,Active Listing,#REF!
BIG SQUARE PINK _SUNGLASS,CSTE_0224_SG_BigSquare_Pink,CSTE MEESHO,Active,,#REF!
971111924_8,CSTE_0224_SG_BigSquare_Pink,CSTE MEESHO,Active,,#REF!
square_pink_sg,CSTE_0224_SG_BigSquare_Pink,Rudrav Meesho,Active,,#REF!
big square,CSTE_0224_SG_BigSquare_Pink,Rudrav Meesho,Active,,#REF!
383696826_8,CSTE_0224_SG_BigSquare_Pink,Rudrav Meesho,Active,,#REF!
CSTE_0225_SG_Square/Big_TigerPrint,CSTE_0225_SG_Square/Big_TigerPrint,CSTE AMAZON,Active,,#REF!
tiger_bigUshape_glasses_fba,CSTE_0225_SG_Square/Big_TigerPrint,CSTE AMAZON,Active,Active Listing,#REF!
big_tiger_print,CSTE_0225_SG_Square/Big_TigerPrint,GL FK,Active,Active Listing,#REF!
TIGER PRINT BIG SQUARE_SG,CSTE_0225_SG_Square/Big_TigerPrint,CSTE MEESHO,Active,,#REF!
CSTE_0226_SG_Square/Big_Black,CSTE_0226_SG_Square/Big_Black,CSTE AMAZON,Active,,#REF!
Black_gold_arm_eyeglass,CSTE_0226_SG_Square/Big_Black,CSTE AMAZON,Active,Active Listing,#REF!
CSTE_0226_SG_Square/Big_Black,CSTE_0226_SG_Square/Big_Black,Rudrav Meesho,Active,,#REF!
"Caaju_Square Sunglasses (53) (For Men & Women, Black)",CSTE_0226_SG_Square/Big_Black,CSTE FK,Active,Active Listing,
SG_Star_DoubleShade,CSTE_0228_SG_Star_DoubleShade,GL FK,Active,Active Listing,#REF!
SG_Star_DoubleShade,CSTE_0228_SG_Star_DoubleShade,CSTE MEESHO,In Progress,,
SG_Star_DoubleShade,CSTE_0228_SG_Star_DoubleShade,Rudrav Meesho,In Progress,,
BROWN ROUND_CHAIRMAT,CSTE_0229_HD_Chairmat_Round_Brown,CSTE MEESHO,In Progress,,
brown_fur_mat,CSTE_0229_HD_Chairmat_Round_Brown,GL FK,Active,Active Listing,#REF!
Chairmat_Round_Brown,CSTE_0229_HD_Chairmat_Round_Brown,CSTE FK,Active,Active Listing,#REF!
n0iIy0VD,CSTE_0229_HD_Chairmat_Round_Brown,CSTE MEESHO,Active,,#REF!
LongfurBrown_Mat,CSTE_0229_HD_Chairmat_Round_Brown,CSTE MEESHO,Active,,#REF!
chairmat_brown 16x16,CSTE_0229_HD_Chairmat_Round_Brown,CSTE MEESHO,Active,,#REF!
Flower_Red_Mat_fba,CSTE_0230_HD_Rug_Furmat_RedFlower,CSTE AMAZON,Inactive,Deleted,
Redflower_fur_mat,CSTE_0230_HD_Rug_Furmat_RedFlower,GL FK,Active,Active Listing,#REF!
RED FLOWER _FURMAT,CSTE_0230_HD_Rug_Furmat_RedFlower,CSTE MEESHO,In Progress,,
CA-RUG-WH-FBA,CSTE_0231_HD_Rug_Furmat_RoundCowPrint,CSTE AMAZON,Inactive,Deleted,
Rug_Furmat_RoundCowPrint,CSTE_0231_HD_Rug_Furmat_RoundCowPrint,GL FK,Active,Active Listing,#REF!
CA-RUG-COW,CSTE_0231_HD_Rug_Furmat_RoundCowPrint,CSTE FK,Active,Active Listing,#REF!
CA-FUR-COW,CSTE_0231_HD_Rug_Furmat_RoundCowPrint,CSTE FK,Active,Active Listing,#REF!
Rug_Furmat_RoundCowPrint,CSTE_0231_HD_Rug_Furmat_RoundCowPrint,Rudrav Meesho,Active,,#REF!
ROUND COW PRINT_FURMAT,CSTE_0231_HD_Rug_Furmat_RoundCowPrint,CSTE MEESHO,In Progress,,
HD_Rug_Furmat_RedSqaure,CSTE_0232_HD_Rug_Furmat_RedSqaure,GL FK,Active,Active Listing,#REF!
HD_Rug_Furmat_RedSqaure,CSTE_0232_HD_Rug_Furmat_RedSqaure,CSTE FK,Active,Active Listing,#REF!
redsquare_rug,CSTE_0232_HD_Rug_Furmat_RedSqaure,Rudrav Meesho,In Progress,,
Rug_Furmat_RedSqaure,CSTE_0232_HD_Rug_Furmat_RedSqaure,Rudrav Meesho,In Progress,,
SquareFurMatred,CSTE_0232_HD_Rug_Furmat_RedSqaure,CSTE MEESHO,In Progress,,
_yak_WnD,CSTE_0233_HD_Rug_Furmat_PeachCircle,CSTE MEESHO,In Progress,,
cream round_furmat,CSTE_0233_HD_Rug_Furmat_PeachCircle,CSTE MEESHO,In Progress,,
Peach_Fur_Mat_fba,CSTE_0233_HD_Rug_Furmat_PeachCircle,CSTE AMAZON,Inactive,Deleted,
Golden_Fur_Chair_fba,CSTE_0233_HD_Rug_Furmat_PeachCircle,CSTE AMAZON,Inactive,Deleted,
Rug_Furmat_PeachCircle,CSTE_0233_HD_Rug_Furmat_PeachCircle,GL FK,Active,Active Listing,#REF!
Peach_Fur_Mat_fba,CSTE_0233_HD_Rug_Furmat_PeachCircle,CSTE FK,Active,Active Listing,#REF!
Rug_Furmat_PeachCircle,CSTE_0233_HD_Rug_Furmat_PeachCircle,Rudrav Meesho,Active,,#REF!
FlFrNq8m,CSTE_0233_HD_Rug_Furmat_PeachCircle,CSTE MEESHO,In Progress,,
Chairmat_Round_Grey,CSTE_0234_HD_Chairmat_Round_Grey,Rudrav Meesho,In Progress,,
Chairmat_Round_Grey,CSTE_0234_HD_Chairmat_Round_Grey,CSTE FK,Active,Active Listing,#REF!
grey chair_furmat,CSTE_0234_HD_Chairmat_Round_Grey,CSTE MEESHO,In Progress,,
PillowGray_12x12,CSTE_0235_HD_Pillow_GreySquare,CSTE AMAZON,Inactive,Deleted,
HD_Pillow_GreySquare,CSTE_0235_HD_Pillow_GreySquare,GL FK,Active,Active Listing,#REF!
HD_Pillow_GreySquare,CSTE_0235_HD_Pillow_GreySquare,CSTE FK,Active,Active Listing,#REF!
Caaju Faux Fur Extra Soft Gray Cushion for Bedroom Decor,CSTE_0235_HD_Pillow_GreySquare,CSTE FK,Active,Active Listing,#REF!
grey soft_pillow,CSTE_0235_HD_Pillow_GreySquare,CSTE MEESHO,In Progress,,
pillowgrey_12x12,CSTE_0235_HD_Pillow_GreySquare,CSTE MEESHO,In Progress,,
CSTE_0236_HD_Pillow_Red Heart,CSTE_0236_HD_Pillow_Red Heart,CSTE MEESHO,In Progress,,
CSTE_0236_HD_Pillow_Red Heart,CSTE_0236_HD_Pillow_Red Heart,Rudrav Meesho,In Progress,,
heart_pillow_Map,CSTE_0236_HD_Pillow_Red Heart,GL FK,Active,Active Listing,#REF!
Rug_Heart_RED,CSTE_0236_HD_Pillow_Red Heart,Rudrav Meesho,In Progress,,
HD_Pillow_Cover_Brown,CSTE_0237_HD_PillowCover_Brown,GL FK,Active,Active Listing,#REF!
PillowCover_Brown,CSTE_0237_HD_PillowCover_Brown,CSTE FK,Active,Active Listing,#REF!
HD_PiillowCover_Pink,CSTE_0238_HD_PiillowCover_Pink,GL FK,Active,Active Listing,#REF!
PILLOW_PINK,CSTE_0238_HD_PiillowCover_Pink,GL FK,Active,Active Listing,#REF!
"RUDRAV_Throw Pillow for Sofa,Bed Couch Super Soft Decorative",CSTE_0238_HD_PiillowCover_Pink,GL FK,Active,Active Listing,#REF!
fusked-pillow-rectangular pink,CSTE_0238_HD_PiillowCover_Pink,CSTE FK,Active,Active Listing,#REF!
PiillowCover_Pink,CSTE_0238_HD_PiillowCover_Pink,CSTE FK,Active,Active Listing,#REF!
PINK SOFT_PILLOW,CSTE_0238_HD_PiillowCover_Pink,CSTE MEESHO,Active,,#REF!
1360333923_21,CSTE_0239_SG_Heart_White,Rudrav Meesho,In Progress,,
1579824623_21,CSTE_0239_SG_Heart_White,CSTE MEESHO,In Progress,,
313474363_6,CSTE_0239_SG_Heart_White,Rudrav Meesho,In Progress,,
CSTE_0239_SG_Heart_White,CSTE_0239_SG_Heart_White,Rudrav Meesho,In Progress,,
white_heart_glasses,CSTE_0239_SG_Heart_White,CSTE AMAZON,Active,Active Listing,#REF!
white_heart_glasses,CSTE_0239_SG_Heart_White,GL FK,Active,Active Listing,#REF!
CSTE_0239_SG_Heart_White,CSTE_0239_SG_Heart_White,CSTE FK,Active,Active Listing,#REF!
WHITE HEART_SUNGLASS,CSTE_0239_SG_Heart_White,CSTE MEESHO,In Progress,,
red_feathers_glasses_fba,CSTE_0240_SG_Wings_Red,CSTE AMAZON,Inactive,Deleted,
CSTE_0216_SG_Wings_Black,CSTE_0240_SG_Wings_Red,CSTE AMAZON,Active,Active Listing,#REF!
Wing_red_pack2,CSTE_0240_SG_Wings_Red,CSTE AMAZON,Active,Active Listing,#REF!
Red_Wings_SG,CSTE_0240_SG_Wings_Red,GL FK,Active,Active Listing,#REF!
red_small_wings,CSTE_0240_SG_Wings_Red,GL FK,Active,Active Listing,#REF!
WING_RED_SG,CSTE_0240_SG_Wings_Red,CSTE FK,Active,Active Listing,#REF!
1617749754_17,CSTE_0240_SG_Wings_Red,CSTE MEESHO,Active,,#REF!
Wing_Red _SG,CSTE_0240_SG_Wings_Red,Rudrav Meesho,Active,,#REF!
RED FURWING_SUNGLASS,CSTE_0240_SG_Wings_Red,CSTE MEESHO,In Progress,,
CSTE036,CSTE_0241_MB_iloveyoudaddy_Brown,CSTE MEESHO,In Progress,,
MB_iloveyoudaddy_Brown,CSTE_0241_MB_iloveyoudaddy_Brown,GL FK,Active,Active Listing,#REF!
FK-I LOVE U DADDY MUSIC BOX-DAUGHTER T FATHER,CSTE_0241_MB_iloveyoudaddy_Brown,CSTE FK,Active,Active Listing,#REF!
MB_ILoveYouDaddy_brown,CSTE_0241_MB_iloveyoudaddy_Brown,Rudrav Meesho,In Progress,,
butterfly combo map,CSTE_0242_SG_ButterFly_White,CSTE AMAZON,Inactive,Deleted,
CSTE_0242_SG_ButterFly_White,CSTE_0242_SG_ButterFly_White,CSTE AMAZON,Active,Active Listing,#REF!
Butterfly_White _SG,CSTE_0242_SG_ButterFly_White,GL FK,Active,Active Listing,#REF!
BUTTERFLY_WHITE_SG,CSTE_0242_SG_ButterFly_White,CSTE FK,Active,Active Listing,#REF!
Butterfly_white_SG,CSTE_0242_SG_ButterFly_White,GL FK,Active,Active Listing,#REF!
SG_ButterFly_White,CSTE_0242_SG_ButterFly_White,CSTE MEESHO,In Progress,,
white_butterfly_SG_1,CSTE_0242_SG_ButterFly_White,Rudrav Meesho,In Progress,,
CSTE_0243_SG_Wings_Yellow,CSTE_0243_SG_Wings_Yellow,CSTE AMAZON,Inactive,Deleted,
SG_Wings_Yellow,CSTE_0243_SG_Wings_Yellow,GL FK,Active,Active Listing,#REF!
WINGS_YELLOW_SG,CSTE_0243_SG_Wings_Yellow,CSTE FK,Active,Active Listing,#REF!
SG_Wings_Yellow,CSTE_0243_SG_Wings_Yellow,CSTE MEESHO,In Progress,,
wings_yellow_SG,CSTE_0243_SG_Wings_Yellow,Rudrav Meesho,In Progress,,
BLACK_SIDESTAR_FISHSHAPE_SG,CSTE_0244_SG_SideStar_Black,CSTE MEESHO,In Progress,,
SG_SideStar_Black,CSTE_0244_SG_SideStar_Black,Rudrav Meesho,In Progress,,
QJ-9JK7-1GXF,CSTE_0245_SG_SideStar_Yellow,CSTE AMAZON,Active,Active Listing,#REF!
SG_SideStar_Yellow,CSTE_0245_SG_SideStar_Yellow,GL FK,Active,Active Listing,#REF!
SIDESTAR_YELLOW_SG,CSTE_0245_SG_SideStar_Yellow,CSTE FK,Active,Active Listing,#REF!
side_star_yellow_SG,CSTE_0245_SG_SideStar_Yellow,Rudrav Meesho,In Progress,,
YELLOW_SIDESTAR_FISHSHAPE_SG,CSTE_0245_SG_SideStar_Yellow,CSTE MEESHO,In Progress,,
CSTE_0244_SG_SideStar_Black,CSTE_0246_SG_SideStar_Pink,CSTE AMAZON,Active,Active Listing,#REF!
SG_SideStar_Pink,CSTE_0246_SG_SideStar_Pink,GL FK,Active,Active Listing,#REF!
sidestar_pink_SG,CSTE_0246_SG_SideStar_Pink,CSTE FK,Active,Active Listing,#REF!
PINK_SIDESTAR_FISHSHAPE_SG,CSTE_0246_SG_SideStar_Pink,CSTE MEESHO,In Progress,,
side_star_pink_SG,CSTE_0246_SG_SideStar_Pink,Rudrav Meesho,In Progress,,
CSTE_0247_SG_Thunder_Green,CSTE_0247_SG_Thunder_Green,CSTE AMAZON,Inactive,Deleted,
thunder green_sg,CSTE_0247_SG_Thunder_Green,CSTE FK,Active,Active Listing,#REF!
SG_Thunder_Green,CSTE_0247_SG_Thunder_Green,CSTE MEESHO,In Progress,,
thunder_green_SG,CSTE_0247_SG_Thunder_Green,Rudrav Meesho,In Progress,,
cat_onion clor_SG,CSTE_0248_SG_Cateye_Onion,Rudrav Meesho,In Progress,,
CSTE_0248_SG_Cateye_Onion,CSTE_0248_SG_Cateye_Onion,CSTE AMAZON,Inactive,Deleted,
Cateye_Onion,CSTE_0248_SG_Cateye_Onion,CSTE FK,Active,Active Listing,#REF!
SG_Cateye_Onion,CSTE_0248_SG_Cateye_Onion,CSTE MEESHO,In Progress,,
125243532_26,CSTE_0249_SG_Round_Black,Rudrav Meesho,In Progress,,
1480052282_26,CSTE_0249_SG_Round_Black,CSTE MEESHO,In Progress,,
BLACK SHEELD_BIG SG,CSTE_0249_SG_Round_Black,CSTE MEESHO,In Progress,,
black_sheeld_bigframe_glasses_fba,CSTE_0249_SG_Round_Black,CSTE AMAZON,Inactive,Deleted,
Black_sheild_fba2,CSTE_0249_SG_Round_Black,CSTE AMAZON,Inactive,Deleted,
ButterFly_RedYellow,CSTE_0250_SG_ButterFly_RedYellow,Rudrav Meesho,In Progress,,
ButterFly_RedYellow_SG,CSTE_0250_SG_ButterFly_RedYellow,CSTE MEESHO,In Progress,,
SG_ButterFly_RedYellow,CSTE_0250_SG_ButterFly_RedYellow,GL FK,Active,Active Listing,#REF!
CSTE_0250_SG_ButterFly_RedYellow,CSTE_0250_SG_ButterFly_RedYellow,CSTE FK,Active,Active Listing,#REF!
ButterFly_RedYellow,CSTE_0250_SG_ButterFly_RedYellow,CSTE MEESHO,Active,,#REF!
New_Jagwar_SG,CSTE_0252_SG_Jaguar_,GL FK,Active,Active Listing,#REF!
SG_Jaguar,CSTE_0252_SG_Jaguar_,CSTE MEESHO,In Progress,,
SG_Jaguar,CSTE_0252_SG_Jaguar_,Rudrav Meesho,In Progress,,
|SG_HeartMelt_Red,CSTE_0253_SG_MeltedHeart_Red,Rudrav Meesho,In Progress,,
Red_Drop_eyeglasses,CSTE_0253_SG_MeltedHeart_Red,CSTE AMAZON,Inactive,Deleted,
CSTE_0253_SG_MeltedHeart_Red,CSTE_0253_SG_MeltedHeart_Red,CSTE AMAZON,Active,Active Listing,#REF!
SG_MeltedHeart_Red,CSTE_0253_SG_MeltedHeart_Red,CSTE MEESHO,In Progress,,
CSTE_0254_SG_ButterFly_Pinkyellow,CSTE_0254_SG_ButterFly_Pinkyellow,CSTE AMAZON,Active,Active Listing,#REF!
Butterfly_pink_Yellow,CSTE_0254_SG_ButterFly_Pinkyellow,GL FK,Active,Active Listing,#REF!
ButterFly_Pinkyellow,CSTE_0254_SG_ButterFly_Pinkyellow,CSTE FK,Active,Active Listing,#REF!
SG_ButterFly_Pinkyellow,CSTE_0254_SG_ButterFly_Pinkyellow,CSTE MEESHO,Active,,
SG_ButterFly_Pinkyellow,CSTE_0254_SG_ButterFly_Pinkyellow,Rudrav Meesho,Active,,
CSTE_0255_SG_ButterFly_Red,CSTE_0255_SG_ButterFly_Red,CSTE AMAZON,Active,Active Listing,#REF!
Butterfly_RED_SG,CSTE_0255_SG_ButterFly_Red,GL FK,Active,Active Listing,#REF!
CSTE_0255_SG_ButterFly_Red,CSTE_0255_SG_ButterFly_Red,CSTE FK,Active,Active Listing,#REF!
SG_ButterFly_Red,CSTE_0255_SG_ButterFly_Red,CSTE MEESHO,Active,,
SG_ButterFly_Red,CSTE_0255_SG_ButterFly_Red,Rudrav Meesho,Active,,
CSTE_0256_SG_ButterFly_Blue,CSTE_0256_SG_ButterFly_Blue,CSTE AMAZON,Active,Active Listing,#REF!
Butterfly_Blue,CSTE_0256_SG_ButterFly_Blue,GL FK,Active,Active Listing,#REF!
SG_Butterfly_Blue,CSTE_0256_SG_ButterFly_Blue,GL FK,Active,Active Listing,#REF!
CSTE_0256_SG_ButterFly_Blue,CSTE_0256_SG_ButterFly_Blue,CSTE FK,Active,Active Listing,#REF!
SG_ButterFly_Blue,CSTE_0256_SG_ButterFly_Blue,CSTE MEESHO,Active,,
SG_ButterFly_Blue,CSTE_0256_SG_ButterFly_Blue,Rudrav Meesho,Active,,
CSTE_0257_SG_Thunder_Blue,CSTE_0257_SG_Thunder_Blue,CSTE AMAZON,Inactive,Deleted,
blue_thunder_sg,CSTE_0257_SG_Thunder_Blue,GL FK,Active,Active Listing,#REF!
SG_Thunder_Blue,CSTE_0257_SG_Thunder_Blue,CSTE MEESHO,Active,,
thunder_blue_SG,CSTE_0257_SG_Thunder_Blue,Rudrav Meesho,Active,,
AVENGER_BROWN,CSTE_0258_MB_Avengers,CSTE MEESHO,Active,,
Avengers.B,CSTE_0258_MB_Avengers,Rudrav Meesho,Active,,
MB_Avengers,CSTE_0258_MB_Avengers,CSTE AMAZON,Active,Active Listing,#REF!
MusicBox_Avengers,CSTE_0258_MB_Avengers,CSTE FK,Active,Active Listing,#REF!
MB_Avengers_,CSTE_0258_MB_Avengers,CSTE FK,Active,Active Listing,#REF!
HOC_Pirate_DavyJones_mb,CSTE_0260_MB_Pirate_DavyJones,CSTE FK,Active,,#REF!
MB_Pirate_DavyJones_BROWN,CSTE_0260_MB_Pirate_DavyJones,GL FK,Active,Active Listing,#REF!
Pirate_DavyJones_mb,CSTE_0260_MB_Pirate_DavyJones,CSTE FK,Active,Active Listing,#REF!
DAVY JONES_BROWN,CSTE_0260_MB_Pirate_DavyJones,CSTE MEESHO,Active,,
Pirate_DavyJones,CSTE_0260_MB_Pirate_DavyJones,Rudrav Meesho,Active,,
BRAVE WIFE_BROWN,CSTE_0262_MB_Brave WIfe,CSTE MEESHO,Active,,
CSTE_0262_MB_Brave WIfe,CSTE_0262_MB_Brave WIfe,Rudrav Meesho,Active,,
bravewife_fba,CSTE_0262_MB_Brave WIfe,CSTE AMAZON,Active,Active Listing,#REF!
cj-sunshine-bravewife,CSTE_0262_MB_Brave WIfe,CSTE AMAZON,Active,Active Listing,#REF!
Brave-Wife-Brown,CSTE_0262_MB_Brave WIfe,CSTE FK,Active,Active Listing,#REF!
CSTE_0262_MB_Brave WIfe,CSTE_0262_MB_Brave WIfe,GL FK,Active,Active Listing,#REF!
ST-BTS-chimmy-van,CSTE_0263_ST_chimmy_van,CSTE AMAZON,Inactive,Deleted,
ST-BTS-rj-shooky,CSTE_0264_ST_rj_shooky,CSTE AMAZON,Inactive,Deleted,
ST-BTS-RJ-tata-FBA,CSTE_0266_ST_RJ_tata,CSTE AMAZON,Active,Combo,#REF!
"Rudrav_RJ & Tata Plush Pillow, Animal Stuffed Toys Throw Pillow",CSTE_0266_ST_RJ_tata,GL FK,Active,Combo,#REF!
ST-BTS-shooky-tata-FBA,CSTE_0267_ST_shooky_tata,CSTE AMAZON,Active,Combo,#REF!
ST-BTS-cooky-Chimmy-FBA,CSTE_0268_ST_cooky_Chimmy,CSTE AMAZON,Active,Combo,#REF!
"Rudrav_Chimmy & Cooky Plush Pillow, Animal Stuffed Toys",CSTE_0268_ST_cooky_Chimmy,GL FK,Active,Combo,#REF!
"FUSKED Chimmy & Cooky Plush Pillow, Animal Stuffed Toy",CSTE_0268_ST_cooky_Chimmy,CSTE FK,Active,Combo,#REF!
ST-BTS-KOYA-Cooky-FBA,CSTE_0269_ST_KOYA_Cooky,CSTE AMAZON,Active,Combo,#REF!
mh a4 brown mb,CSTE_0270_MB_MHA4_Brown,GL FK,Active,Active Listing,#REF!
CSTE_0270 MB MHA4 Brown,CSTE_0270_MB_MHA4_Brown,CSTE FK,Active,Active Listing,#REF!
s99,CSTE_0270_MB_MHA4_Brown,CSTE MEESHO,Active,,#REF!
YuUuypNq,CSTE_0270_MB_MHA4_Brown,CSTE MEESHO,Active,,#REF!
ST-BTS-koya-rj-shooky-chimmy,CSTE_0273_ST_koya_rj_shooky_chimmy,CSTE AMAZON,Inactive,Deleted,
ST-BTS-koya-rj-shooky-tata,CSTE_0274_ST_koya_rj_shooky_tata,CSTE AMAZON,Inactive,Deleted,
ST-BTS-chimmy-cooky-koya-Shooky-FBA,CSTE_0277_ST_chimmy_cooky_koya_Shooky,CSTE AMAZON,Inactive,Deleted,
ST-BTS-shooky-van,CSTE_0279_ST_shooky_van,CSTE AMAZON,Inactive,Deleted,
ST-BTS-shooky-tata-chimmy-cooky-FBA,CSTE_0281_ST_shooky_tata_chimmy_cooky,CSTE AMAZON,Inactive,Deleted,
ST-BTS-Chimmy-Shooky,CSTE_0284_ST_Chimmy_Shooky,CSTE AMAZON,Inactive,Deleted,
ST-BTS-Koya-Chimmy,CSTE_0289_ST_Koya_Chimmy,CSTE AMAZON,Inactive,Deleted,
hermoine_map,CSTE_0291_OT_Hermoine_wand,CSTE AMAZON,Active,Active Listing,#REF!
CSTE_0291_OT_Hermoine_wand,CSTE_0291_OT_Hermoine_wand,CSTE AMAZON,Active,Active Listing,#REF!
Harr_y Potter Hermoine wa_nds,CSTE_0291_OT_Hermoine_wand,CSTE FK,Active,Active Listing,#REF!
Hermione_wand,CSTE_0291_OT_Hermoine_wand,CSTE MEESHO,Active,,#REF!
Hermoine_wand,CSTE_0291_OT_Hermoine_wand,GL FK,Active,Active Listing,#REF!
CSTE_0292_OT_Dumbledore_wand,CSTE_0292_OT_Dumbledore_wand,CSTE AMAZON,Active,Active Listing,#REF!
Dumbledore_Wand,CSTE_0292_OT_Dumbledore_wand,GL FK,Active,Active Listing,#REF!
Dumbledore Wand_,CSTE_0292_OT_Dumbledore_wand,CSTE FK,Active,Active Listing,#REF!
dumbledore_wand,CSTE_0292_OT_Dumbledore_wand,CSTE FK,Active,Active Listing,#REF!
Dumbledore_Wand,CSTE_0292_OT_Dumbledore_wand,CSTE MEESHO,Active,,#REF!
Dumbledore_Wand,CSTE_0292_OT_Dumbledore_wand,Rudrav Meesho,Active,,
CSTE_0293_OT_Voldemort_wand,CSTE_0293_OT_Voldemort_wand,CSTE AMAZON,Active,Active Listing,#REF!
Lord Voldemort_wand,CSTE_0293_OT_Voldemort_wand,CSTE FK,Active,Active Listing,#REF!
Voldemort_wand,CSTE_0293_OT_Voldemort_wand,CSTE MEESHO,Active,,#REF!
Voldemort_wand,CSTE_0293_OT_Voldemort_wand,GL FK,Active,Active Listing,#REF!
Voldemort_wand,CSTE_0293_OT_Voldemort_wand,Rudrav Meesho,Active,,#REF!
Harrypotter_new_wand_fba,CSTE_0294_OT_Harrypotter_new_wand,CSTE AMAZON,Active,Active Listing,#REF!
HarryPotter_New_Wand,CSTE_0294_OT_Harrypotter_new_wand,GL FK,Active,Active Listing,#REF!
Harry_wand,CSTE_0294_OT_Harrypotter_new_wand,CSTE MEESHO,Active,,#REF!
Harry_Potter_NEW_Wand,CSTE_0294_OT_Harrypotter_new_wand,GL FK,Active,Active Listing,#REF!
Harry_wand,CSTE_0294_OT_Harrypotter_new_wand,Rudrav Meesho,Active,,#REF!
CSTE_0295_OT_Snape_wand,CSTE_0295_OT_Snape_wand,CSTE AMAZON,Active,Active Listing,#REF!
Snape Wand,CSTE_0295_OT_Snape_wand,CSTE FK,Active,Active Listing,#REF!
Snape_Wand,CSTE_0295_OT_Snape_wand,CSTE MEESHO,Active,,#REF!
Sanpe_Wand,CSTE_0295_OT_Snape_wand,GL FK,Active,Active Listing,#REF!
Snape_Wand_BLK,CSTE_0295_OT_Snape_wand,Rudrav Meesho,Active,,#REF!
Fusked Harry Potter Snape Wand for Kids Cosplay New Designed Magical Wand for Kids (Black),CSTE_0295_OT_Snape_wand,CSTE MEESHO,Active,,
Blue_MerryGoRound_Music,CSTE_0296_MB_Merrygo_Blue,CSTE MEESHO,In Progress,,
9P-F4OW-YGI5,CSTE_0296_MB_Merrygo_Blue,CSTE AMAZON,Active,Active Listing,#REF!
Merrygo_round_blue,CSTE_0296_MB_Merrygo_Blue,CSTE AMAZON,Active,Active Listing,#REF!
Round_MerryGO_Blue,CSTE_0296_MB_Merrygo_Blue,GL FK,Active,Active Listing,#REF!
merrygo-musicbox,CSTE_0296_MB_Merrygo_Blue,CSTE FK,Active,Active Listing,#REF!
round-merry,CSTE_0296_MB_Merrygo_Blue,CSTE FK,Active,Active Listing,#REF!
Round_MerryGo_Blue,CSTE_0296_MB_Merrygo_Blue,Rudrav Meesho,In Progress,,
MarryGoround_Pink,CSTE_0297_MB_Merrygo_Pink,CSTE AMAZON,Active,Active Listing,#REF!
Merrygo_pink_map,CSTE_0297_MB_Merrygo_Pink,CSTE AMAZON,Active,Active Listing,#REF!
Round_MerryGo_Pink,CSTE_0297_MB_Merrygo_Pink,GL FK,Active,Active Listing,#REF!
Pink_MerryGoRound_Music,CSTE_0297_MB_Merrygo_Pink,CSTE MEESHO,In Progress,,
Round_MerryGo_Pink,CSTE_0297_MB_Merrygo_Pink,Rudrav Meesho,In Progress,,
ST-BTS-chimmy-cooky-koya-rj,CSTE_0299_ST_chimmy_cooky_koya_rj,CSTE AMAZON,Inactive,Deleted,
ST-BTS-koya-rj,CSTE_0300_ST_Koya_Rj,CSTE AMAZON,Inactive,Deleted,
CSTE_0301_MB_Mahogany_21Notes_Brown,CSTE_0301_MB_Mahogany_21Notes_Brown,CSTE AMAZON,Active,Active Listing,#REF!
kalimba_darkbrown_21notes,CSTE_0301_MB_Mahogany_21Notes_Brown,GL FK,Active,Active Listing,#REF!
mahogany_21notes_kalimba,CSTE_0301_MB_Mahogany_21Notes_Brown,CSTE FK,Active,Active Listing,#REF!
21notes_mahogany_darkbrown,CSTE_0301_MB_Mahogany_21Notes_Brown,CSTE MEESHO,Active,,#REF!
darkbrown_21notes_mahogany,CSTE_0301_MB_Mahogany_21Notes_Brown,Rudrav Meesho,Active,,#REF!
CSTE_0302_MB_Mahogany_17notes_Deer,CSTE_0302_MB_Mahogany_17_notes_Deer,CSTE AMAZON,Active,Active Listing,#REF!
deer_kalimba_17notes,CSTE_0302_MB_Mahogany_17_notes_Deer,GL FK,Active,Active Listing,#REF!
deer_kalimba_17notes,CSTE_0302_MB_Mahogany_17_notes_Deer,CSTE MEESHO,Active,,#REF!
mahogany_17notes_deer,CSTE_0302_MB_Mahogany_17_notes_Deer,CSTE FK,Active,Active Listing,#REF!
17note_deer_kalimba,CSTE_0302_MB_Mahogany_17_notes_Deer,Rudrav Meesho,Active,,#REF!
Kalima brown-17,CSTE_0303_MB_Mahogany_17Notes_Brown,CSTE AMAZON,Active,Active Listing,#REF!
17notes_brown_kalimba,CSTE_0303_MB_Mahogany_17Notes_Brown,CSTE AMAZON,Active,Active Listing,#REF!
kalimba_brown_17notes,CSTE_0303_MB_Mahogany_17Notes_Brown,GL FK,Active,Active Listing,#REF!
mahogany_17notes_kalimbaBrown,CSTE_0303_MB_Mahogany_17Notes_Brown,CSTE FK,Active,Active Listing,#REF!
mahogany_17note_brownkalimba,CSTE_0303_MB_Mahogany_17Notes_Brown,CSTE MEESHO,Active,,#REF!
mahogany_17note_brown,CSTE_0303_MB_Mahogany_17Notes_Brown,Rudrav Meesho,Active,,#REF!
17notes_mahogany_blue,CSTE_0304_MB_Mahogany_17Notes_Blue,CSTE MEESHO,Active,,
blue_mahogany_17notes,CSTE_0304_MB_Mahogany_17Notes_Blue,Rudrav Meesho,Active,,
CSTE_0302_MB_Mahogany_17Notes_Blue,CSTE_0304_MB_Mahogany_17Notes_Blue,CSTE AMAZON,Active,Active Listing,#REF!
17notes_Kalimba _map_blue,CSTE_0304_MB_Mahogany_17Notes_Blue,GL FK,Active,Active Listing,#REF!
17note_mahogany_kalimbaBlue,CSTE_0304_MB_Mahogany_17Notes_Blue,GL FK,Active,Active Listing,#REF!
kalimba_17notes_blue,CSTE_0304_MB_Mahogany_17Notes_Blue,CSTE FK,Active,Active Listing,#REF!
mahogany_17notes_blue,CSTE_0304_MB_Mahogany_17Notes_Blue,CSTE FK,Active,Active Listing,#REF!
CSTE_0305_MB_Crystle_17Notes_Transparent,CSTE_0305_MB_Crystle_17Notes_Transparent,CSTE AMAZON,Active,Active Listing,#REF!
crystle_kalimba_17notes,CSTE_0305_MB_Crystle_17Notes_Transparent,GL FK,Active,Active Listing,#REF!
crystle_17nots_kalimba,CSTE_0305_MB_Crystle_17Notes_Transparent,CSTE FK,Active,Active Listing,#REF!
crystle_mahogany_transparent,CSTE_0305_MB_Crystle_17Notes_Transparent,CSTE MEESHO,Active,,#REF!
transparent_crystle_kalimba,CSTE_0305_MB_Crystle_17Notes_Transparent,Rudrav Meesho,Active,,#REF!
CSTE_0306_MB_Sabrina_8Notes_Brown,CSTE_0306_MB_Sabrina_8Notes_Brown,CSTE AMAZON,Active,Active Listing,#REF!
sabrina_8notes_brown,CSTE_0306_MB_Sabrina_8Notes_Brown,GL FK,Active,Active Listing,#REF!
sabrina_8note_kalimba,CSTE_0306_MB_Sabrina_8Notes_Brown,CSTE FK,Active,Active Listing,#REF!
sabrina_8notes,CSTE_0306_MB_Sabrina_8Notes_Brown,CSTE MEESHO,Active,,#REF!
8note_sabrina,CSTE_0306_MB_Sabrina_8Notes_Brown,Rudrav Meesho,Active,,#REF!
CSTE_0308_Organizer_Travel_Pink,CSTE_0308_Organizer_Travel_Pink,CSTE MEESHO,Active,,
CJ_Travel_Org_Kit_Pink,CSTE_0308_Organizer_Travel_Pink,CSTE AMAZON,Active,Active Listing,#REF!
Travel_organizer_map_Pink,CSTE_0308_Organizer_Travel_Pink,GL FK,Active,Active Listing,#REF!
CSTE_0308_Organizer_Travel_Pink,CSTE_0308_Organizer_Travel_Pink,CSTE FK,Active,Active Listing,#REF!
CSTE_0308_Organizer_Travel_Pink,CSTE_0308_Organizer_Travel_Pink,GL FK,Active,Active Listing,#REF!
CSTE_0308_Organizer_Travel_Pink,CSTE_0308_Organizer_Travel_Pink,Rudrav Meesho,Active,,#REF!
CSTE_0309_Organizer_Travel_LightBlue,CSTE_0309_Organizer_Travel_LightBlue,Rudrav Meesho,Active,,
travel_organizer_blue_map,CSTE_0309_Organizer_Travel_LightBlue,CSTE AMAZON,Active,,#REF!
CJ_Travel_Org_Kit_LightBlue,CSTE_0309_Organizer_Travel_LightBlue,CSTE AMAZON,Active,Active Listing,#REF!
CSTE_0309_Organizer_Travel_LightBlue,CSTE_0309_Organizer_Travel_LightBlue,GL FK,Active,Active Listing,#REF!
CSTE_0309_Organizer_Travel_LightBlue,CSTE_0309_Organizer_Travel_LightBlue,CSTE FK,Active,Active Listing,#REF!
CSTE_0309_Organizer_Travel_LightBlue,CSTE_0309_Organizer_Travel_LightBlue,CSTE MEESHO,Active,,#REF!
Travel_organizer_map_blue,CSTE_0309_Organizer_Travel_LightBlue,GL FK,Active,Active Listing,#REF!
travel_organizer_grey_map,CSTE_0310_Organizer_Travel_Grey,CSTE AMAZON,Active,,#REF!
CJ_Travel_Org_Kit_Grey,CSTE_0310_Organizer_Travel_Grey,CSTE AMAZON,Active,Active Listing,#REF!
Travel_organizer_map_grey2,CSTE_0310_Organizer_Travel_Grey,GL FK,Active,Active Listing,#REF!
Travel_organizer_map,CSTE_0310_Organizer_Travel_Grey,GL FK,Active,Active Listing,#REF!
Travel_organizer_map_grey,CSTE_0310_Organizer_Travel_Grey,GL FK,Active,Active Listing,#REF!
CSTE_0310_Organizer_Travel_Grey,CSTE_0310_Organizer_Travel_Grey,GL FK,Active,Active Listing,#REF!
CSTE_0310_Organizer_Travel_Grey,CSTE_0310_Organizer_Travel_Grey,CSTE FK,Active,Active Listing,#REF!
CSTE_0310_Organizer_Travel_Grey,CSTE_0310_Organizer_Travel_Grey,CSTE MEESHO,Active,,#REF!
CSTE_0310_Organizer_Travel_Grey,CSTE_0310_Organizer_Travel_Grey,Rudrav Meesho,Active,,#REF!
CSTE_0311_Organizer_Travel_Black,CSTE_0311_Organizer_Travel_Black,Rudrav Meesho,Active,,
travel_organizer_black_map,CSTE_0311_Organizer_Travel_Black,CSTE AMAZON,Active,,#REF!
CJ_Travel_Org_Kit_Black,CSTE_0311_Organizer_Travel_Black,CSTE AMAZON,Active,Active Listing,#REF!
CSTE_0311_Organizer_Travel_Black,CSTE_0311_Organizer_Travel_Black,GL FK,Active,Active Listing,#REF!
Travel_organizer_map_black,CSTE_0311_Organizer_Travel_Black,GL FK,Active,Active Listing,#REF!
CSTE_0311_Organizer_Travel_Black,CSTE_0311_Organizer_Travel_Black,CSTE MEESHO,Active,,#REF!
CSTE_0311_Organizer_Travel_Black,CSTE_0311_Organizer_Travel_Black,CSTE FK,Active,Active Listing,#REF!
CSTE_0312_Organizer_Travel_Cream,CSTE_0312_Organizer_Travel_Cream,CSTE MEESHO,Active,,
CSTE_0312_Organizer_Travel_Cream,CSTE_0312_Organizer_Travel_Cream,Rudrav Meesho,Active,,
CJ_Travel_Org_Kit_Cream,CSTE_0312_Organizer_Travel_Cream,CSTE AMAZON,Active,Active Listing,#REF!
Travel_organizer_map_Cream,CSTE_0312_Organizer_Travel_Cream,GL FK,Active,Active Listing,#REF!
CSTE_0312_OT_Travel Organizer_Cream,CSTE_0312_Organizer_Travel_Cream,GL FK,Active,Active Listing,#REF!
CSTE_0312_OT_Travel Organizer_Cream,CSTE_0312_Organizer_Travel_Cream,CSTE FK,Active,Active Listing,#REF!
CSTE_0313_OT_Makeup Organizer_Pink,CSTE_0313_Organizer_Makeup_Pink,CSTE MEESHO,Active,,
CSTE_0313_OT_Makeup Organizer_Pink,CSTE_0313_Organizer_Makeup_Pink,Rudrav Meesho,Active,,
CJ_Makeup_Org_Pink,CSTE_0313_Organizer_Makeup_Pink,CSTE AMAZON,Active,Active Listing,#REF!
CSTE_0313_OT_Makeup Organizer_Pink,CSTE_0313_Organizer_Makeup_Pink,GL FK,Active,Active Listing,#REF!
makeup_organizer_pink_map,CSTE_0313_Organizer_Makeup_Pink,GL FK,Active,Active Listing,#REF!
CSTE_0313_OT_Makeup Organizer_Pink,CSTE_0313_Organizer_Makeup_Pink,CSTE FK,Active,Active Listing,#REF!
CSTE_0314_OT_Makeup Organizer_Black,CSTE_0314_Organizer_Makeup_Black,CSTE MEESHO,Active,,
CSTE_0314_OT_Makeup Organizer_Black,CSTE_0314_Organizer_Makeup_Black,Rudrav Meesho,Active,,
CJ_Makeup_Org_Black,CSTE_0314_Organizer_Makeup_Black,CSTE AMAZON,Active,Active Listing,#REF!
CSTE_0314_OT_Makeup Organizer_Black,CSTE_0314_Organizer_Makeup_Black,GL FK,Active,Active Listing,#REF!
CSTE_0314_OT_Makeup Organizer_Black,CSTE_0314_Organizer_Makeup_Black,CSTE FK,Active,Active Listing,#REF!
CSTE_0315_OT_Makeup Organizer_LightGreen,CSTE_0315_Organizer_Makeup_LightGreen,CSTE MEESHO,Active,,
CSTE_0315_OT_Makeup Organizer_LightGreen,CSTE_0315_Organizer_Makeup_LightGreen,Rudrav Meesho,Active,,
CJ_Makeup_Org_LightGreen,CSTE_0315_Organizer_Makeup_LightGreen,CSTE AMAZON,Active,Active Listing,#REF!
CSTE_0315_OT_Makeup Organizer_LightGreen,CSTE_0315_Organizer_Makeup_LightGreen,GL FK,Active,Active Listing,#REF!
CSTE_0315_OT_Makeup Organizer_LightGreen,CSTE_0315_Organizer_Makeup_LightGreen,CSTE FK,Active,Active Listing,#REF!
CSTE_0316_OT_Makeup Organizer_Purple,CSTE_0316_Organizer_Makeup_Purple,CSTE MEESHO,Active,,
CSTE_0316_OT_Makeup Organizer_Purple,CSTE_0316_Organizer_Makeup_Purple,Rudrav Meesho,Active,,
CJ_Makeup_Org_Purple,CSTE_0316_Organizer_Makeup_Purple,CSTE AMAZON,Active,Active Listing,#REF!
makeup_organizer_Purple_map,CSTE_0316_Organizer_Makeup_Purple,GL FK,Active,Active Listing,#REF!
CSTE_0316_OT_Makeup Organizer_Purple,CSTE_0316_Organizer_Makeup_Purple,GL FK,Active,Active Listing,#REF!
CSTE_0316_OT_Makeup Organizer_Purple,CSTE_0316_Organizer_Makeup_Purple,CSTE FK,Active,Active Listing,#REF!
ST-cat shaped-blue orange-FBA,CSTE_0317_ST_Raccoon_Grey,CSTE AMAZON,Active,Active Listing,#REF!
CSTE_0317_ST_Raccoon_BLUE,CSTE_0317_ST_Raccoon_Grey,GL FK,Active,Active Listing,#REF!
softtoy_raccoon 1,CSTE_0317_ST_Raccoon_Grey,GL FK,Active,Active Listing,#REF!
stufftoy_raccoon,CSTE_0317_ST_Raccoon_Grey,CSTE FK,Active,Active Listing,#REF!
RACCOON_BLUE,CSTE_0317_ST_Raccoon_Grey,CSTE MEESHO,Active,,#REF!
raccoon_softtoy,CSTE_0317_ST_Raccoon_Grey,CSTE MEESHO,Active,,#REF!
raccoon_rocket,CSTE_0317_ST_Raccoon_Grey,Rudrav Meesho,Active,,#REF!
RACCOON_BLUE,CSTE_0317_ST_Raccoon_Grey,Rudrav Meesho,Active,,
BlackShade_Square_SG,CSTE_0318_SG_Square_BlackShade,CSTE MEESHO,Active,,
Square_Blackshade_SG,CSTE_0318_SG_Square_BlackShade,CSTE AMAZON,Active,Active Listing,#REF!
BlackShade_Square_Sg,CSTE_0318_SG_Square_BlackShade,GL FK,Active,Active Listing,#REF!
Square_blackShade_Sg,CSTE_0318_SG_Square_BlackShade,CSTE FK,Active,Active Listing,#REF!
Square_BlackShade_SG,CSTE_0318_SG_Square_BlackShade,Rudrav Meesho,Active,,
Harry_potter_SG,CSTE_0319_SG_Harry Potter_Round,CSTE AMAZON,Active,Active Listing,#REF!
CSTE_0319_SG_HarryPotter_Round,CSTE_0319_SG_Harry Potter_Round,CSTE AMAZON,Active,Active Listing,#REF!
Haary_Round_SG,CSTE_0319_SG_HarryPotter_Round,CSTE AMAZON,Active,,#REF!
harry_Sg,CSTE_0319_SG_HarryPotter_Round,CSTE AMAZON,Active,Active Listing,#REF!
HarryPotter_Round_Sg,CSTE_0319_SG_HarryPotter_Round,GL FK,Active,Active Listing,#REF!
SG_Harry Potter_Round,CSTE_0319_SG_HarryPotter_Round,CSTE FK,Active,Active Listing,#REF!
SG_harryPotter,CSTE_0319_SG_HarryPotter_Round,CSTE MEESHO,Active,,#REF!
SG_Harry_Potter,CSTE_0319_SG_HarryPotter_Round,Rudrav Meesho,Active,,#REF!
strawberry map,CSTE_0320_ST_StrawberryRed,CSTE AMAZON,Inactive,Deleted,
CSTE_0317_ST_StrawberryRed,CSTE_0320_ST_StrawberryRed,CSTE AMAZON,Active,Active Listing,#REF!
softtoy_straeberry,CSTE_0320_ST_StrawberryRed,GL FK,Active,Active Listing,#REF!
strawberry_soft,CSTE_0320_ST_StrawberryRed,CSTE FK,Active,Active Listing,#REF!
redstawberry_softtoy,CSTE_0320_ST_StrawberryRed,CSTE MEESHO,Active,,#REF!
softtoy-red_stawberry,CSTE_0320_ST_StrawberryRed,Rudrav Meesho,Active,,
_pinkstawry_toy,CSTE_0321_ST_StrawberryPink,Rudrav Meesho,Active,,
CSTE_0321_ST_StrawberryPink,CSTE_0321_ST_StrawberryPink,CSTE AMAZON,Active,Active Listing,#REF!
pinksoft_stawberry,CSTE_0321_ST_StrawberryPink,GL FK,Active,Active Listing,#REF!
stawberrypink-soft,CSTE_0321_ST_StrawberryPink,CSTE FK,Active,Active Listing,#REF!
stawberry-pink_softtoy,CSTE_0321_ST_StrawberryPink,CSTE MEESHO,Active,,
Axolotl_blues_soft,CSTE_0322_ST_Axolotl_Blue,Rudrav Meesho,Active,,
CSTE_0322_ST_Axolotl_Blue,CSTE_0322_ST_Axolotl_Blue,CSTE AMAZON,Active,Active Listing,#REF!
axolotl_blue_map,CSTE_0322_ST_Axolotl_Blue,CSTE AMAZON,Active,Active Listing,#REF!
lulezon_kawaliblue,CSTE_0322_ST_Axolotl_Blue,CSTE FK,Active,Active Listing,#REF!
blues_LuLezon,CSTE_0322_ST_Axolotl_Blue,CSTE MEESHO,Active,,#REF!
LuLezon_softtoy,CSTE_0322_ST_Axolotl_Blue,GL FK,Active,Active Listing,#REF!
axolotl_Grey_map,CSTE_0323_ST_Axolotl_Grey,CSTE AMAZON,Inactive,Deleted,
CSTE_0323_ST_Axolotl_Grey,CSTE_0323_ST_Axolotl_Grey,CSTE AMAZON,Active,Active Listing,#REF!
LuLezonAxolotl _grey,CSTE_0323_ST_Axolotl_Grey,GL FK,Active,Active Listing,#REF!
LuLezon_greysoft,CSTE_0323_ST_Axolotl_Grey,CSTE FK,Active,Active Listing,#REF!
4C-YWJK-52OA,CSTE_0324_ST_Axolotl_Black,CSTE AMAZON,Inactive,Deleted,
axolt_black_map,CSTE_0324_ST_Axolotl_Black,CSTE AMAZON,Inactive,Deleted,
CSTE_0323_ST_Axolotl_Black,CSTE_0324_ST_Axolotl_Black,CSTE AMAZON,Active,Active Listing,#REF!
BLACK_AXOLOT,CSTE_0324_ST_Axolotl_Black,CSTE AMAZON,Active,Active Listing,#REF!
BLUE_AXOLOT,CSTE_0324_ST_Axolotl_Black,CSTE AMAZON,Active,Active Listing,#REF!
soft_LuLezon_toyblack,CSTE_0324_ST_Axolotl_Black,GL FK,Active,Active Listing,#REF!
LuLezon_Halloween_pokiblack,CSTE_0324_ST_Axolotl_Black,CSTE FK,Active,Active Listing,#REF!
apple_pillow,CSTE_0325_ST_Apple_Red,CSTE MEESHO,Active,,
apple_pillow,CSTE_0325_ST_Apple_Red,Rudrav Meesho,Active,,
CSTE_0325_ST_Apple_Red,CSTE_0325_ST_Apple_Red,CSTE AMAZON,Active,Active Listing,#REF!
pillowred_apple,CSTE_0325_ST_Apple_Red,GL FK,Active,Active Listing,#REF!
apple_pillow,CSTE_0325_ST_Apple_Red,CSTE FK,Active,Active Listing,#REF!
CSTE_0326_ST_Apple_Green,CSTE_0326_ST_Apple_Green,CSTE AMAZON,Active,Active Listing,#REF!
applepillow_green,CSTE_0326_ST_Apple_Green,GL FK,Active,Active Listing,#REF!
green_pillowapple,CSTE_0326_ST_Apple_Green,CSTE FK,Active,Active Listing,#REF!
green_pillowapple,CSTE_0326_ST_Apple_Green,CSTE MEESHO,Active,,
green_pillowapple,CSTE_0326_ST_Apple_Green,Rudrav Meesho,Active,,
CSTE_0327_ST_Watermelon_RedBlack,CSTE_0327_ST_Watermelon_RedBlack,CSTE AMAZON,Active,Active Listing,#REF!
pillow_watermelonpink,CSTE_0327_ST_Watermelon_RedBlack,GL FK,Active,Active Listing,#REF!
watermelon_pillowpink,CSTE_0327_ST_Watermelon_RedBlack,CSTE FK,Active,Active Listing,#REF!
watermelon_pillowpink,CSTE_0327_ST_Watermelon_RedBlack,CSTE MEESHO,Active,,#REF!
watermelon_pillowpink,CSTE_0327_ST_Watermelon_RedBlack,Rudrav Meesho,Active,,
CSTE_0328_ST_Watermelon_RedYellow,CSTE_0328_ST_Watermelon_RedYellow,CSTE AMAZON,Active,Active Listing,#REF!
redyellow_squishmallowpillow,CSTE_0328_ST_Watermelon_RedYellow,GL FK,Active,Active Listing,#REF!
squishmallows_redyellow,CSTE_0328_ST_Watermelon_RedYellow,CSTE FK,Active,Active Listing,#REF!
squishmallows_redyellow,CSTE_0328_ST_Watermelon_RedYellow,CSTE MEESHO,Active,,
watermelon_red,CSTE_0328_ST_Watermelon_RedYellow,Rudrav Meesho,Active,,
CSTE_0329_ST_Squishmellow_Orange,CSTE_0329_ST_Squishmellow_Orange,CSTE AMAZON,Active,Active Listing,#REF!
peachorng_squishmallows,CSTE_0329_ST_Squishmellow_Orange,GL FK,Active,Active Listing,#REF!
squishmallows_peach,CSTE_0329_ST_Squishmellow_Orange,CSTE FK,Active,Active Listing,#REF!
squishmallows_peach,CSTE_0329_ST_Squishmellow_Orange,CSTE MEESHO,Active,,
squishmallows_peach,CSTE_0329_ST_Squishmellow_Orange,Rudrav Meesho,Active,,
CSTE_0330_Wands_Harrypotter_Light,CSTE_0330_Wands_Harrypotter_Light,CSTE AMAZON,Active,Active Listing,#REF!
Harrypotter_light_wand,CSTE_0330_Wands_Harrypotter_Light,GL FK,Active,Active Listing,#REF!
Light_wand_harrypotter,CSTE_0330_Wands_Harrypotter_Light,CSTE FK,Active,Active Listing,#REF!
lightwand_harrypotter,CSTE_0330_Wands_Harrypotter_Light,CSTE MEESHO,Active,,#REF!
harrypotter_wand_light,CSTE_0330_Wands_Harrypotter_Light,Rudrav Meesho,Active,,#REF!
CSTE_0331_Wands_Hermoine_Light,CSTE_0331_Wands_Hermoine_Light,CSTE AMAZON,Active,Active Listing,#REF!
Light_wand_hermoine,CSTE_0331_Wands_Hermoine_Light,CSTE FK,Active,Active Listing,#REF!
lightwand_hermoine,CSTE_0331_Wands_Hermoine_Light,CSTE MEESHO,Active,,#REF!
Hermione_light_wand,CSTE_0331_Wands_Hermoine_Light,GL FK,Active,Active Listing,#REF!
Hermoine_Light _wand,CSTE_0331_Wands_Hermoine_Light,Rudrav Meesho,Active,,#REF!
hermoine_wand_light,CSTE_0331_Wands_Hermoine_Light,Rudrav Meesho,Active,,
CSTE_0332_Wands_Lord Voldmort_Light,CSTE_0332_Wands_LordVoldmort_Light,CSTE AMAZON,Active,Active Listing,#REF!
Voldemort_light_wand,CSTE_0332_Wands_LordVoldmort_Light,GL FK,Active,Active Listing,#REF!
Light_wand_voldemort,CSTE_0332_Wands_LordVoldmort_Light,CSTE FK,Active,Active Listing,#REF!
lightwand_voldemort,CSTE_0332_Wands_LordVoldmort_Light,CSTE MEESHO,Active,,#REF!
voldemort_wand_light,CSTE_0332_Wands_LordVoldmort_Light,Rudrav Meesho,Active,,#REF!
dumbledore_wand_light,CSTE_0333_Wands_Dumbledore_Light,Rudrav Meesho,Active,,
CSTE_0333_Wands_Dumbledore_Light,CSTE_0333_Wands_Dumbledore_Light,CSTE AMAZON,Active,Active Listing,#REF!
light_wand_dumbledore,CSTE_0333_Wands_Dumbledore_Light,CSTE FK,Active,Active Listing,#REF!
lightwand_dumbledore,CSTE_0333_Wands_Dumbledore_Light,CSTE MEESHO,Active,,#REF!
dumbledore_light_wand,CSTE_0333_Wands_Dumbledore_Light,GL FK,Active,Active Listing,#REF!
CSTE_0290_OT_Harrypotter_wand,CSTE_0334_Wands_Harrypotter_MusicBox,CSTE AMAZON,Active,Combo,#REF!
Harrypotter_wand,CSTE_0334_Wands_Harrypotter_MusicBox,CSTE AMAZON,Active,Combo,#REF!
wands_harryPotter_musicbox,CSTE_0334_Wands_Harrypotter_MusicBox,GL FK,Active,Combo,#REF!
Harrypotter_wands_musicbox,CSTE_0334_Wands_Harrypotter_MusicBox,CSTE FK,Active,Combo,#REF!
musicbox_harry_wand,CSTE_0334_Wands_Harrypotter_MusicBox,CSTE MEESHO,Active,Combo,#REF!
wand_harrypotter_musicbox,CSTE_0334_Wands_Harrypotter_MusicBox,Rudrav Meesho,Active,Combo,#REF!
harry_musicbox_wand_new,CSTE_0334_Wands_Harrypotter_MusicBox,Rudrav Meesho,Active,Combo,#REF!
wands_hermoine_musicbox,CSTE_0335_Wands_Hermoine_MusicBox,GL FK,Active,Combo,#REF!
hermoine_wand_musicbox,CSTE_0335_Wands_Hermoine_MusicBox,CSTE FK,Active,Combo,#REF!
Hermoine_Wand,CSTE_0335_Wands_Hermoine_MusicBox,CSTE AMAZON,Active,Active Listing,#REF!
wands_Dumbledore_Musicbox,CSTE_0336_Wands_Dumbledore_MusicBox,GL FK,Active,Combo,#REF!
Dumbledore_wand_musicbox,CSTE_0336_Wands_Dumbledore_MusicBox,CSTE FK,Active,Combo,#REF!
dumbledore_wand,CSTE_0336_Wands_Dumbledore_MusicBox,CSTE AMAZON,Active,Active Listing,#REF!
WB-IEVN-6335,CSTE_0337_Wands_LordVoldemort_MusicBox,CSTE AMAZON,Active,Combo,#REF!
LordVoldmort_wand_musicbox,CSTE_0337_Wands_LordVoldemort_MusicBox,GL FK,Active,Combo,#REF!
voldmort_wand_musicbox,CSTE_0337_Wands_LordVoldemort_MusicBox,CSTE FK,Active,Combo,#REF!
musicbox_volmort_wand,CSTE_0337_Wands_LordVoldemort_MusicBox,CSTE MEESHO,Active,Combo,#REF!
wand_volmort_musicbox,CSTE_0337_Wands_LordVoldemort_MusicBox,Rudrav Meesho,Active,Combo,#REF!
wand_new_harrypotter_musicbox,CSTE_0338_Wands_Harrypotter new_MusicBox,GL FK,Active,Combo,#REF!
new_harrypotter_wand_musicbox,CSTE_0338_Wands_Harrypotter new_MusicBox,CSTE FK,Active,Combo,#REF!
wand_music_box_harry_new,CSTE_0338_Wands_Harrypotter new_MusicBox,CSTE MEESHO,Active,Combo,#REF!
newwand_harry_musicbox,CSTE_0338_Wands_Harrypotter new_MusicBox,CSTE MEESHO,Active,Combo,#REF!
harry_potter_newwand_music,CSTE_0338_Wands_Harrypotter new_MusicBox,Rudrav Meesho,Active,Combo,#REF!
CSTE_0340_Wands_Harrypotter_Sunglasas,CSTE_0340_Wands_Harrypotter_Sunglasas,CSTE AMAZON,Active,Combo,#REF!
Wands_HarryPotter_Sunglass,CSTE_0340_Wands_Harrypotter_Sunglasas,GL FK,Active,Combo,#REF!
harrypotter_sunglass_wand,CSTE_0340_Wands_Harrypotter_Sunglasas,CSTE FK,Active,Combo,#REF!
harrypotter_sunglasses_wand,CSTE_0340_Wands_Harrypotter_Sunglasas,Rudrav Meesho,Active,Combo,#REF!
sunglasses_wand_harrypotter,CSTE_0340_Wands_Harrypotter_Sunglasas,Rudrav Meesho,Active,Combo,#REF!
harry_potter_sunglasses,CSTE_0340_Wands_Harrypotter_Sunglass,CSTE MEESHO,Active,Combo,#REF!
sunglasses_harry_potter,CSTE_0340_Wands_Harrypotter_Sunglass,CSTE MEESHO,Active,Combo,#REF!
CSTE_0341_Wands_Hermoine_Sunglasas,CSTE_0341_Wands_Hermoine_Sunglasas,CSTE AMAZON,Active,Combo,#REF!
Wands_hermoine_sunglass,CSTE_0341_Wands_Hermoine_Sunglasas,GL FK,Active,Combo,#REF!
hermoine_sunglass_wand,CSTE_0341_Wands_Hermoine_Sunglasas,CSTE FK,Active,Combo,#REF!
sunglasses_harry_hermoine,CSTE_0341_Wands_Hermoine_Sunglass,CSTE MEESHO,Active,Combo,#REF!
potter_hermoine_sunglasses,CSTE_0341_Wands_Hermoine_Sunglass,Rudrav Meesho,Active,Combo,#REF!
CSTE_0342_Wands_Dumbledore_Sunglasas,CSTE_0342_Wands_Dumbledore_Sunglasas,CSTE AMAZON,Active,Combo,#REF!
Dumbledore_sunglass_wand,CSTE_0342_Wands_Dumbledore_Sunglasas,CSTE FK,Active,Combo,#REF!
dumbledore_sunglasses_wand,CSTE_0342_Wands_Dumbledore_Sunglasas,CSTE MEESHO,Active,Combo,#REF!
Wands_Dumbledore_Sunglasas,CSTE_0342_Wands_Dumbledore_Sunglasas,GL FK,Active,Combo,#REF!
harry_dumbledore_sunglass,CSTE_0342_Wands_Dumbledore_Sunglass,Rudrav Meesho,Active,Combo,#REF!
Wands_Lord Voldmort_Sunglasas,CSTE_0343_Wands_Lord Voldmort_Sunglasas,GL FK,Active,Combo,#REF!
harry_voldmort_sunglass,CSTE_0343_Wands_Lord Voldmort_Sunglass,CSTE MEESHO,Active,Combo,#REF!
U5QGCUM6,CSTE_0343_Wands_Lord Voldmort_Sunglass,Rudrav Meesho,Active,,#REF!
potter_sunglass_voldmort,CSTE_0343_Wands_Lord Voldmort_Sunglass,Rudrav Meesho,Active,Combo,#REF!
CSTE_0343_Wands_Lord Voldmort_Sunglasas,CSTE_0343_Wands_LordVoldmort_Sunglasas,CSTE AMAZON,Active,Combo,#REF!
Voldmort_sunglass_wand,CSTE_0343_Wands_LordVoldmort_Sunglasas,CSTE FK,Active,Combo,#REF!
sunglasses_wandlord_voldmort,CSTE_0343_Wands_LordVoldmort_Sunglasas,CSTE MEESHO,Active,Combo,#REF!
CSTE_0345_Wands_Snape_Sunglasas,CSTE_0345_Wands_Snape_Sunglasas,CSTE AMAZON,Active,Combo,#REF!
Wands_Snape_Sunglass,CSTE_0345_Wands_Snape_Sunglasas,GL FK,Active,Combo,#REF!
Snape_Sunglass_wand,CSTE_0345_Wands_Snape_Sunglasas,CSTE FK,Active,Combo,#REF!
square_goldblack,CSTE_0346_SG_Square_GoldBlack,CSTE AMAZON,Active,Active Listing,#REF!
BlackGold_square,CSTE_0346_SG_Square_GoldBlack,CSTE MEESHO,Active,,#REF!
goldBlack_square_sg,CSTE_0346_SG_Square_GoldBlack,GL FK,Active,Active Listing,#REF!
GoldBlack_Square_Sg,CSTE_0346_SG_Square_GoldBlack,Rudrav Meesho,Active,,
Musicbox_mcm,CSTE_0347_MB_MerryChristmas_DeerRed,CSTE AMAZON,Active,Active Listing,#REF!
CSTE_0347_MB_MerryChristmas_DeerRed,CSTE_0347_MB_MerryChristmas_DeerRed,GL FK,Active,Active Listing,#REF!
CSTE_0347_MB_MerryChristmas_DeerRed,CSTE_0347_MB_MerryChristmas_DeerRed,CSTE FK,Active,Active Listing,#REF!
CSTE_0347_MB_MerryChristmas_DeerRed,CSTE_0347_MB_MerryChristmas_DeerRed,CSTE MEESHO,Active,,#REF!
CSTE_0347_MB_MerryChristmas_DeerRed,CSTE_0347_MB_MerryChristmas_DeerRed,Rudrav Meesho,Active,,#REF!
18-Musical box_03,CSTE_0348_MB_MerryChristmas_TreeRed,CSTE AMAZON,Active,Active Listing,#REF!
Red_MB_MerryChristmas_Tree,CSTE_0348_MB_MerryChristmas_TreeRed,GL FK,Active,Active Listing,#REF!
Tree_MB_MerryChristmas,CSTE_0348_MB_MerryChristmas_TreeRed,CSTE FK,Active,Active Listing,#REF!
CSTE_0348_MB_MerryChristmas_TreeRed,CSTE_0348_MB_MerryChristmas_TreeRed,CSTE MEESHO,Active,,#REF!
CSTE_0348_MB_MerryChristmas_TreeRed,CSTE_0348_MB_MerryChristmas_TreeRed,Rudrav Meesho,Active,,#REF!
HOC_Tree_MB_MerryChristmas,CSTE_0348_MB_MerryChristmas_TreeRed ,CSTE FK,Active,,#REF!
CSTE_0350_Wands_Hp_light_MB,CSTE_0350_Wands_Harrypotter_light_MB,CSTE AMAZON,Active,Combo,#REF!
CSTE_0350_Wands_Hp_light_MB,CSTE_0350_Wands_Harrypotter_light_MB,GL FK,Active,Combo,#REF!
CSTE_0350_Wands_Hp_light_MB,CSTE_0350_Wands_Harrypotter_light_MB,CSTE FK,Active,Combo,#REF!
CSTE_0350_Wands_Harrypotter_light_MB,CSTE_0350_Wands_Harrypotter_light_MB,CSTE MEESHO,Active,Combo,#REF!
CSTE_0350_Wands_Hp_light_MB,CSTE_0350_Wands_Harrypotter_light_MB,Rudrav Meesho,Active,Combo,#REF!
CSTE_0351_Wands_snape_Light_MB,CSTE_0351_Wands_snape_Light_MB,CSTE AMAZON,Active,Combo,#REF!
CSTE_0352_Wands_Voldemort_Light_MB,CSTE_0352_Wands_Voldemort_Light_MB,CSTE AMAZON,Active,Combo,#REF!
CSTE_0352_Wands_Voldemort_Light_MB,CSTE_0352_Wands_Voldemort_Light_MB,GL FK,Active,Combo,#REF!
CSTE_0352_Wands_Voldemort_Light_MB,CSTE_0352_Wands_Voldemort_Light_MB,CSTE FK,Active,Combo,#REF!
CSTE_0352_Wands_Voldemort_Light_MB,CSTE_0352_Wands_Voldemort_Light_MB,CSTE MEESHO,Active,Combo,#REF!
CSTE_0352_Wands_Voldemort_Light_MB,CSTE_0352_Wands_Voldemort_Light_MB,Rudrav Meesho,Active,Combo,#REF!
CSTE_0353_Wands_DumbleD_light_MB,CSTE_0353_Wands_DumbleD_light_MB,CSTE AMAZON,Active,Combo,#REF!
CSTE_0353_Wands_DumbleD_light_MB,CSTE_0353_Wands_DumbleD_light_MB,GL FK,Active,Combo,#REF!
CSTE_0353_Wands_DumbleD_light_MB,CSTE_0353_Wands_DumbleD_light_MB,CSTE FK,Active,Combo,#REF!
CSTE_0353_Wands_DumbleD_light_MB,CSTE_0353_Wands_DumbleD_light_MB,Rudrav Meesho,Active,Combo,#REF!
CSTE_0353_Wands_Dumbledore_light_MB,CSTE_0353_Wands_Dumbledore_light_MB,CSTE MEESHO,Active,Combo,#REF!
CSTE_0354_Wands_Hermoine_light_MB,CSTE_0354_Wands_Hermoine_light_MB,CSTE AMAZON,Active,Combo,#REF!
CSTE_0354_Wands_Hermoine_light_MB,CSTE_0354_Wands_Hermoine_light_MB,GL FK,Active,Combo,#REF!
CSTE_0354_Wands_Hermoine_light_MB,CSTE_0354_Wands_Hermoine_light_MB,CSTE FK,Active,Combo,#REF!
CSTE_0354_Wands_Hermoine_light_MB,CSTE_0354_Wands_Hermoine_light_MB,CSTE MEESHO,Active,Combo,#REF!
CSTE_0354_Wands_Hermoine_light_MB,CSTE_0354_Wands_Hermoine_light_MB,Rudrav Meesho,Active,Combo,#REF!
CSTE_0355_Wands_HP_light_Sg,CSTE_0355_Wands_Harrypotter_light_SG,CSTE AMAZON,Active,Combo,#REF!
CSTE_0355_Wands_HP_light_Sg,CSTE_0355_Wands_Harrypotter_light_SG,GL FK,Active,Combo,#REF!
CSTE_0355_Wands_HP_light_Sg,CSTE_0355_Wands_Harrypotter_light_SG,CSTE FK,Active,Combo,#REF!
CSTE_0355_Wands_Harrypotter_light_SG,CSTE_0355_Wands_Harrypotter_light_SG,CSTE MEESHO,Active,Combo,#REF!
CSTE_0355_Wands_HP_light_Sg,CSTE_0355_Wands_Harrypotter_light_SG,Rudrav Meesho,Active,Combo,#REF!
CSTE_0356_Wands_snape_Light_Sg,CSTE_0356_Wands_snape_Light_SG,CSTE AMAZON,Active,Combo,#REF!
CSTE_0357_Wands_Voldemort_Light_Sg,CSTE_0357_Wands_Voldemort_Light_SG,CSTE AMAZON,Active,Combo,#REF!
CSTE_0357_Wands_Voldemort_Light_Sg,CSTE_0357_Wands_Voldemort_Light_SG,GL FK,Active,Combo,#REF!
CSTE_0357_Wands_Voldemort_Light_Sg,CSTE_0357_Wands_Voldemort_Light_SG,CSTE FK,Active,Combo,#REF!
CSTE_0357_Wands_Voldemort_Light_SG,CSTE_0357_Wands_Voldemort_Light_SG,CSTE MEESHO,Active,Combo,#REF!
CSTE_0357_Wands_Voldemort_Light_Sg,CSTE_0357_Wands_Voldemort_Light_SG,Rudrav Meesho,Active,Combo,#REF!
CSTE_0358_Wands_Dumbledore_light_Sg,CSTE_0358_Wands_Dumbledore_light_SG,CSTE AMAZON,Active,Combo,#REF!
CSTE_0358_Wands_Dumbledore_light_Sg,CSTE_0358_Wands_Dumbledore_light_SG,GL FK,Active,Combo,#REF!
CSTE_0358_Wands_Dumbledore_light_Sg,CSTE_0358_Wands_Dumbledore_light_SG,CSTE FK,Active,Combo,#REF!
CSTE_0358_Wands_Dumbledore_light_SG,CSTE_0358_Wands_Dumbledore_light_SG,CSTE MEESHO,Active,Combo,#REF!
CSTE_0358_Wands_Dumbledore_light_Sg,CSTE_0358_Wands_Dumbledore_light_SG,Rudrav Meesho,Active,Combo,#REF!
Hermoine_light_SG,CSTE_0359_Wands_Hermoine_light_Sg,CSTE AMAZON,Active,Combo,#REF!
CSTE_0359_Wands_Hermoine_light_Sg,CSTE_0359_Wands_Hermoine_light_SG,CSTE AMAZON,Active,Combo,#REF!
CSTE_0359_Wands_Hermoine_light_Sg,CSTE_0359_Wands_Hermoine_light_SG,GL FK,Active,Combo,#REF!
CSTE_0359_Wands_Hermoine_light_Sg,CSTE_0359_Wands_Hermoine_light_SG,CSTE FK,Active,Combo,#REF!
CSTE_0359_Wands_Hermoine_light_SG,CSTE_0359_Wands_Hermoine_light_SG,CSTE MEESHO,Active,Combo,#REF!
CSTE_0359_Wands_Hermoine_light_Sg,CSTE_0359_Wands_Hermoine_light_SG,Rudrav Meesho,Active,Combo,#REF!
CSTE_0360_Wands_Snape_Light,CSTE_0360_Wands_Snape_Light,CSTE AMAZON,Active,,#REF!
CSTE_0361_SG_Oval_White_BlackShade,CSTE_0361_SG_Oval_White_BlackShade,CSTE MEESHO,Active,,
CSTE_0361_SG_Oval_White_BlackShade,CSTE_0361_SG_Oval_White_BlackShade,Rudrav Meesho,Active,,
CSTE_0361_SG_Oval_White_BlackShade,CSTE_0361_SG_Oval_White_BlackShade,GL FK,Active,Active Listing,#REF!
CSTE_0362_SG_Oval_Round_Brown,CSTE_0362_SG_Oval_Round_Brown,CSTE MEESHO,Active,,
CSTE_0362_SG_Oval_Round_Brown,CSTE_0362_SG_Oval_Round_Brown,Rudrav Meesho,Active,,
CSTE_0362_SG_Oval_Round_Brown,CSTE_0362_SG_Oval_Round_Brown,CSTE FK,Active,Active Listing,#REF!
CSTE_0363_SG_Spy_Black,CSTE_0363_SG_Spy_Black,Rudrav Meesho,Active,,
CSTE_0363_SG_Spy_Black,CSTE_0363_SG_Spy_Black,GL FK,Active,Active Listing,#REF!
CSTE_0363_SG_Spy_Black,CSTE_0363_SG_Spy_Black,CSTE FK,Active,Active Listing,#REF!
CSTE_0363_SG_Spy_Black,CSTE_0363_SG_Spy_Black,CSTE MEESHO,Active,,#REF!
Swaddle_3,CSTE_0364_Swaddle_Unicorn_Print,CSTE AMAZON,Active,Combo,#REF!
Swaddle_5,CSTE_0364_Swaddle_Unicorn_Print,CSTE AMAZON,Active,Combo,#REF!
Swaddle_4,CSTE_0364_Swaddle_Unicorn_Print,CSTE AMAZON,Active,Combo,#REF!
Playful_Swaddles_4,CSTE_0364_Swaddle_Unicorn_Print,CSTE AMAZON,Active,Combo,#REF!
Swaddles_Pack4,CSTE_0364_Swaddle_Unicorn_Print,GL FK,Active,Combo,#REF!
Swaddles_Pack5,CSTE_0364_Swaddle_Unicorn_Print,GL FK,Active,Combo,#REF!
Swaddles_Pack3,CSTE_0364_Swaddle_Unicorn_Print,GL FK,Active,Combo,#REF!
Swaddles_Pack4,CSTE_0364_Swaddle_Unicorn_Print,CSTE FK,Active,Combo,#REF!
Swaddles_Pack5,CSTE_0364_Swaddle_Unicorn_Print,CSTE FK,Active,Combo,#REF!
Swaddles_pack3,CSTE_0364_Swaddle_Unicorn_Print,CSTE MEESHO,Active,Combo,#REF!
Swaddles_Pack4,CSTE_0364_Swaddle_Unicorn_Print,CSTE MEESHO,Active,Combo,#REF!
Swaddles_Pack5,CSTE_0364_Swaddle_Unicorn_Print,CSTE MEESHO,Active,Combo,#REF!
Swaddles_Pack3,CSTE_0364_Swaddle_Unicorn_Print,CSTE FK,Active,Combo,#REF!
Swaddles_Pack5,CSTE_0364_Swaddle_Unicorn_Print,Rudrav Meesho,Active,Combo,#REF!
Swaddles_Pack4,CSTE_0364_Swaddle_Unicorn_Print,Rudrav Meesho,Active,Combo,#REF!
Swaddles_pack3,CSTE_0364_Swaddle_Unicorn_Print,Rudrav Meesho,Active,Combo,#REF!
ST-BTS-RJ-van-FBA,CSTE_0369_ST_RJ_van,CSTE AMAZON,Active,Combo,#REF!
ST-BTS-chimmy-cooky-koya-van,CSTE_0370_ST_chimmy_cooky_koya_van,CSTE AMAZON,Inactive,Deleted,
ST-BTS-koya-rj-shooky-van-FBA,CSTE_0372_ST_koya_rj_shooky_van,CSTE AMAZON,Active,Combo,#REF!
ST-BTS-van-chimmy-cooky-koya-FBA,CSTE_0374_ST_van_chimmy_cooky_koya,CSTE AMAZON,Active,Combo,#REF!
ST-bts-throw-Army,CSTE_0375_ST_throw_Army,CSTE AMAZON,Active,Combo,#REF!
ST-BTS-rj-shooky-van-tata-FBA,CSTE_0376_ST_Rj_Shooky_Van_Tata,CSTE AMAZON,Active,Combo,#REF!
"RUDRAV_RJ, Shooky, Van & Tata Plush Pillow, Animal Stuffed Toys",CSTE_0376_ST_Rj_Shooky_Van_Tata,GL FK,Active,Combo,#REF!
BTS-mang-RJ,CSTE_0377_ST_Mang_Rj,CSTE AMAZON,Active,Combo,#REF!
38554693,CSTE_0378_OT_BattleGame_Toy,Rudrav Meesho,Active,,
Battlegame,CSTE_0378_OT_BattleGame_Toy,CSTE AMAZON,Active,,#REF!
Battle_gameHammer_fba,CSTE_0378_OT_BattleGame_Toy,CSTE AMAZON,Inactive,Deleted,
hammertoyFBA,CSTE_0378_OT_BattleGame_Toy,CSTE AMAZON,Inactive,Deleted,
hammering game,CSTE_0378_OT_BattleGame_Toy,CSTE MEESHO,Active,,
CSTE_0379_SG_DropMelt,CSTE_0379_SG_DropMelt,Rudrav Meesho,Active,,
brown dropmelt_SG,CSTE_0379_SG_DropMelt,CSTE MEESHO,Active,,#REF!
CSTE_0381_ST_Rabbit_Doll_Grey,CSTE_0381_ST_Rabbit_Doll_Grey,CSTE MEESHO,Active,,
CSTE_0381_ST_Rabbit_Doll_Grey,CSTE_0381_ST_Rabbit_Doll_Grey,Rudrav Meesho,Active,,
Rabbit_Doll_Blue,CSTE_0381_ST_Rabbit_Doll_Grey,CSTE AMAZON,Active,Active Listing,#REF!
CSTE_0381_ST_Rabbit_Doll_Grey,CSTE_0381_ST_Rabbit_Doll_Grey,CSTE AMAZON,Active,Active Listing,#REF!
CSTE_0381_ST_Rabbit_Doll_Grey,CSTE_0381_ST_Rabbit_Doll_Grey,GL FK,Active,Active Listing,#REF!
CSTE_0381_ST_Rabbit_Doll_Grey,CSTE_0381_ST_Rabbit_Doll_Grey,CSTE FK,Active,Active Listing,#REF!
CSTE_0382_ST_Rabbit_Doll_Pink,CSTE_0382_ST_Rabbit_Doll_Pink,CSTE MEESHO,Active,,
CSTE_0382_ST_Rabbit_Doll_Pink,CSTE_0382_ST_Rabbit_Doll_Pink,Rudrav Meesho,Active,,
CSTE_0382_ST_Rabbit_Doll_Pink,CSTE_0382_ST_Rabbit_Doll_Pink,CSTE AMAZON,Active,Active Listing,#REF!
CSTE_0382_ST_Rabbit_Doll_Pink,CSTE_0382_ST_Rabbit_Doll_Pink,CSTE FK,Active,Active Listing,#REF!
CSTE_0382_ST_Rabbit_Doll_Pink,CSTE_0382_ST_Rabbit_Doll_Pink,GL FK,Active,Active Listing,#REF!
CSTE_0383_ST_Cat_Pillow_Black,CSTE_0383_ST_Cat_Pillow_Black,CSTE MEESHO,Active,,
CSTE_0383_ST_Cat_Pillow_Black,CSTE_0383_ST_Cat_Pillow_Black,Rudrav Meesho,Active,,
BLACK_CAT,CSTE_0383_ST_Cat_Pillow_Black,CSTE AMAZON,Active,Active Listing,#REF!
CSTE_0383_ST_Cat_Pillow_Black,CSTE_0383_ST_Cat_Pillow_Black,CSTE AMAZON,Active,Active Listing,#REF!
CSTE_0383_ST_Cat_Pillow_Black,CSTE_0383_ST_Cat_Pillow_Black,GL FK,Active,Active Listing,#REF!
CSTE_0383_ST_Cat_Pillow_Black,CSTE_0383_ST_Cat_Pillow_Black,CSTE FK,Active,Active Listing,#REF!
CSTE_0384_SG_Weed_RedGreen,CSTE_0384_SG_Weed_RedGreen,CSTE MEESHO,Active,,
CSTE_0384_SG_Weed_RedGreen,CSTE_0384_SG_Weed_RedGreen,Rudrav Meesho,Active,,
CSTE_0384_SG_Weed_RedGreen,CSTE_0384_SG_Weed_RedGreen,CSTE FK,Active,Active Listing,#REF!
CSTE_0385_SG_Weed_Green,CSTE_0385_SG_Weed_Green,CSTE MEESHO,Active,,
CSTE_0385_SG_Weed_Green,CSTE_0385_SG_Weed_Green,Rudrav Meesho,Active,,
CSTE_0385_SG_Weed_Green,CSTE_0385_SG_Weed_Green,CSTE FK,Active,Active Listing,#REF!
CSTE_0386_SG_Gangster_SquareGold,CSTE_0386_SG_Gangster_SquareGold,Rudrav Meesho,Active,,
gangstar sg gold,CSTE_0386_SG_Gangster_SquareGold,CSTE MEESHO,Active,,
CSTE_0387_SG_Oval_Crystal_Brown,CSTE_0387_SG_Oval_Crystal_Brown,Rudrav Meesho,Active,,
CSTE_0388_SG_DoubleShade_HeartFire,CSTE_0388_SG_DoubleShade_HeartFire,Rudrav Meesho,Active,,
green_heart_dropglasses_fba,CSTE_0388_SG_DoubleShade_HeartFire,CSTE AMAZON,Inactive,Deleted,
heart_fire_SG,CSTE_0388_SG_DoubleShade_HeartFire,Rudrav Meesho,Active,,
CSTE_0390_MB_Dancing_Piano,CSTE_0390_MB_Dancing_Piano,CSTE MEESHO,Active,,
CSTE_0390_MB_Dancing_Piano,CSTE_0390_MB_Dancing_Piano,Rudrav Meesho,Active,,
Piano_Automatic,CSTE_0390_MB_Dancing_Piano,CSTE AMAZON,Active,Active Listing,#REF!
1B-QP41-FPLK,CSTE_0390_MB_Dancing_Piano,CSTE AMAZON,Active,Active Listing,#REF!
CSTE_0390_MB_Dancing_Piano,CSTE_0390_MB_Dancing_Piano,GL FK,Active,Active Listing,#REF!
CSTE_0390_MB_Dancing_Piano,CSTE_0390_MB_Dancing_Piano,CSTE FK,Active,Active Listing,#REF!
CJ_Makeup_Org_Black_Brushes,CSTE_0391_Organizer_Makeup_Black_Brush,CSTE AMAZON,Active,Combo,#REF!
CJ_Makeup_Org_LightGreen_Brushes,CSTE_0392_Organizer_Makeup_LightGreen_Brush,CSTE AMAZON,Active,Combo,#REF!
CJ_Makeup_Org_Pink_Brushes,CSTE_0393_Organizer_Makeup_Pink_Brush,CSTE AMAZON,Active,,#REF!
CJ_Makeup_Org_Purple_Brushes,CSTE_0394_Organizer_Makeup_Purple_Brush,CSTE AMAZON,Active,,#REF!
Brush_makeup_Blue,CSTE_0394_Organizer_Makeup_Purple_Brush,CSTE FK,Active,,#REF!
CSTE_0395_SG_WIngs_Pink,CSTE_0395_SG_WIngs_Pink,Rudrav Meesho,Active,,
CSTE_0397_Organizer_StorageBox_Blue,CSTE_0397_Organizer_StorageBox_Blue,Rudrav Meesho,Active,,
Caaju_Storagebox_Blue_1pk,CSTE_0397_Organizer_StorageBox_Blue,CSTE AMAZON,Active,Active Listing,#REF!
Caaju_Storagebox_Blue_1P,CSTE_0397_Organizer_StorageBox_Blue,CSTE AMAZON,Active,Active Listing,#REF!
CSTE_0397_Organizer_StorageBox_Blue,CSTE_0397_Organizer_StorageBox_Blue,GL FK,Active,Active Listing,#REF!
CSTE_0397_Organizer_StorageBox_Blue,CSTE_0397_Organizer_StorageBox_Blue,CSTE FK,Active,Active Listing,#REF!
CSTE_0397_Organizer_StorageBox_Blue,CSTE_0397_Organizer_StorageBox_Blue,CSTE MEESHO,Active,,#REF!
CSTE_0407_OT_HP_Scarf_SG,CSTE_0407_OT_HP_Scarf_SG,CSTE MEESHO,Active,Combo,
CSTE_0407_OT_HP_Scarf_SG,CSTE_0407_OT_HP_Scarf_SG,Rudrav Meesho,Active,Combo,
Wand_Stand,CSTE_0408_Wands_Stand_Metal,CSTE AMAZON,Active,Active Listing,#REF!
CSTE_0408_Wands_Stand_Metal,CSTE_0408_Wands_Stand_Metal,GL FK,Active,Active Listing,#REF!
CSTE_0408_Wands_Stand_Metal,CSTE_0408_Wands_Stand_Metal,CSTE FK,Active,Active Listing,#REF!
Caaju_26Lstoragebox_grey,CSTE_0409_Orgn_Storage_26Ltr_Grey,CSTE AMAZON,Active,Active Listing,#REF!
CSTE_0409_Orgn_Storage_26Ltr_Grey,CSTE_0409_Orgn_Storage_26Ltr_Grey,GL FK,Active,Active Listing,#REF!
CSTE_0409_Orgn_Storage_26Ltr_Grey,CSTE_0409_Orgn_Storage_26Ltr_Grey,CSTE FK,Active,Active Listing,#REF!
CSTE_0409_Orgn_Storage_26Ltr_Grey,CSTE_0409_Orgn_Storage_26Ltr_Grey,CSTE MEESHO,Active,,#REF!
CSTE_0409_Orgn_Storage_26Ltr_Grey,CSTE_0409_Orgn_Storage_26Ltr_Grey,Rudrav Meesho,Active,,#REF!
Caaju_26Lstoragebox_grey_1PK,CSTE_0409_Orgn_Storage_26Ltr_Grey,CSTE AMAZON,Active,Active Listing,#REF!
Storage_Box_Green_1,CSTE_0410_Orgn_Storage_26Ltr_Green,CSTE AMAZON,Active,,#REF!
Caaju_26Lstoragebox_green,CSTE_0410_Orgn_Storage_26Ltr_Green,CSTE AMAZON,Active,Active Listing,#REF!
CSTE_0410_Orgn_Storage_26Ltr_Green,CSTE_0410_Orgn_Storage_26Ltr_Green,GL FK,Active,Active Listing,#REF!
CSTE_0410_Orgn_Storage_26Ltr_Green,CSTE_0410_Orgn_Storage_26Ltr_Green,CSTE FK,Active,Active Listing,#REF!
CSTE_0410_Orgn_Storage_26Ltr_Green,CSTE_0410_Orgn_Storage_26Ltr_Green,CSTE MEESHO,Active,,#REF!
CSTE_0410_Orgn_Storage_26Ltr_Green,CSTE_0410_Orgn_Storage_26Ltr_Green,Rudrav Meesho,Active,,#REF!
Storage_Box_Brown_1,CSTE_0411_Orgn_Storage_26Ltr_Brown,CSTE AMAZON,Active,,#REF!
Caaju_26Lstoragebox_Brown,CSTE_0411_Orgn_Storage_26Ltr_Brown,CSTE AMAZON,Active,Active Listing,#REF!
CSTE_0411_Orgn_Storage_26Ltr_Brown,CSTE_0411_Orgn_Storage_26Ltr_Brown,GL FK,Active,Active Listing,#REF!
CSTE_0411_Orgn_Storage_26Ltr_Brown,CSTE_0411_Orgn_Storage_26Ltr_Brown,CSTE FK,Active,Active Listing,#REF!
CSTE_0411_Orgn_Storage_26Ltr_Brown,CSTE_0411_Orgn_Storage_26Ltr_Brown,CSTE MEESHO,Active,,#REF!
CSTE_0411_Orgn_Storage_26Ltr_Brown,CSTE_0411_Orgn_Storage_26Ltr_Brown,Rudrav Meesho,Active,,#REF!
Caaju_26Lstoragebox_blackcheck,CSTE_0412_Orgn_Storage_26Ltr_BlackWhite,CSTE AMAZON,Active,Active Listing,#REF!
CSTE_0412_Orgn_Storage_26Ltr_BlackWhite,CSTE_0412_Orgn_Storage_26Ltr_BlackWhite,GL FK,Active,Active Listing,#REF!
CSTE_0412_Orgn_Storage_26Ltr_BlackWhite,CSTE_0412_Orgn_Storage_26Ltr_BlackWhite,CSTE FK,Active,Active Listing,#REF!
CSTE_0412_Orgn_Storage_26Ltr_BlackWhite,CSTE_0412_Orgn_Storage_26Ltr_BlackWhite,CSTE MEESHO,Active,,#REF!
CSTE_0412_Orgn_Storage_26Ltr_BlackWhite,CSTE_0412_Orgn_Storage_26Ltr_BlackWhite,Rudrav Meesho,Active,,#REF!
CSTE_0413_Orgn_Storage_26Ltr_Blue,CSTE_0413_Orgn_Storage_26Ltr_Blue,Rudrav Meesho,Active,,
Caaju_26Lstoragebox_blue,CSTE_0413_Orgn_Storage_26Ltr_Blue,CSTE AMAZON,Active,Active Listing,#REF!
CSTE_0413_Orgn_Storage_26Ltr_Blue,CSTE_0413_Orgn_Storage_26Ltr_Blue,GL FK,Active,Active Listing,#REF!
CSTE_0413_Orgn_Storage_26Ltr_Blue,CSTE_0413_Orgn_Storage_26Ltr_Blue,CSTE FK,Active,Active Listing,#REF!
CSTE_0413_Orgn_Storage_26Ltr_Blue,CSTE_0413_Orgn_Storage_26Ltr_Blue,CSTE MEESHO,Active,,#REF!
Storage_Box_white_1,CSTE_0414_Orgn_Storage_26Ltr_Cream,CSTE AMAZON,Active,,#REF!
Caaju_26Lstoragebox_cream,CSTE_0414_Orgn_Storage_26Ltr_Cream,CSTE AMAZON,Active,Active Listing,#REF!
CSTE_0414_Orgn_Storage_26Ltr_Cream,CSTE_0414_Orgn_Storage_26Ltr_Cream,GL FK,Active,Active Listing,#REF!
CSTE_0414_Orgn_Storage_26Ltr_Cream,CSTE_0414_Orgn_Storage_26Ltr_Cream,CSTE FK,Active,Active Listing,#REF!
CSTE_0414_Orgn_Storage_26Ltr_Cream,CSTE_0414_Orgn_Storage_26Ltr_Cream,CSTE MEESHO,Active,,#REF!
CSTE_0414_Orgn_Storage_26Ltr_Cream,CSTE_0414_Orgn_Storage_26Ltr_Cream,Rudrav Meesho,Active,,#REF!
Caaju_66L_Storagebox_Pink,CSTE_0415_Organizer_StorageBox_Pink,CSTE AMAZON,Inactive,Deleted,
CSTE_0415_Organizer_StorageBox_Pink,CSTE_0415_Organizer_StorageBox_Pink,CSTE MEESHO,Active,,#REF!
CSTE_0415_Organizer_StorageBox_Pink,CSTE_0415_Organizer_StorageBox_Pink,Rudrav Meesho,Active,,#REF!
Caaju_66L_Storagebox_Brown,CSTE_0416_Organizer_StorageBox_Brown,CSTE AMAZON,Inactive,Deleted,
CSTE_0416_Organizer_StorageBox_Brown,CSTE_0416_Organizer_StorageBox_Brown,CSTE MEESHO,Active,,#REF!
CSTE_0416_Organizer_StorageBox_Brown,CSTE_0416_Organizer_StorageBox_Brown,Rudrav Meesho,Active,,#REF!
Caaju_66L_Storagebox_Blue,CSTE_0417_Organizer_StorageBox_SkyBlue,CSTE AMAZON,Inactive,Deleted,
CSTE_0417_Organizer_StorageBox_SkyBlue,CSTE_0417_Organizer_StorageBox_SkyBlue,CSTE MEESHO,Active,,#REF!
CSTE_0417_Organizer_StorageBox_SkyBlue,CSTE_0417_Organizer_StorageBox_SkyBlue,Rudrav Meesho,Active,,#REF!
Minecraft_Steve,CSTE_0418_ST_MineCraft_Steve,CSTE AMAZON,Active,Active Listing,#REF!
CSTE_0418_ST_MineCraft_Steve,CSTE_0418_ST_MineCraft_Steve,GL FK,Active,Active Listing,#REF!
MineCraft_Steve,CSTE_0418_ST_MineCraft_Steve,GL FK,Active,Active Listing,#REF!
CSTE_0418_ST_MineCraft_Steve,CSTE_0418_ST_MineCraft_Steve,CSTE MEESHO,Active,,#REF!
CSTE_0418_ST_MineCraft_Steve,CSTE_0418_ST_MineCraft_Steve,CSTE FK,Active,Active Listing,#REF!
CSTE_0418_ST_MineCraft_Steve,CSTE_0418_ST_MineCraft_Steve,Rudrav Meesho,Active,,#REF!
CSTE_0419_ST_MineCraft_Creeper,CSTE_0419_ST_MineCraft_Creeper,Rudrav Meesho,Active,,
Minecraft_creeper,CSTE_0419_ST_MineCraft_Creeper,CSTE AMAZON,Active,Active Listing,#REF!
CSTE_0419_ST_MineCraft_Creeper,CSTE_0419_ST_MineCraft_Creeper,CSTE AMAZON,Active,Active Listing,#REF!
CSTE_0419_ST_MineCraft_Creeper,CSTE_0419_ST_MineCraft_Creeper,GL FK,Active,Active Listing,#REF!
CSTE_0419_ST_MineCraft_Creeper,CSTE_0419_ST_MineCraft_Creeper,CSTE FK,Active,Active Listing,#REF!
CSTE_0419_ST_MineCraft_Creeper,CSTE_0419_ST_MineCraft_Creeper,CSTE MEESHO,Active,,#REF!
Minecraft_Zombie,CSTE_0420_ST_MineCraft_Zombie,CSTE AMAZON,Active,Active Listing,#REF!
CSTE_0420_ST_MineCraft_Zombie,CSTE_0420_ST_MineCraft_Zombie,GL FK,Active,Active Listing,#REF!
CSTE_0420_ST_MineCraft_Zombie,CSTE_0420_ST_MineCraft_Zombie,CSTE FK,Active,Active Listing,#REF!
CSTE_0420_ST_MineCraft_Zombie,CSTE_0420_ST_MineCraft_Zombie,CSTE MEESHO,Active,,#REF!
CSTE_0420_ST_MineCraft_Zombie,CSTE_0420_ST_MineCraft_Zombie,Rudrav Meesho,Active,,#REF!
Minecraft_Ghast,CSTE_0421_ST_MineCraft_Ghost,CSTE AMAZON,Active,Active Listing,#REF!
CSTE_0421_ST_MineCraft_Ghost,CSTE_0421_ST_MineCraft_Ghost,GL FK,Active,Active Listing,#REF!
CSTE_0421_ST_MineCraft_Ghost,CSTE_0421_ST_MineCraft_Ghost,CSTE FK,Active,Active Listing,#REF!
CSTE_0421_ST_MineCraft_Ghost,CSTE_0421_ST_MineCraft_Ghost,CSTE MEESHO,Active,,#REF!
CSTE_0421_ST_MineCraft_Ghost,CSTE_0421_ST_MineCraft_Ghost,Rudrav Meesho,Active,,#REF!
Caaju_6pc_travelkit_Grey,CSTE_0422_Org_6Pcs_Travel_Grey,CSTE AMAZON,Active,Active Listing,#REF!
travelkit_grey_map,CSTE_0422_Org_6Pcs_Travel_Grey,GL FK,Active,Active Listing,#REF!
CSTE_0422_Org_6Pcs_Travel_Grey,CSTE_0422_Org_6Pcs_Travel_Grey,GL FK,Active,Active Listing,#REF!
6pcs_travelkit_grey_map,CSTE_0422_Org_6Pcs_Travel_Grey,GL FK,Active,Active Listing,#REF!
CSTE_0422_Org_6Pcs_Travel_Grey,CSTE_0422_Org_6Pcs_Travel_Grey,CSTE FK,Active,Active Listing,#REF!
CSTE_0422_Org_6Pcs_Travel_Grey,CSTE_0422_Org_6Pcs_Travel_Grey,CSTE MEESHO,Active,,#REF!
CSTE_0422_Org_6Pcs_Travel_Grey,CSTE_0422_Org_6Pcs_Travel_Grey,Rudrav Meesho,Active,,#REF!
Caaju_6pc_travelkit_Blue,CSTE_0423_Org_6Pcs_Travel_Blue,CSTE AMAZON,Active,Active Listing,#REF!
CSTE_0423_Org_6Pcs_Travel_Blue,CSTE_0423_Org_6Pcs_Travel_Blue,GL FK,Active,Active Listing,#REF!
CSTE_0423_Org_6Pcs_Travel_Blue,CSTE_0423_Org_6Pcs_Travel_Blue,CSTE FK,Active,Active Listing,#REF!
CSTE_0423_Org_6Pcs_Travel_Blue,CSTE_0423_Org_6Pcs_Travel_Blue,CSTE MEESHO,Active,,#REF!
CSTE_0423_Org_6Pcs_Travel_Blue,CSTE_0423_Org_6Pcs_Travel_Blue,Rudrav Meesho,Active,,#REF!
Caaju_6pc_travelkit_Pink,CSTE_0424_Org_6Pcs_Travel_Pink,CSTE AMAZON,Active,Combo,#REF!
CSTE_0424_Org_6Pcs_Travel_Pink,CSTE_0424_Org_6Pcs_Travel_Pink,GL FK,Active,Active Listing,#REF!
CSTE_0424_Org_6Pcs_Travel_Pink,CSTE_0424_Org_6Pcs_Travel_Pink,CSTE FK,Active,Active Listing,#REF!
CSTE_0424_Org_6Pcs_Travel_Pink,CSTE_0424_Org_6Pcs_Travel_Pink,CSTE MEESHO,Active,,#REF!
CSTE_0424_Org_6Pcs_Travel_Pink,CSTE_0424_Org_6Pcs_Travel_Pink,Rudrav Meesho,Active,,#REF!
Caaju_6pc_travelkit_Red,CSTE_0425_Org_6Pcs_Travel_Red,CSTE AMAZON,Active,Combo,#REF!
CSTE_0425_Org_6Pcs_Travel_Red,CSTE_0425_Org_6Pcs_Travel_Red,GL FK,Active,Active Listing,#REF!
CSTE_0425_Org_6Pcs_Travel_Red,CSTE_0425_Org_6Pcs_Travel_Red,CSTE FK,Active,Active Listing,#REF!
CSTE_0425_Org_6Pcs_Travel_Red,CSTE_0425_Org_6Pcs_Travel_Red,CSTE MEESHO,Active,,#REF!
CSTE_0425_Org_6Pcs_Travel_Red,CSTE_0425_Org_6Pcs_Travel_Red,Rudrav Meesho,Active,,#REF!
Caaju_6pc_travelkit_Black,CSTE_0426_Org_6Pcs_Travel_Black,CSTE AMAZON,Active,Active Listing,#REF!
CSTE_0426_Org_6Pcs_Travel_Black,CSTE_0426_Org_6Pcs_Travel_Black,GL FK,Active,Active Listing,#REF!
CSTE_0426_Org_6Pcs_Travel_Black,CSTE_0426_Org_6Pcs_Travel_Black,CSTE FK,Active,Active Listing,#REF!
CSTE_0426_Org_6Pcs_Travel_Black,CSTE_0426_Org_6Pcs_Travel_Black,CSTE MEESHO,Active,,#REF!
CSTE_0426_Org_6Pcs_Travel_Black,CSTE_0426_Org_6Pcs_Travel_Black,Rudrav Meesho,Active,,#REF!
Caaju_6pc_travelkit_Purple,CSTE_0427_Org_6Pcs_Travel_Purple,CSTE AMAZON,Active,Active Listing,#REF!
CSTE_0427_Org_6Pcs_Travel_Purple,CSTE_0427_Org_6Pcs_Travel_Purple,GL FK,Active,Active Listing,#REF!
CSTE_0427_Org_6Pcs_Travel_Purple,CSTE_0427_Org_6Pcs_Travel_Purple,CSTE FK,Active,Active Listing,#REF!
CSTE_0427_Org_6Pcs_Travel_Purple,CSTE_0427_Org_6Pcs_Travel_Purple,CSTE MEESHO,Active,,#REF!
CSTE_0427_Org_6Pcs_Travel_Purple,CSTE_0427_Org_6Pcs_Travel_Purple,Rudrav Meesho,Active,,#REF!
CSTE_0428_Org_6Pcs_Travel_Maroon,CSTE_0428_Org_6Pcs_Travel_Maroon,Rudrav Meesho,Active,,
Caaju_6pc_travelkit_Maroon,CSTE_0428_Org_6Pcs_Travel_Maroon,CSTE AMAZON,Active,Combo,#REF!
CSTE_0428_Org_6Pcs_Travel_Maroon,CSTE_0428_Org_6Pcs_Travel_Maroon,GL FK,Active,Active Listing,#REF!
CSTE_0428_Org_6Pcs_Travel_Maroon,CSTE_0428_Org_6Pcs_Travel_Maroon,CSTE FK,Active,Active Listing,#REF!
CSTE_0428_Org_6Pcs_Travel_Maroon,CSTE_0428_Org_6Pcs_Travel_Maroon,CSTE MEESHO,Active,,#REF!
Caaju_Compression_Travelkit_Cream,CSTE_0429_Org_Compression_Kit_Cream,CSTE AMAZON,Active,Combo,#REF!
CSTE_0429_Org_Compression_Kit_Cream,CSTE_0429_Org_Compression_Kit_Cream,CSTE AMAZON,Active,Active Listing,#REF!
CSTE_0429_Org_Compression_Kit_Cream,CSTE_0429_Org_Compression_Kit_Cream,CSTE FK,Active,Active Listing,#REF!
CSTE_0429_Org_Compression_Kit_Cream,CSTE_0429_Org_Compression_Kit_Cream,CSTE MEESHO,Active,,#REF!
CSTE_0429_Org_Compression_Kit_Cream ​,CSTE_0429_Org_Compression_Kit_Cream,Rudrav Meesho,Active,,#REF!
Caaju_Compression_Travelkit_Blue,CSTE_0430_Org_Compression_Kit_Blue,CSTE AMAZON,Active,Combo,#REF!
CSTE_0430_Org_Compression_Kit_Blue,CSTE_0430_Org_Compression_Kit_Blue,CSTE FK,Active,Active Listing,#REF!
CSTE_0430_Org_Compression_Kit_Blue,CSTE_0430_Org_Compression_Kit_Blue,CSTE MEESHO,Active,,#REF!
CSTE_0430_Org_Compression_Kit_Blue ​,CSTE_0430_Org_Compression_Kit_Blue,Rudrav Meesho,Active,,#REF!
String Hockey,CSTE_0431_OT_String_Hockey_Game,CSTE AMAZON,Active,Active Listing,#REF!
CSTE_0431_OT_String_Hockey_Game,CSTE_0431_OT_String_Hockey_Game,CSTE MEESHO,Active,,#REF!
CSTE_0431_OT_String_Hockey_Game,CSTE_0431_OT_String_Hockey_Game,Rudrav Meesho,Active,,#REF!
Pinapple_Yellow,CSTE_0432_ST_Fruit_PineApple_Yellow,CSTE AMAZON,Active,Active Listing,#REF!
Pine_apple _yellow,CSTE_0432_ST_Fruit_PineApple_Yellow,CSTE MEESHO,Active,,#REF!
Pine_apple _yellow_01,CSTE_0432_ST_Fruit_PineApple_Yellow,Rudrav Meesho,Active,,
Charmendhar,CSTE_0433_ST_Pokemon_Charmander_Red,CSTE AMAZON,Inactive,Deleted,
Charmandhar,CSTE_0433_ST_Pokemon_Charmander_Red,CSTE AMAZON,Inactive,Deleted,
CSTE_0433_ST_Pokemon_Charmander_Red,CSTE_0433_ST_Pokemon_Charmander_Red,CSTE AMAZON,Active,Active Listing,#REF!
Charmander,CSTE_0433_ST_Pokemon_Charmander_Red,CSTE AMAZON,Active,Active Listing,#REF!
Charmendar,CSTE_0433_ST_Pokemon_Charmander_Red,GL FK,Active,Active Listing,#REF!
Charmendar,CSTE_0433_ST_Pokemon_Charmander_Red,CSTE FK,Active,Active Listing,#REF!
CSTE_0433_ST_Pokemon_Charmander_Red,CSTE_0433_ST_Pokemon_Charmander_Red,CSTE FK,Active,Active Listing,#REF!
Charmendar,CSTE_0433_ST_Pokemon_Charmander_Red,CSTE MEESHO,Active,,#REF!
CSTE_0433_ST_Pokemon_Charmander_Red,CSTE_0433_ST_Pokemon_Charmander_Red,CSTE MEESHO,Active,,#REF!
Charmendar,CSTE_0433_ST_Pokemon_Charmander_Red,Rudrav Meesho,Active,,#REF!
CSTE_0433_ST_Pokemon_Charmander_Red,CSTE_0433_ST_Pokemon_Charmander_Red,Rudrav Meesho,Active,,#REF!
Bulbasour,CSTE_0434_ST_Pokemon_Bulbasour_Green,Rudrav Meesho,Active,,
Bulbasor,CSTE_0434_ST_Pokemon_Bulbasour_Green,CSTE AMAZON,Inactive,Deleted,
Pokimon_Combo3,CSTE_0434_ST_Pokemon_Bulbasour_Green,CSTE AMAZON,Inactive,Deleted,
Bulbasaur,CSTE_0434_ST_Pokemon_Bulbasour_Green,CSTE AMAZON,Inactive,Deleted,
CSTE_0434_ST_Pokemon_Bulbasour_Green,CSTE_0434_ST_Pokemon_Bulbasour_Green,CSTE AMAZON,Active,Active Listing,#REF!
Bulbasour,CSTE_0434_ST_Pokemon_Bulbasour_Green,GL FK,Active,Active Listing,#REF!
CSTE_0434_ST_Pokemon_Bulbasour_Green,CSTE_0434_ST_Pokemon_Bulbasour_Green,GL FK,Active,Active Listing,#REF!
CSTE_0434_ST_Pokemon_Bulbasour_Green,CSTE_0434_ST_Pokemon_Bulbasour_Green,CSTE FK,Active,Active Listing,#REF!
Bulbasour,CSTE_0434_ST_Pokemon_Bulbasour_Green,CSTE MEESHO,Active,,#REF!
CSTE_0434_ST_Pokemon_Bulbasour_Green,CSTE_0434_ST_Pokemon_Bulbasour_Green,CSTE MEESHO,Active,,#REF!
CSTE_0434_ST_Pokemon_Bulbasour_Green,CSTE_0434_ST_Pokemon_Bulbasour_Green,Rudrav Meesho,Active,,#REF!
CSTE_0435_ST_Pokemon_Squirtle_Blue,CSTE_0435_ST_Pokemon_Squirtle_Blue,CSTE MEESHO,Active,,
Squirtall,CSTE_0435_ST_Pokemon_Squirtle_Blue,CSTE AMAZON,Inactive,Deleted,
squirtle,CSTE_0435_ST_Pokemon_Squirtle_Blue,CSTE AMAZON,Active,Active Listing,#REF!
CSTE_0435_ST_Pokemon_Squirtle_Blue,CSTE_0435_ST_Pokemon_Squirtle_Blue,CSTE AMAZON,Active,Active Listing,#REF!
CSTE_0435_ST_Pokemon_Squirtle_Blue,CSTE_0435_ST_Pokemon_Squirtle_Blue,GL FK,Active,Active Listing,#REF!
Pokemon_Squirtle_Blue,CSTE_0435_ST_Pokemon_Squirtle_Blue,GL FK,Active,Active Listing,#REF!
Squirtle,CSTE_0435_ST_Pokemon_Squirtle_Blue,GL FK,Active,Active Listing,#REF!
happy_squirtle,CSTE_0435_ST_Pokemon_Squirtle_Blue,CSTE FK,Active,Active Listing,#REF!
CSTE_0435_ST_Pokemon_Squirtle_Blue,CSTE_0435_ST_Pokemon_Squirtle_Blue,CSTE FK,Active,Active Listing,#REF!
Squirtle,CSTE_0435_ST_Pokemon_Squirtle_Blue,CSTE MEESHO,Active,,#REF!
Happy Squirtle,CSTE_0435_ST_Pokemon_Squirtle_Blue,CSTE MEESHO,Active,,#REF!
Happy Squirtle,CSTE_0435_ST_Pokemon_Squirtle_Blue,Rudrav Meesho,Active,,#REF!
CSTE_0435_ST_Pokemon_Squirtle_Blue,CSTE_0435_ST_Pokemon_Squirtle_Blue,Rudrav Meesho,Active,,#REF!
Squirtle,CSTE_0435_ST_Pokemon_Squirtle_Blue,Rudrav Meesho,Active,,
Acrylic_Heart_8Note_Kalimba,CSTE_0436_MB_Kalimba_8Notes_Heartshape,CSTE AMAZON,Active,Active Listing,#REF!
CSTE_0436_MB_Kalimba_8Notes_Heartshape,CSTE_0436_MB_Kalimba_8Notes_Heartshape,GL FK,Active,Active Listing,#REF!
CSTE_0436_MB_Kalimba_8Notes_Heartshape,CSTE_0436_MB_Kalimba_8Notes_Heartshape,CSTE FK,Active,Active Listing,#REF!
acrylic_heart_8note_kalimba,CSTE_0436_MB_Kalimba_8Notes_Heartshape,CSTE MEESHO,Active,,#REF!
acrylic_heart_8note_kalimba,CSTE_0436_MB_Kalimba_8Notes_Heartshape,Rudrav Meesho,Active,,#REF!
steve_lama,CSTE_0437_ST_Minecraft_Lama_Brown,CSTE AMAZON,Active,Combo,#REF!
minecraft_Lama,CSTE_0437_ST_Minecraft_Lama_Brown,CSTE AMAZON,Active,Active Listing,#REF!
CSTE_0437_ST_Minecraft_Lama_Brown,CSTE_0437_ST_Minecraft_Lama_Brown,CSTE FK,Active,Active Listing,#REF!
CSTE_0437_ST_Minecraft_Lama_Brown,CSTE_0437_ST_Minecraft_Lama_Brown,CSTE MEESHO,Active,,#REF!
CSTE_0437_ST_Minecraft_Lama_Brown,CSTE_0437_ST_Minecraft_Lama_Brown,Rudrav Meesho,Active,,#REF!
Zoro attack,CSTE_0438_CLT_AF_Zoro_3Swords,CSTE AMAZON,Active,Active Listing,#REF!
Zoro attack01,CSTE_0438_CLT_AF_Zoro_3Swords,GL FK,Active,Active Listing,#REF!
Zoro attack02,CSTE_0438_CLT_AF_Zoro_3Swords,CSTE FK,Active,Active Listing,#REF!
Heroes Zoro Action Figure,CSTE_0438_CLT_AF_Zoro_3Swords,CSTE MEESHO,Active,,#REF!
Heroes Zoro Action Figure 01,CSTE_0438_CLT_AF_Zoro_3Swords,Rudrav Meesho,Active,,#REF!
One Piece,CSTE_0439_CLT_AF_Luffy_3Face,CSTE AMAZON,Active,Active Listing,#REF!
One Piece 01,CSTE_0439_CLT_AF_Luffy_3Face,GL FK,Active,Active Listing,#REF!
One Piece02,CSTE_0439_CLT_AF_Luffy_3Face,CSTE FK,Active,Active Listing,#REF!
One Piece Anime,CSTE_0439_CLT_AF_Luffy_3Face,CSTE MEESHO,Active,,
One Piece Anime ​01,CSTE_0439_CLT_AF_Luffy_3Face,Rudrav Meesho,Active,,
Goku Super Saiyyan,CSTE_0440_CLT_AF_Gohan_Purple,CSTE AMAZON,Active,Active Listing,#REF!
Goku Super Saiyyan01,CSTE_0440_CLT_AF_Gohan_Purple,GL FK,Active,Active Listing,#REF!
Goku Super Saiyyan02,CSTE_0440_CLT_AF_Gohan_Purple,CSTE FK,Active,Active Listing,#REF!
Goku Super Saiyyan,CSTE_0440_CLT_AF_Gohan_Purple,CSTE MEESHO,Active,,
Goku Super Saiyyan 01,CSTE_0440_CLT_AF_Gohan_Purple,Rudrav Meesho,Active,,
Goku Black long,CSTE_0441_CLT_AF_Goku_Rosea,CSTE MEESHO,Active,,
Goku Black long01,CSTE_0441_CLT_AF_Goku_Rosea,Rudrav Meesho,Active,,
Goku Black,CSTE_0441_CLT_AF_Goku_Rosea,CSTE AMAZON,Active,Active Listing,#REF!
Goku Black02,CSTE_0441_CLT_AF_Goku_Rosea,CSTE FK,Active,Active Listing,#REF!
goku action figure,CSTE_0442_CLT_AF_Goku_Big,CSTE MEESHO,Active,,
goku action figure01,CSTE_0442_CLT_AF_Goku_Big,Rudrav Meesho,Active,,
Goku,CSTE_0442_CLT_AF_Goku_Big,CSTE AMAZON,Active,Active Listing,#REF!
Goku big 01,CSTE_0442_CLT_AF_Goku_Big,GL FK,Active,Active Listing,#REF!
Goku02,CSTE_0442_CLT_AF_Goku_Big,CSTE FK,Active,Active Listing,#REF!
6pc Demon Slayer01,CSTE_0443_CLT_AF_Demon_Slayer_Set,Rudrav Meesho,Active,,
6pc Demon Slayer,CSTE_0443_CLT_AF_Demon_Slayer_Set,CSTE AMAZON,Active,Active Listing,#REF!
6pc Demon Slayer,CSTE_0443_CLT_AF_Demon_Slayer_Set,GL FK,Active,Active Listing,#REF!
6pc Demon Slayer02,CSTE_0443_CLT_AF_Demon_Slayer_Set,CSTE FK,Active,Active Listing,#REF!
6pc Demon Slayer,CSTE_0443_CLT_AF_Demon_Slayer_Set,CSTE MEESHO,Active,,#REF!
Goku Injured,CSTE_0444_CLT_AF_Goku_Charging,CSTE AMAZON,Active,Active Listing,#REF!
Goku Injured 01,CSTE_0444_CLT_AF_Goku_Charging,GL FK,Active,Active Listing,#REF!
Goku Injured02,CSTE_0444_CLT_AF_Goku_Charging,CSTE FK,Active,Active Listing,#REF!
Goku injured,CSTE_0444_CLT_AF_Goku_Charging,CSTE MEESHO,Active,,#REF!
Goku injured01,CSTE_0444_CLT_AF_Goku_Charging,Rudrav Meesho,Active,,#REF!
DBZ Bardock Action Figure01,CSTE_0445_CLT_AF_Goku_Spirit,Rudrav Meesho,Active,,
Goku_injured_jump,CSTE_0445_CLT_AF_Goku_Spirit,CSTE AMAZON,Active,Active Listing,#REF!
Goku Injured design 2,CSTE_0445_CLT_AF_Goku_Spirit,GL FK,Active,Active Listing,#REF!
Goku Injured design02,CSTE_0445_CLT_AF_Goku_Spirit,CSTE FK,Active,Active Listing,#REF!
Goku kame ha me,CSTE_0446_CLT_AF_Goku_Kamahe,CSTE AMAZON,Active,Active Listing,#REF!
Goku Super Saiyyan Injured,CSTE_0447_CLT_AF_Goku_SSJ,CSTE MEESHO,Active,,
Goku Super Saiyyan Injured,CSTE_0447_CLT_AF_Goku_SSJ,CSTE AMAZON,Active,Active Listing,#REF!
Goku Super Saiyyan Injured01,CSTE_0447_CLT_AF_Goku_SSJ,GL FK,Active,Active Listing,#REF!
Goku Super Saiyyan Injured02,CSTE_0447_CLT_AF_Goku_SSJ,CSTE FK,Active,Active Listing,#REF!
Goku Super Saiyyan Injured01,CSTE_0447_CLT_AF_Goku_SSJ,Rudrav Meesho,Active,,#REF!
Vegeta Black,CSTE_0448_CLT_AF_Vegeta_Gloves_Black,CSTE AMAZON,Active,Active Listing,#REF!
Vegeta Black01,CSTE_0448_CLT_AF_Vegeta_Gloves_Black,GL FK,Active,Active Listing,#REF!
Goku Black,CSTE_0448_CLT_AF_Vegeta_Gloves_Black,GL FK,Active,Active Listing,#REF!
Vegeta Black02,CSTE_0448_CLT_AF_Vegeta_Gloves_Black,CSTE FK,Active,Active Listing,#REF!
Vegeta Black01,CSTE_0448_CLT_AF_Vegeta_Gloves_Black,Rudrav Meesho,Active,,#REF!
Vegeta Black,CSTE_0448_CLT_AF_Vegeta_Gloves_Black,CSTE MEESHO,Active,,
Goku blue hair,CSTE_0449_CLT_AF_Vegeta_Gloves_Blue,CSTE AMAZON,Active,,#REF!
Goku blue hair,CSTE_0449_CLT_AF_Vegeta_Gloves_Blue,CSTE MEESHO,Active,,#REF!
Goku blue hair01,CSTE_0449_CLT_AF_Vegeta_Gloves_Blue,Rudrav Meesho,Active,,
Vegeta,CSTE_0449_CLT_AF_Vegeta_Gloves_Blue,CSTE AMAZON,Active,Active Listing,#REF!
action vegata blue,CSTE_0449_CLT_AF_Vegeta_Gloves_Blue,GL FK,Active,Active Listing,#REF!
Vegeta Punch Blue 01,CSTE_0449_CLT_AF_Vegeta_Gloves_Blue,GL FK,Active,Active Listing,#REF!
Vegeta blue02,CSTE_0449_CLT_AF_Vegeta_Gloves_Blue,CSTE FK,Active,Active Listing,#REF!
Vegeta Punch blue01,CSTE_0449_CLT_AF_Vegeta_Gloves_Blue,Rudrav Meesho,Active,,#REF!
Vegeta Punch blue,CSTE_0449_CLT_AF_Vegeta_Gloves_Blue,CSTE MEESHO,Active,,
Kakashi,CSTE_0450_CLT_AF_Kakashi_Attack,CSTE AMAZON,Inactive,Deleted,
Kakashi01,CSTE_0450_CLT_AF_Kakashi_Attack,GL FK,Active,Active Listing,#REF!
Kakashi02,CSTE_0450_CLT_AF_Kakashi_Attack,CSTE FK,Active,Active Listing,#REF!
Roronoa Zoro,CSTE_0451_CLT_AF_Zoro_Tree,CSTE AMAZON,Active,Active Listing,#REF!
Roronoa Zoro01,CSTE_0451_CLT_AF_Zoro_Tree,GL FK,Active,Active Listing,#REF!
Roronoa Zoro02,CSTE_0451_CLT_AF_Zoro_Tree,CSTE FK,Active,Active Listing,#REF!
Rorona Zoro,CSTE_0451_CLT_AF_Zoro_Tree,CSTE MEESHO,Active,,
Rorona Zoro01,CSTE_0451_CLT_AF_Zoro_Tree,Rudrav Meesho,Active,,
Harry_Potter_Figures3,CSTE_0452_CLT_AF_HarryPotter_Set_3,CSTE AMAZON,Active,Active Listing,#REF!
Harry Potter 3pc Set,CSTE_0452_CLT_AF_HarryPotter_Set_3,GL FK,Active,Active Listing,#REF!
Harry Potter 3pc Set with Broom Action Figure,CSTE_0452_CLT_AF_HarryPotter_Set_3,CSTE MEESHO,Active,,
Harry Potter 3pc Set with Broom Action Figure0,CSTE_0452_CLT_AF_HarryPotter_Set_3,Rudrav Meesho,Active,,
CSTE_0453_ST_Animal_Kitten_White,CSTE_0453_ST_Animal_Kitten_White,Rudrav Meesho,Active,,
White kitten,CSTE_0453_ST_Animal_Kitten_White,CSTE AMAZON,Active,Active Listing,#REF!
CSTE_0453_ST_Animal_Kitten_White,CSTE_0453_ST_Animal_Kitten_White,GL FK,Active,Active Listing,#REF!
CSTE_0453_ST_Animal_Kitten_White,CSTE_0453_ST_Animal_Kitten_White,CSTE MEESHO,Active,,#REF!
CSTE_0453_ST_Animal_Kitten_White_1,CSTE_0453_ST_Animal_Kitten_White,CSTE FK,Active,Active Listing,#REF!
Garfield,CSTE_0454_ST_Animal_Garfield_Orange,CSTE AMAZON,Active,Active Listing,#REF!
CSTE_0454_ST_Animal_Garfield_Orange,CSTE_0454_ST_Animal_Garfield_Orange,GL FK,Active,Active Listing,#REF!
CSTE_0454_ST_Animal_Garfield_Orange,CSTE_0454_ST_Animal_Garfield_Orange,CSTE MEESHO,Active,,#REF!
CSTE_0454_ST_Animal_Garfield_Orange,CSTE_0454_ST_Animal_Garfield_Orange,Rudrav Meesho,Active,,#REF!
AZ-2LJY-FLVA,CSTE_0455_ST_Animal_Kirby,CSTE AMAZON,Active,Active Listing,#REF!
CSTE_0455_ST_Animal_Kirby,CSTE_0455_ST_Animal_Kirby,GL FK,Active,Active Listing,#REF!
CSTE_0455_ST_Animal_Kirby,CSTE_0455_ST_Animal_Kirby,Rudrav Meesho,Active,,#REF!
CSTE_0456_ST_Animal_Maru_Bear,CSTE_0456_ST_Animal_Maru_Bear,Rudrav Meesho,Active,,
Maru Bear,CSTE_0456_ST_Animal_Maru_Bear,CSTE AMAZON,Active,Active Listing,#REF!
CSTE_0456_ST_Animal_Maru_Bear,CSTE_0456_ST_Animal_Maru_Bear,CSTE FK,Active,Active Listing,#REF!
New_walmart_Soft_toys,CSTE_0456_ST_Animal_Maru_Bear,CSTE MEESHO,Active,,
CSTE_0457_ST_Animal_Hello_Kitty,CSTE_0457_ST_Animal_Hello_Kitty,CSTE MEESHO,Active,,
CSTE_0457_ST_Animal_Hello_Kitty,CSTE_0457_ST_Animal_Hello_Kitty,Rudrav Meesho,Active,,
hello kitty,CSTE_0457_ST_Animal_Hello_Kitty,CSTE AMAZON,Active,Active Listing,#REF!
CSTE_0457_ST_Animal_Hello_Kitty,CSTE_0457_ST_Animal_Hello_Kitty,GL FK,Active,Active Listing,#REF!
CSTE_0458_ST_Animal_Love_Lot_Bear,CSTE_0458_ST_Animal_Love_Lot_Bear,CSTE MEESHO,Active,,
love a lot bear,CSTE_0458_ST_Animal_Love_Lot_Bear,CSTE AMAZON,Active,Active Listing,#REF!
CSTE_0458_ST_Animal_Love_Lot_Bear,CSTE_0458_ST_Animal_Love_Lot_Bear,GL FK,Active,Active Listing,#REF!
CSTE_0458_ST_Animal_Love_Lot_Bear,CSTE_0458_ST_Animal_Love_Lot_Bear,Rudrav Meesho,Active,,#REF!
CSTE_0459_ST_Animal_Bear_Mix,CSTE_0459_ST_Animal_Bear_Mix,Rudrav Meesho,Active,,
Mix bears,CSTE_0459_ST_Animal_Bear_Mix,CSTE AMAZON,Active,Active Listing,#REF!
CSTE_0459_ST_Animal_Bear_Mix,CSTE_0459_ST_Animal_Bear_Mix,GL FK,Active,Active Listing,#REF!
CSTE_0459_ST_Animal_Bear_Mix_Set4,CSTE_0459_ST_Animal_Bear_Mix,CSTE FK,Active,Active Listing,#REF!
CSTE_0459_ST_Animal_Bear_Mix_Set4,CSTE_0459_ST_Animal_Bear_Mix,CSTE MEESHO,Active,,#REF!
Stitch soft toy,CSTE_0460_ST_Animal_Stitch_Lina_Bear,CSTE AMAZON,Active,Active Listing,#REF!
CSTE_0460_ST_Animal_Stitch_Lina_Bear,CSTE_0460_ST_Animal_Stitch_Lina_Bear,GL FK,Active,Active Listing,#REF!
CSTE_0460_ST_Animal_Stitch_Lina_Bear_2,CSTE_0460_ST_Animal_Stitch_Lina_Bear,CSTE FK,Active,Active Listing,#REF!
CSTE_0460_ST_Animal_Stitch_Lina_Bear,CSTE_0460_ST_Animal_Stitch_Lina_Bear,CSTE MEESHO,Active,,#REF!
CSTE_0460_ST_Animal_Stitch_Lina_Bear,CSTE_0460_ST_Animal_Stitch_Lina_Bear,CSTE FK,Active,Active Listing,#REF!
CSTE_0460_ST_Animal_Stitch_Lina_Bear,CSTE_0460_ST_Animal_Stitch_Lina_Bear,Rudrav Meesho,Active,,#REF!
Charizard,CSTE_0461_ST_Pokemon_Mega_Charizard,CSTE MEESHO,Active,,
Charizard,CSTE_0461_ST_Pokemon_Mega_Charizard,Rudrav Meesho,Active,,
Charizhardh,CSTE_0461_ST_Pokemon_Mega_Charizard,CSTE AMAZON,Inactive,Deleted,
CSTE_0461_ST_Pokemon_Mega_Charizard,CSTE_0461_ST_Pokemon_Mega_Charizard,GL FK,Active,Active Listing,#REF!
CSTE_0461_ST_Pokemon_Mega_Charizard,CSTE_0461_ST_Pokemon_Mega_Charizard,CSTE FK,Active,Active Listing,#REF!
mega charizard,CSTE_0461_ST_Pokemon_Mega_Charizard,CSTE MEESHO,Active,,
mega charizard,CSTE_0461_ST_Pokemon_Mega_Charizard,Rudrav Meesho,Active,,
Tohgepi,CSTE_0462_ST_Pokemon_Togepi,CSTE AMAZON,Inactive,Deleted,
CSTE_0462_ST_Pokemon_Togepi,CSTE_0462_ST_Pokemon_Togepi,CSTE AMAZON,Active,Active Listing,#REF!
CSTE_0462_ST_Pokemon_Togepi,CSTE_0462_ST_Pokemon_Togepi,GL FK,Active,Active Listing,#REF!
Togepi,CSTE_0462_ST_Pokemon_Togepi,CSTE MEESHO,Active,,#REF!
Togepi,CSTE_0462_ST_Pokemon_Togepi,Rudrav Meesho,Active,,#REF!
Gengaar,CSTE_0463_ST_Pokemon_Gengar,CSTE AMAZON,Inactive,Deleted,
CSTE_0463_ST_Pokemon_Gengar,CSTE_0463_ST_Pokemon_Gengar,CSTE AMAZON,Active,Active Listing,#REF!
Gengar,CSTE_0463_ST_Pokemon_Gengar,CSTE MEESHO,Active,,#REF!
Gengar,CSTE_0463_ST_Pokemon_Gengar,Rudrav Meesho,Active,,#REF!
Snowlax,CSTE_0464_ST_Pokemon_Snorlex,CSTE AMAZON,Inactive,Deleted,
CSTE_0464_ST_Pokemon_Snorlex,CSTE_0464_ST_Pokemon_Snorlex,CSTE AMAZON,Active,Active Listing,#REF!
CSTE_0464_ST_Pokemon_Snorlex,CSTE_0464_ST_Pokemon_Snorlex,CSTE FK,Active,Active Listing,#REF!
snorlex,CSTE_0464_ST_Pokemon_Snorlex,CSTE MEESHO,Active,,#REF!
snorlex,CSTE_0464_ST_Pokemon_Snorlex,Rudrav Meesho,Active,,
CSTE_0465_ST_Pokemon_Pysduck,CSTE_0465_ST_Pokemon_Pysduck,CSTE AMAZON,Inactive,Deleted,
shyduck,CSTE_0465_ST_Pokemon_Pysduck,CSTE AMAZON,Inactive,Deleted,
CSTE_0465_ST_Pokemon_Pysduck,CSTE_0465_ST_Pokemon_Pysduck,GL FK,Active,Active Listing,#REF!
psyduck,CSTE_0465_ST_Pokemon_Pysduck,CSTE MEESHO,Active,,
psyduck,CSTE_0465_ST_Pokemon_Pysduck,Rudrav Meesho,Active,,
Jiglepuf,CSTE_0466_ST_Pokemon_Jigglypuff,CSTE AMAZON,Inactive,Deleted,
CSTE_0466_ST_Pokemon_Jigglypuff,CSTE_0466_ST_Pokemon_Jigglypuff,CSTE AMAZON,Active,Active Listing,#REF!
jigglyPuff,CSTE_0466_ST_Pokemon_Jigglypuff,CSTE MEESHO,Active,,#REF!
jigglyPuff,CSTE_0466_ST_Pokemon_Jigglypuff,Rudrav Meesho,Active,,
PokiBoll,CSTE_0467_ST_Pokemon_PokeBall,CSTE AMAZON,Inactive,Deleted,
CSTE_0467_ST_Pokemon_PokeBall,CSTE_0467_ST_Pokemon_PokeBall,CSTE AMAZON,Active,Active Listing,#REF!
CSTE_0467_ST_Pokemon_PokeBall,CSTE_0467_ST_Pokemon_PokeBall,GL FK,Active,Active Listing,#REF!
CSTE_0467_ST_Pokemon_PokeBall,CSTE_0467_ST_Pokemon_PokeBall,CSTE FK,Active,Active Listing,#REF!
Pokeball,CSTE_0467_ST_Pokemon_PokeBall,CSTE MEESHO,Active,,#REF!
Pokeball,CSTE_0467_ST_Pokemon_PokeBall,Rudrav Meesho,Active,,#REF!
Jiglepuf_fur,CSTE_0468_ST_Pokemon_Jigglypuff_Fur,CSTE AMAZON,Active,Active Listing,#REF!
CSTE_0468_ST_Pokemon_Jigglypuff_Fur,CSTE_0468_ST_Pokemon_Jigglypuff_Fur,CSTE AMAZON,Active,Active Listing,#REF!
CSTE_0468_ST_Pokemon_Jigglypuff_Fur,CSTE_0468_ST_Pokemon_Jigglypuff_Fur,GL FK,Active,Active Listing,#REF!
jigglyPuff fur,CSTE_0468_ST_Pokemon_Jigglypuff_Fur,CSTE MEESHO,Active,,#REF!
jigglyPuff fur,CSTE_0468_ST_Pokemon_Jigglypuff_Fur,Rudrav Meesho,Active,,
CSTE_0469_ST_Pokemon_Charizard,CSTE_0469_ST_Pokemon_Charizard,GL FK,Active,,#REF!
CSTE_0469_ST_Pokemon_Charizard,CSTE_0469_ST_Pokemon_Charizard,CSTE FK,Active,,#REF!
CSTE_0469_ST_Pokemon_Charizard,CSTE_0469_ST_Pokemon_Charizard,CSTE AMAZON,Inactive,Deleted,
CSTE_0470_ST_Minecraft_Sword_Small,CSTE_0470_ST_Minecraft_Sword_Small,Rudrav Meesho,Active,,
sword_small,CSTE_0470_ST_Minecraft_Sword_Small,CSTE AMAZON,Inactive,Deleted,
minecraft_Sward_Small,CSTE_0470_ST_Minecraft_Sword_Small,CSTE AMAZON,Active,Active Listing,#REF!
CSTE_0470_ST_Minecraft_Sword_Small,CSTE_0470_ST_Minecraft_Sword_Small,CSTE FK,Active,Active Listing,#REF!
CSTE_0470_ST_Minecraft_Sword_Small,CSTE_0470_ST_Minecraft_Sword_Small,CSTE MEESHO,Active,,#REF!
CSTE_0471_ST_Minecraft_Sword_Big,CSTE_0471_ST_Minecraft_Sword_Big,Rudrav Meesho,Active,,
Sword_Big,CSTE_0471_ST_Minecraft_Sword_Big,CSTE AMAZON,Inactive,Deleted,
minecraft_Sward_Big,CSTE_0471_ST_Minecraft_Sword_Big,CSTE AMAZON,Active,Active Listing,#REF!
CSTE_0471_ST_Minecraft_Sword_Big,CSTE_0471_ST_Minecraft_Sword_Big,CSTE FK,Active,Active Listing,#REF!
CSTE_0471_ST_Minecraft_Sword_Big,CSTE_0471_ST_Minecraft_Sword_Big,CSTE MEESHO,Active,,#REF!
Compression_kit_blk,CSTE_0474_Organizer_Compression_Kit_Black,CSTE AMAZON,Active,Combo,#REF!
Compression_kit_Blue,CSTE_0475_Organizer_Compression_Kit_LightBlue,CSTE AMAZON,Active,Active Listing,#REF!
CSTE_0476_ST_Minecraft_Zombie_Black,CSTE_0476_ST_Minecraft_Zombie_Black,Rudrav Meesho,Active,,
CSTE_0476_ST_Minecraft_Zombie_Black,CSTE_0476_ST_Minecraft_Zombie_Black,CSTE AMAZON,Active,Active Listing,#REF!
CSTE_0476_ST_Minecraft_Zombie_Black,CSTE_0476_ST_Minecraft_Zombie_Black,CSTE FK,Active,Active Listing,#REF!
CSTE_0476_ST_Minecraft_Zombie_Black,CSTE_0476_ST_Minecraft_Zombie_Black,CSTE MEESHO,Active,,#REF!
CSTE_0477_ST_Minecraft_Spider_Blue,CSTE_0477_ST_Minecraft_Spider_Blue,CSTE MEESHO,Active,,
CSTE_0477_ST_Minecraft_Spider_Blue,CSTE_0477_ST_Minecraft_Spider_Blue,Rudrav Meesho,Active,,
CSTE_0477_ST_Minecraft_Spider_Blue,CSTE_0477_ST_Minecraft_Spider_Blue,CSTE AMAZON,Active,Active Listing,#REF!
CSTE_0477_ST_Minecraft_Spider_Blue,CSTE_0477_ST_Minecraft_Spider_Blue,CSTE FK,Active,Active Listing,#REF!
CSTE_0478_ST_Minecraft_Cow_Brown,CSTE_0478_ST_Minecraft_Cow_Brown,CSTE AMAZON,Active,Active Listing,#REF!
CSTE_0478_ST_Minecraft_Cow_Brown,CSTE_0478_ST_Minecraft_Cow_Brown,CSTE FK,Active,Active Listing,#REF!
CSTE_0478_ST_Minecraft_Cow_Brown,CSTE_0478_ST_Minecraft_Cow_Brown,CSTE MEESHO,Active,,#REF!
CSTE_0478_ST_Minecraft_Cow_Brown,CSTE_0478_ST_Minecraft_Cow_Brown,Rudrav Meesho,Active,,#REF!
CSTE_0479_ST_Minecraft_Grass_Block,CSTE_0479_ST_Minecraft_Grass_Block,CSTE AMAZON,Active,Active Listing,#REF!
CSTE_0479_ST_Minecraft_Grass_Block,CSTE_0479_ST_Minecraft_Grass_Block,CSTE FK,Active,Active Listing,#REF!
CSTE_0479_ST_Minecraft_Grass_Block,CSTE_0479_ST_Minecraft_Grass_Block,CSTE MEESHO,Active,,#REF!
CSTE_0479_ST_Minecraft_Grass_Block,CSTE_0479_ST_Minecraft_Grass_Block,Rudrav Meesho,Active,,#REF!
CSTE_0480_ST_Minecraft_TNT_Block,CSTE_0480_ST_Minecraft_TNT_Block,CSTE AMAZON,Active,Active Listing,#REF!
CSTE_0480_ST_Minecraft_TNT_Block,CSTE_0480_ST_Minecraft_TNT_Block,CSTE FK,Active,Active Listing,#REF!
CSTE_0480_ST_Minecraft_TNT_Block,CSTE_0480_ST_Minecraft_TNT_Block,CSTE MEESHO,Active,,#REF!
CSTE_0480_ST_Minecraft_TNT_Block,CSTE_0480_ST_Minecraft_TNT_Block,Rudrav Meesho,Active,,#REF!
CSTE_0481_ST_Animal_Cow_Plush_Cloths,CSTE_0481_ST_Animal_Cow_Plush_Cloths,CSTE AMAZON,Active,,#REF!
CSTE_0481_ST_Animal_Cow_Plush_Cloths,CSTE_0481_ST_Animal_Cow_Plush_Cloths,CSTE FK,Active,,#REF!
CSTE_0481_ST_Animal_Cow_Plush_Cloths,CSTE_0481_ST_Animal_Cow_Plush_Cloths,CSTE MEESHO,Active,,#REF!
CSTE_0481_ST_Animal_Cow_Plush_Cloths,CSTE_0481_ST_Animal_Cow_Plush_Cloths,Rudrav Meesho,Active,,#REF!
CSTE_0482_ST_Animal_Kitty_Kuromi_Black,CSTE_0482_ST_Animal_Kitty_Kuromi_Black,CSTE MEESHO,Active,,
CSTE_0482_ST_Animal_Kitty_Kuromi_Black,CSTE_0482_ST_Animal_Kitty_Kuromi_Black,Rudrav Meesho,Active,,
CSTE_0482_ST_Animal_Kitty_Kuromi_Black,CSTE_0482_ST_Animal_Kitty_Kuromi_Black,CSTE AMAZON,Active,Active Listing,#REF!
CSTE_0482_ST_Animal_Kitty_Kuromi_Black,CSTE_0482_ST_Animal_Kitty_Kuromi_Black,CSTE FK,Active,Active Listing,#REF!
CSTE_0483_ST_Animal_Kitty_MyMelody_Pink,CSTE_0483_ST_Animal_Kitty_MyMelody_Pink,CSTE AMAZON,Active,Active Listing,#REF!
CSTE_0483_ST_Animal_Kitty_MyMelody_Pink,CSTE_0483_ST_Animal_Kitty_MyMelody_Pink,CSTE FK,Active,Active Listing,#REF!
CSTE_0483_ST_Animal_Kitty_MyMelody_Pink,CSTE_0483_ST_Animal_Kitty_MyMelody_Pink,CSTE MEESHO,Active,,#REF!
CSTE_0483_ST_Animal_Kitty_MyMelody_Pink,CSTE_0483_ST_Animal_Kitty_MyMelody_Pink,Rudrav Meesho,Active,,#REF!
CSTE_0484_ST_Animal_Kaonashi_Ghost_Black,CSTE_0484_ST_Animal_Kaonashi_Ghost_Black,Rudrav Meesho,Active,,
CSTE_0484_ST_Animal_Kaonashi_Ghost_Black,CSTE_0484_ST_Animal_Kaonashi_Ghost_Black,CSTE AMAZON,Active,Active Listing,#REF!
CSTE_0484_ST_Animal_Kaonashi_Ghost_Black,CSTE_0484_ST_Animal_Kaonashi_Ghost_Black,CSTE MEESHO,Active,,#REF!
CSTE_0485_ST_Animal_Kawaii_Penguin,CSTE_0485_ST_Animal_Kawaii_Penguin,CSTE AMAZON,Active,Active Listing,#REF!
CSTE_0485_ST_Animal_Kawaii_Penguin,CSTE_0485_ST_Animal_Kawaii_Penguin,CSTE FK,Active,Active Listing,#REF!
CSTE_0485_ST_Animal_Kawaii_Penguin,CSTE_0485_ST_Animal_Kawaii_Penguin,CSTE MEESHO,Active,,#REF!
CSTE_0485_ST_Animal_Kawaii_Penguin,CSTE_0485_ST_Animal_Kawaii_Penguin,Rudrav Meesho,Active,,#REF!
CSTE_0486_ST_Animal_Breathing_Otter_Brown,CSTE_0486_ST_Animal_Breathing_Otter_Brown,Rudrav Meesho,Active,,
CSTE_0486_ST_Aml_Breathing_Otter_Brown,CSTE_0486_ST_Animal_Breathing_Otter_Brown,CSTE AMAZON,Active,Active Listing,#REF!
CSTE_0486_ST_Anim_Breathing_Otter_Brown,CSTE_0486_ST_Animal_Breathing_Otter_Brown,CSTE FK,Active,Active Listing,#REF!
Breathing_Otter_Dark Brown,CSTE_0486_ST_Animal_Breathing_Otter_Brown,CSTE MEESHO,Active,,#REF!
CSTE_0486_ST_Anim_Breathing_Otter_Brown,CSTE_0486_ST_Animal_Breathing_Otter_Brown,CSTE MEESHO,Active,,#REF!
Breathing_Otter_Blue,CSTE_0487_ST_Animal_Breathing_Otter_Blue,CSTE AMAZON,Active,,#REF!
CSTE_0487_ST_Anim_Breathing_Otter_Blue,CSTE_0487_ST_Animal_Breathing_Otter_Blue,CSTE AMAZON,Active,Active Listing,#REF!
CSTE_0487_ST_Anim_Breathing_Otter_Blue,CSTE_0487_ST_Animal_Breathing_Otter_Blue,CSTE FK,Active,Active Listing,#REF!
CSTE_0487_ST_Anim_Breathing_Otter_Blue,CSTE_0487_ST_Animal_Breathing_Otter_Blue,CSTE MEESHO,Active,,#REF!
CSTE_0487_ST_Animal_Breathing_Otter_Blue,CSTE_0487_ST_Animal_Breathing_Otter_Blue,Rudrav Meesho,Active,,#REF!
CSTE_0488_ST_Animal_Breathing_Stitch_Blue,CSTE_0488_ST_Animal_Breathing_Stitch_Blue,Rudrav Meesho,Active,,
Breathing_Lilo_Stich_Blue,CSTE_0488_ST_Animal_Breathing_Stitch_Blue,CSTE AMAZON,Active,,#REF!
CSTE_0488_ST_Anim_Breathing_Stitch_Blue,CSTE_0488_ST_Animal_Breathing_Stitch_Blue,CSTE AMAZON,Active,Active Listing,#REF!
CSTE_0488_ST_Anim_Breathing_Stitch_Blue,CSTE_0488_ST_Animal_Breathing_Stitch_Blue,CSTE FK,Active,Active Listing,#REF!
CSTE_0488_ST_Anim_Breathing_Stitch_Blue,CSTE_0488_ST_Animal_Breathing_Stitch_Blue,CSTE MEESHO,Active,,#REF!
CSTE_0489_ST_Fruit_Blox_Light,CSTE_0489_ST_Fruit_Blox_Light,CSTE MEESHO,Active,,
CSTE_0489_ST_Fruit_Blox_Light,CSTE_0489_ST_Fruit_Blox_Light,CSTE AMAZON,Active,Active Listing,#REF!
CSTE_0489_ST_Fruit_Blox_Light,CSTE_0489_ST_Fruit_Blox_Light,CSTE FK,Active,Active Listing,#REF!
CSTE_0489_ST_Fruit_Blox_Light,CSTE_0489_ST_Fruit_Blox_Light,Rudrav Meesho,Active,,#REF!
CSTE_0490_ST_Fruit_Blox_Shadow,CSTE_0490_ST_Fruit_Blox_Shadow,CSTE MEESHO,Active,,
CSTE_0490_ST_Fruit_Blox_Shadow,CSTE_0490_ST_Fruit_Blox_Shadow,CSTE AMAZON,Active,Active Listing,#REF!
CSTE_0490_ST_Fruit_Blox_Shadow,CSTE_0490_ST_Fruit_Blox_Shadow,CSTE FK,Active,Active Listing,#REF!
CSTE_0490_ST_Fruit_Blox_Shadow,CSTE_0490_ST_Fruit_Blox_Shadow,Rudrav Meesho,Active,,#REF!
CSTE_0491_ST_Fruit_Blox_Spirit,CSTE_0491_ST_Fruit_Blox_Spirit,CSTE MEESHO,Active,,
CSTE_0491_ST_Fruit_Blox_Spirit,CSTE_0491_ST_Fruit_Blox_Spirit,Rudrav Meesho,Active,,
CSTE_0491_ST_Fruit_Blox_Spirit,CSTE_0491_ST_Fruit_Blox_Spirit,CSTE AMAZON,Active,Active Listing,#REF!
CSTE_0491_ST_Fruit_Blox_Spirit,CSTE_0491_ST_Fruit_Blox_Spirit,CSTE FK,Active,Active Listing,#REF!
CSTE_0492_ST_Fruit_Blox_Control,CSTE_0492_ST_Fruit_Blox_Control,CSTE MEESHO,Active,,
CSTE_0492_ST_Fruit_Blox_Control,CSTE_0492_ST_Fruit_Blox_Control,Rudrav Meesho,Active,,
CSTE_0492_ST_Fruit_Blox_Control,CSTE_0492_ST_Fruit_Blox_Control,CSTE AMAZON,Active,Active Listing,#REF!
CSTE_0492_ST_Fruit_Blox_Control,CSTE_0492_ST_Fruit_Blox_Control,CSTE FK,Active,Active Listing,#REF!
CSTE_0494_HD_Rug_illusion_Mat_BlackWhite,CSTE_0494_HD_Rug_illusion_Mat_BlackWhite,CSTE MEESHO,Active,,
CSTE_0494_HD_Rug_illusion_Mat_BlackWhite,CSTE_0494_HD_Rug_illusion_Mat_BlackWhite,Rudrav Meesho,Active,,
Black_White_illusion_Mat,CSTE_0494_HD_Rug_illusion_Mat_BlackWhite,CSTE AMAZON,Active,Active Listing,#REF!
Black_White_illusion_Mat,CSTE_0494_HD_Rug_illusion_Mat_BlackWhite,CSTE FK,Active,Active Listing,#REF!
Fire_Illusion_Mat,CSTE_0495_HD_Rug_illusion_Mat_Fire,CSTE AMAZON,Active,Active Listing,#REF!
Fire_Illusion_Mat,CSTE_0495_HD_Rug_illusion_Mat_Fire,CSTE FK,Active,Active Listing,#REF!
CSTE_0495_HD_Rug_illusion_Mat_Fire,CSTE_0495_HD_Rug_illusion_Mat_Fire,CSTE MEESHO,Active,,#REF!
CSTE_0495_HD_Rug_illusion_Mat_Fire,CSTE_0495_HD_Rug_illusion_Mat_Fire,Rudrav Meesho,Active,,#REF!
CSTE_0496_HD_Rug_Spiral_Mat_GreenYellow,CSTE_0496_HD_Rug_Spiral_Mat_GreenYellow,Rudrav Meesho,Active,,
Green_Yellow_Spiral_Mat,CSTE_0496_HD_Rug_Spiral_Mat_GreenYellow,CSTE AMAZON,Active,Active Listing,#REF!
Green_Yellow_Spiral_Mat,CSTE_0496_HD_Rug_Spiral_Mat_GreenYellow,CSTE FK,Active,Active Listing,#REF!
CSTE_0496_HD_Rug_Spiral_Mat_GreenYellow,CSTE_0496_HD_Rug_Spiral_Mat_GreenYellow,CSTE MEESHO,Active,,#REF!
CSTE_0497_HD_Rug_Spiral_Mat_BlackWhite,CSTE_0497_HD_Rug_Spiral_Mat_BlackWhite,Rudrav Meesho,Active,,
Black_White_Spiral_Mat,CSTE_0497_HD_Rug_Spiral_Mat_BlackWhite,CSTE AMAZON,Active,Active Listing,#REF!
Black_White_Spiral_Mat,CSTE_0497_HD_Rug_Spiral_Mat_BlackWhite,CSTE FK,Active,Active Listing,#REF!
CSTE_0497_HD_Rug_Spiral_Mat_BlackWhite,CSTE_0497_HD_Rug_Spiral_Mat_BlackWhite,CSTE MEESHO,Active,,#REF!
Purple_Yellow_Spiral_Mat,CSTE_0498_HD_Rug_Spiral_Mat_PurpleYellow,CSTE AMAZON,Active,Active Listing,#REF!
Purple_Yellow_Spiral_Mat,CSTE_0498_HD_Rug_Spiral_Mat_PurpleYellow,CSTE FK,Active,Active Listing,#REF!
CSTE_0498_HD_Rug_Spiral_Mat_PurpleYellow,CSTE_0498_HD_Rug_Spiral_Mat_PurpleYellow,CSTE MEESHO,Active,,#REF!
CSTE_0498_HD_Rug_Spiral_Mat_PurpleYellow,CSTE_0498_HD_Rug_Spiral_Mat_PurpleYellow,Rudrav Meesho,Active,,#REF!
Green_Psychedelic_Mat,CSTE_0499_HD_Rug_Psychedlic_Mat_Green,CSTE AMAZON,Active,Active Listing,#REF!
Green_Psychedelic_Mat,CSTE_0499_HD_Rug_Psychedlic_Mat_Green,CSTE FK,Active,Active Listing,#REF!
CSTE_0499_HD_Rug_Psychedlic_Mat_Green,CSTE_0499_HD_Rug_Psychedlic_Mat_Green,CSTE MEESHO,Active,,#REF!
CSTE_0499_HD_Rug_Psychedlic_Mat_Green,CSTE_0499_HD_Rug_Psychedlic_Mat_Green,Rudrav Meesho,Active,,#REF!
Colourful_Psychedelic_Mat,CSTE_0500_HD_Rug_Psychedlic_Mat_Colourful,CSTE AMAZON,Active,Active Listing,#REF!
Colourful_Psychedelic_Mat,CSTE_0500_HD_Rug_Psychedlic_Mat_Colourful,CSTE FK,Active,Active Listing,#REF!
CSTE_0500_HD_Rug_Psychedlic_Mat_Colourful,CSTE_0500_HD_Rug_Psychedlic_Mat_Colourful,CSTE MEESHO,Active,,#REF!
CSTE_0500_HD_Rug_Psychedlic_Mat_Colourful,CSTE_0500_HD_Rug_Psychedlic_Mat_Colourful,Rudrav Meesho,Active,,#REF!
Black_White_Moving_Mat,CSTE_0501_HD_Rug_Moving_Mat_BlackWhite,CSTE AMAZON,Active,Active Listing,#REF!
Black_White_Moving_Mat,CSTE_0501_HD_Rug_Moving_Mat_BlackWhite,CSTE FK,Active,Active Listing,#REF!
CSTE_0501_HD_Rug_Moving_Mat_BlackWhite,CSTE_0501_HD_Rug_Moving_Mat_BlackWhite,CSTE MEESHO,Active,,#REF!
CSTE_0501_HD_Rug_Moving_Mat_BlackWhite,CSTE_0501_HD_Rug_Moving_Mat_BlackWhite,Rudrav Meesho,Active,,#REF!
CSTE_0502_ST_Minecraft_Pickaxe_Foam,CSTE_0502_ST_Minecraft_Pickaxe_Foam,CSTE AMAZON,Active,Combo,#REF!
CSTE_0502_ST_Minecraft_Pickaxe_Foam,CSTE_0502_ST_Minecraft_Pickaxe_Foam,CSTE FK,Active,Combo,#REF!
CSTE_0502_ST_Minecraft_Pickaxe_Foam,CSTE_0502_ST_Minecraft_Pickaxe_Foam,CSTE MEESHO,Active,Combo,#REF!
CSTE_0502_ST_Minecraft_Pickaxe_Foam,CSTE_0502_ST_Minecraft_Pickaxe_Foam,Rudrav Meesho,Active,Combo,#REF!
CSTE_0503_ST_Animal_Kirby_Rabbit_Hat,CSTE_0503_ST_Animal_Kirby_Rabbit_Hat,Rudrav Meesho,Active,,
CSTE_0503_ST_Animal_Kirby_Rabbit_Hat,CSTE_0503_ST_Animal_Kirby_Rabbit_Hat,CSTE AMAZON,Active,Active Listing,#REF!
Kirby_Rabbit_Hat_Green,CSTE_0503_ST_Animal_Kirby_Rabbit_Hat,CSTE MEESHO,Active,,#REF!
CSTE_0503_ST_Animal_Kirby_Rabbit_Hat,CSTE_0503_ST_Animal_Kirby_Rabbit_Hat,CSTE FK,Active,Active Listing,#REF!
CSTE_0504_ST_DBZ_Goku_Plush,CSTE_0504_ST_DBZ_Goku_Plush,CSTE AMAZON,Active,Active Listing,#REF!
CSTE_0504_ST_DBZ_Goku_Plush,CSTE_0504_ST_DBZ_Goku_Plush,CSTE FK,Active,Active Listing,#REF!
CSTE_0504_ST_DBZ_Goku_Plush,CSTE_0504_ST_DBZ_Goku_Plush,CSTE MEESHO,Active,,#REF!
CSTE_0504_ST_DBZ_Goku_Plush,CSTE_0504_ST_DBZ_Goku_Plush,Rudrav Meesho,Active,,#REF!
CSTE_0505_ST_DBZ_Vegita_Plush,CSTE_0505_ST_DBZ_Vegita_Plush,CSTE AMAZON,Active,Active Listing,#REF!
CSTE_0505_ST_DBZ_Vegita_Plush,CSTE_0505_ST_DBZ_Vegita_Plush,CSTE FK,Active,Active Listing,#REF!
CSTE_0505_ST_DBZ_Vegita_Plush,CSTE_0505_ST_DBZ_Vegita_Plush,CSTE MEESHO,Active,,#REF!
CSTE_0505_ST_DBZ_Vegita_Plush,CSTE_0505_ST_DBZ_Vegita_Plush,Rudrav Meesho,Active,,#REF!
CSTE_0506_ST_DBZ_Piccolo_Plush,CSTE_0506_ST_DBZ_Piccolo_Plush,CSTE AMAZON,Active,Active Listing,#REF!
CSTE_0506_ST_DBZ_Piccolo_Plush,CSTE_0506_ST_DBZ_Piccolo_Plush,CSTE FK,Active,Active Listing,#REF!
CSTE_0506_ST_DBZ_Piccolo_Plush,CSTE_0506_ST_DBZ_Piccolo_Plush,CSTE MEESHO,Active,,#REF!
CSTE_0506_ST_DBZ_Piccolo_Plush,CSTE_0506_ST_DBZ_Piccolo_Plush,Rudrav Meesho,Active,,#REF!
CSTE_0507_ST_DBZ_Trunks_Plush,CSTE_0507_ST_DBZ_Trunks_Plush,CSTE AMAZON,Active,Active Listing,#REF!
CSTE_0507_ST_DBZ_Trunks_Plush,CSTE_0507_ST_DBZ_Trunks_Plush,CSTE FK,Active,Active Listing,#REF!
CSTE_0507_ST_DBZ_Trunks_Plush,CSTE_0507_ST_DBZ_Trunks_Plush,CSTE MEESHO,Active,,#REF!
CSTE_0507_ST_DBZ_Trunks_Plush,CSTE_0507_ST_DBZ_Trunks_Plush,Rudrav Meesho,Active,,#REF!
CSTE_0508_ST_Mutter_Pea_Green,CSTE_0508_ST_Mutter_Pea_Green,CSTE AMAZON,Active,Active Listing,#REF!
CSTE_0508_ST_Mutter_Pea_Green,CSTE_0508_ST_Mutter_Pea_Green,CSTE FK,Active,Active Listing,#REF!
CSTE_0508_ST_Mutter_Pea_Green,CSTE_0508_ST_Mutter_Pea_Green,CSTE MEESHO,Active,,#REF!
CSTE_0508_ST_Mutter_Pea_Green,CSTE_0508_ST_Mutter_Pea_Green,Rudrav Meesho,Active,,#REF!
CSTE_0509_ST_Animal_Duck_Soft_Keychain,CSTE_0509_ST_Animal_Duck_Soft_Keychain,CSTE AMAZON,Active,Active Listing,#REF!
CSTE_0509_ST_Animal_Duck_Soft_Keychain,CSTE_0509_ST_Animal_Duck_Soft_Keychain,CSTE FK,Active,Active Listing,#REF!
CSTE_0509_ST_Animal_Duck_Soft_Keychain,CSTE_0509_ST_Animal_Duck_Soft_Keychain,CSTE MEESHO,Active,,#REF!
CSTE_0509_ST_Animal_Duck_Soft_Keychain,CSTE_0509_ST_Animal_Duck_Soft_Keychain,Rudrav Meesho,Active,,#REF!
CSTE_0510_ST_Animal_Space_Rabbit,CSTE_0510_ST_Animal_Space_Rabbit,CSTE AMAZON,Active,Active Listing,#REF!
CSTE_0510_ST_Animal_Space_Rabbit_Shimmery,CSTE_0510_ST_Animal_Space_Rabbit_Shimmery,CSTE MEESHO,Active,,
CSTE_0510_ST_Animal_Space_Rabbit_Shimmery,CSTE_0510_ST_Animal_Space_Rabbit_Shimmery,Rudrav Meesho,Active,,
CSTE_0510_ST_Animal_Space_Rabbit_Shimmery,CSTE_0510_ST_Animal_Space_Rabbit_Shimmery,CSTE FK,Active,Active Listing,#REF!
CSTE_0511_ST_Animal_Love_Cat_Multi,CSTE_0511_ST_Animal_Love_Cat_Multi,Rudrav Meesho,Active,,
CSTE_0511_ST_Animal_Love_Cat_Multi,CSTE_0511_ST_Animal_Love_Cat_Multi,CSTE AMAZON,Active,Active Listing,#REF!
CSTE_0511_ST_Animal_Love_Cat_Multi,CSTE_0511_ST_Animal_Love_Cat_Multi,CSTE MEESHO,Active,,#REF!
CSTE_0511_ST_Animal_Love_Cat_Multi,CSTE_0511_ST_Animal_Love_Cat_Multi,CSTE FK,Active,Active Listing,#REF!
CSTE_0512_ST_Animal_Cow_Plush,CSTE_0512_ST_Animal_Cow_Plush,CSTE AMAZON,Active,Active Listing,#REF!
CSTE_0512_ST_Animal_Cow_Plush,CSTE_0512_ST_Animal_Cow_Plush,CSTE FK,Active,Active Listing,#REF!
CSTE_0512_ST_Animal_Cow_Plush,CSTE_0512_ST_Animal_Cow_Plush,CSTE MEESHO,Active,,#REF!
CSTE_0512_ST_Animal_Cow_Plush,CSTE_0512_ST_Animal_Cow_Plush,Rudrav Meesho,Active,,#REF!
CSTE_0513_ST_Animal_Alpaca_Multi,CSTE_0513_ST_Animal_Alpaca_Multi,CSTE AMAZON,Active,Active Listing,#REF!
CSTE_0513_ST_Animal_Alpaca_Multi,CSTE_0513_ST_Animal_Alpaca_Multi,CSTE FK,Active,Active Listing,#REF!
Alpaca_Pin\CSTE_0513_ST_Animal_Alpaca_Multi,CSTE_0513_ST_Animal_Alpaca_Multi,CSTE MEESHO,Active,,#REF!
CSTE_0513_ST_Animal_Alpaca_Multi,CSTE_0513_ST_Animal_Alpaca_Multi,Rudrav Meesho,Active,,#REF!
CSTE_0514_ST_Animal_Girafee_Colourful,CSTE_0514_ST_Animal_Girafee_Colourful,Rudrav Meesho,Active,,
CSTE_0514_ST_Animal_Girafee_Colourful,CSTE_0514_ST_Animal_Girafee_Colourful,CSTE AMAZON,Active,Active Listing,#REF!
CSTE_0514_ST_Animal_Girafee_Colourful,CSTE_0514_ST_Animal_Girafee_Colourful,CSTE FK,Active,Active Listing,#REF!
CSTE_0514_ST_Animal_Girafee_Colourful,CSTE_0514_ST_Animal_Girafee_Colourful,CSTE MEESHO,Active,,#REF!
CSTE_0515_ST_Animal_Rabbit_Colourful,CSTE_0515_ST_Animal_Rabbit_Colourful,CSTE AMAZON,Active,Active Listing,#REF!
CSTE_0515_ST_Animal_Rabbit_Colourful,CSTE_0515_ST_Animal_Rabbit_Colourful,CSTE FK,Active,Active Listing,#REF!
CSTE_0515_ST_Animal_Rabbit_Colourful,CSTE_0515_ST_Animal_Rabbit_Colourful,CSTE MEESHO,Active,,#REF!
CSTE_0515_ST_Animal_Rabbit_Colourful,CSTE_0515_ST_Animal_Rabbit_Colourful,Rudrav Meesho,Active,,#REF!
CSTE_0516_ST_Animal_Penguin_Colourful,CSTE_0516_ST_Animal_Penguin_Colourful,CSTE AMAZON,Active,Active Listing,#REF!
CSTE_0516_ST_Animal_Penguin_Colourful,CSTE_0516_ST_Animal_Penguin_Colourful,CSTE FK,Active,Active Listing,#REF!
CSTE_0516_ST_Animal_Penguin_Colourful,CSTE_0516_ST_Animal_Penguin_Colourful,CSTE MEESHO,Active,,#REF!
CSTE_0516_ST_Animal_Penguin_Colourful,CSTE_0516_ST_Animal_Penguin_Colourful,Rudrav Meesho,Active,,#REF!
CSTE_0517_ST_Animal_Swan_Multicolour,CSTE_0517_ST_Animal_Swan_Multicolour,Rudrav Meesho,Active,,
CSTE_0517_ST_Animal_Swan_Multicolour,CSTE_0517_ST_Animal_Swan_Multicolour,CSTE AMAZON,Active,Active Listing,#REF!
CSTE_0517_ST_Animal_Swan_Multicolour,CSTE_0517_ST_Animal_Swan_Multicolour,CSTE FK,Active,Active Listing,#REF!
CSTE_0517_ST_Animal_Swan_Multicolour,CSTE_0517_ST_Animal_Swan_Multicolour,CSTE MEESHO,Active,,#REF!
CSTE_0518_ST_Animal_Cat_Plush,CSTE_0518_ST_Animal_Cat_Plush,CSTE AMAZON,Active,Active Listing,#REF!
CSTE_0518_ST_Animal_Cat_Plush,CSTE_0518_ST_Animal_Cat_Plush,CSTE FK,Active,Active Listing,#REF!
CSTE_0518_ST_Animal_Cat_Plush,CSTE_0518_ST_Animal_Cat_Plush,CSTE MEESHO,Active,,#REF!
CSTE_0518_ST_Animal_Cat_Plush,CSTE_0518_ST_Animal_Cat_Plush,Rudrav Meesho,Active,,#REF!
CSTE_0519_ST_Animal_Sitting_Duck_Flower,CSTE_0519_ST_Animal_Sitting_Duck_Flower,CSTE AMAZON,Active,Active Listing,#REF!
CSTE_0519_ST_Animal_Sitting_Duck_Flower,CSTE_0519_ST_Animal_Sitting_Duck_Flower,CSTE FK,Active,Active Listing,#REF!
CSTE_0519_ST_Animal_Sitting_Duck_Flower,CSTE_0519_ST_Animal_Sitting_Duck_Flower,CSTE MEESHO,Active,,#REF!
CSTE_0519_ST_Animal_Sitting_Duck_Flower,CSTE_0519_ST_Animal_Sitting_Duck_Flower,Rudrav Meesho,Active,,#REF!
CSTE_0520_ST_Animal_Dino_Wollen_Cap,CSTE_0520_ST_Animal_Dino_Wollen_Cap,CSTE AMAZON,Active,Active Listing,#REF!
CSTE_0520_ST_Animal_Dino_Wollen_Cap,CSTE_0520_ST_Animal_Dino_Wollen_Cap,CSTE FK,Active,Active Listing,#REF!
CSTE_0520_ST_Animal_Dino_Wollen_Cap,CSTE_0520_ST_Animal_Dino_Wollen_Cap,CSTE MEESHO,Active,,#REF!
CSTE_0520_ST_Animal_Dino_Wollen_Cap,CSTE_0520_ST_Animal_Dino_Wollen_Cap,Rudrav Meesho,Active,,#REF!
CSTE_0521_ST_Animal_Coffee_Bear,CSTE_0521_ST_Animal_Coffee_Bear,CSTE AMAZON,Active,Active Listing,#REF!
CSTE_0521_ST_Animal_Coffee_Bear,CSTE_0521_ST_Animal_Coffee_Bear,CSTE FK,Active,Active Listing,#REF!
CSTE_0521_ST_Animal_Coffee_Bear,CSTE_0521_ST_Animal_Coffee_Bear,CSTE MEESHO,Active,,#REF!
CSTE_0521_ST_Animal_Coffee_Bear,CSTE_0521_ST_Animal_Coffee_Bear,Rudrav Meesho,Active,,#REF!
CSTE_0522_ST_Animal_Sea_Horse,CSTE_0522_ST_Animal_Sea_Horse,CSTE AMAZON,Active,Active Listing,#REF!
CSTE_0522_ST_Animal_Sea_Horse,CSTE_0522_ST_Animal_Sea_Horse,CSTE FK,Active,Active Listing,#REF!
CSTE_0522_ST_Animal_Sea_Horse,CSTE_0522_ST_Animal_Sea_Horse,CSTE MEESHO,Active,,#REF!
CSTE_0522_ST_Animal_Sea_Horse,CSTE_0522_ST_Animal_Sea_Horse,Rudrav Meesho,Active,,#REF!
CSTE_0523_ST_Animal_Bow_Sheep,CSTE_0523_ST_Animal_Bow_Sheep_White_Brown,CSTE AMAZON,Active,,#REF!
CSTE_0523_ST_Animal_Bow_Sheep_White_Brown,CSTE_0523_ST_Animal_Bow_Sheep_White_Brown,CSTE FK,Active,Active Listing,#REF!
CSTE_0523_ST_Animal_Bow_Sheep_White_Brown,CSTE_0523_ST_Animal_Bow_Sheep_White_Brown,CSTE MEESHO,Active,,#REF!
CSTE_0523_ST_Animal_Bow_Sheep_White_Brown,CSTE_0523_ST_Animal_Bow_Sheep_White_Brown,Rudrav Meesho,Active,,#REF!
CSTE_0524_ST_Animal_Pooh_Mix_Frt,CSTE_0524_ST_Animal_Pooh_Mix_Frt,Rudrav Meesho,Active,,
CSTE_0524_ST_Animal_Pooh_Mix_Frt,CSTE_0524_ST_Animal_Pooh_Mix_Frt,CSTE AMAZON,Active,Active Listing,#REF!
CSTE_0524_ST_Animal_Pooh_Mix_Frt,CSTE_0524_ST_Animal_Pooh_Mix_Frt,CSTE FK,Active,Active Listing,#REF!
CSTE_0524_ST_Animal_Pooh_Mix_Frt,CSTE_0524_ST_Animal_Pooh_Mix_Frt,CSTE MEESHO,Active,,#REF!
Breathing_Otter_Dark_Brown,CSTE_0525_ST_Animal_Breathing_Otter_DarkBrown,Rudrav Meesho,Active,,
Breathing_Otter_D_Brown,CSTE_0525_ST_Animal_Breathing_Otter_DarkBrown,CSTE AMAZON,Active,,#REF!
Breathing_Otter_Dark_Brown,CSTE_0525_ST_Animal_Breathing_Otter_DarkBrown,CSTE FK,Active,Active Listing,#REF!
Breathing_Otter_Pink,CSTE_0526_ST_Animal_Breathing_Otter_Pink,Rudrav Meesho,Active,,
Breathing_Otter_Pink_1,CSTE_0526_ST_Animal_Breathing_Otter_Pink,CSTE AMAZON,Active,,#REF!
Breathing_Otter_Pink,CSTE_0526_ST_Animal_Breathing_Otter_Pink,CSTE FK,Active,Active Listing,#REF!
Breathing_Otter_Pink,CSTE_0526_ST_Animal_Breathing_Otter_Pink,CSTE MEESHO,Active,,#REF!
CSTE_0532_ST_Animal_Breathing_rabbit,CSTE_0532_ST_Animal_Breathing_rabbit,CSTE AMAZON,Active,,#REF!
CSTE_0532_ST_Animal_Breathing_Rabbit_Grey,CSTE_0532_ST_Animal_Breathing_Rabbit_Grey,Rudrav Meesho,Active,,
CSTE_0532_ST_Animal_Breathing_Rabbit_Grey,CSTE_0532_ST_Animal_Breathing_Rabbit_Grey,CSTE FK,Active,Active Listing,#REF!
CSTE_0532_ST_Animal_Breathing_Rabbit_Grey,CSTE_0532_ST_Animal_Breathing_Rabbit_Grey,CSTE MEESHO,Active,,#REF!
CSTE_0533_ST_Animal_Breathing_koala_Grey,CSTE_0533_ST_Animal_Breathing_koala_Grey,CSTE AMAZON,Active,,#REF!
CSTE_0533_ST_Animal_Breathing_Koala_Grey,CSTE_0533_ST_Animal_Breathing_Koala_Grey,CSTE FK,Active,,#REF!
CSTE_0533_ST_Animal_Breathing_Koala_Grey,CSTE_0533_ST_Animal_Breathing_Koala_Grey,CSTE MEESHO,Active,,#REF!
CSTE_0533_ST_Animal_Breathing_Koala_Grey,CSTE_0533_ST_Animal_Breathing_Koala_Grey,Rudrav Meesho,Active,,#REF!
CSTE_0534_ST_Animal_Breathing_Hello_Kitty,CSTE_0534_ST_Animal_Breathing_Hello_Kitty,Rudrav Meesho,Active,,
CSTE_0534_ST_Animal_Breathing_Hello_Kitty,CSTE_0534_ST_Animal_Breathing_Hello_Kitty,CSTE FK,Active,Active Listing,#REF!
CSTE_0534_ST_Animal_Breathing_Hello_Kitty,CSTE_0534_ST_Animal_Breathing_Hello_Kitty,CSTE MEESHO,Active,,#REF!
CSTE_0534_ST_Animal_Breathing_HK,CSTE_0534_ST_Animal_Breathing_HK,CSTE AMAZON,Active,Active Listing,#REF!
CSTE_0535_ST_Animal_Breathing_Lamb_Pink,CSTE_0535_ST_Animal_Breathing_Lamb_Pink,Rudrav Meesho,Active,,
CSTE_0535_ST_Animal_Breathing_lamb_P_2,CSTE_0535_ST_Animal_Breathing_lamb_Pink,CSTE AMAZON,Active,,#REF!
CSTE_0535_ST_Animal_Breathing_lamb_P,CSTE_0535_ST_Animal_Breathing_lamb_Pink,CSTE AMAZON,Inactive,Deleted,
CSTE_0535_ST_Animal_Breathing_Lamb_Pink,CSTE_0535_ST_Animal_Breathing_Lamb_Pink,CSTE FK,Active,Active Listing,#REF!
CSTE_0535_ST_Animal_Breathing_Lamb_Pink,CSTE_0535_ST_Animal_Breathing_Lamb_Pink,CSTE MEESHO,Active,,#REF!
CSTE_0536_ST_Animal_Breathing_lamb_White,CSTE_0536_ST_Animal_Breathing_lamb_White,CSTE AMAZON,Active,,#REF!
CSTE_0536_ST_Animal_Breathing_Lamb_White,CSTE_0536_ST_Animal_Breathing_Lamb_White,CSTE MEESHO,Active,,#REF!
CSTE_0536_ST_Animal_Breathing_Lamb_White,CSTE_0536_ST_Animal_Breathing_Lamb_White,Rudrav Meesho,Active,,#REF!
CSTE_0536_ST_Animal_Breathing_Lamb_White_1,CSTE_0536_ST_Animal_Breathing_Lamb_White,CSTE FK,Active,Active Listing,#REF!
CSTE_0537_ST_Animal_Breathing_CapyBara,CSTE_0537_ST_Animal_Breathing_CapyBara,CSTE AMAZON,Inactive,Deleted,
CSTE_0537_ST_Animal_Breathing_CapyBara_pink,CSTE_0537_ST_Animal_Breathing_CapyBara_pink,Rudrav Meesho,Active,,
CSTE_0537_ST_Animal_Breathing_capyBara_1,CSTE_0537_ST_Animal_Breathing_capyBara_pink,CSTE AMAZON,Active,,#REF!
CSTE_0537_ST_Animal_Breathing_CapyBara_pink,CSTE_0537_ST_Animal_Breathing_CapyBara_pink,CSTE FK,Active,Active Listing,#REF!
CSTE_0537_ST_Animal_Breathing_CapyBara_pink,CSTE_0537_ST_Animal_Breathing_CapyBara_pink,CSTE MEESHO,Active,,#REF!
CSTE_0538_ST_Animal_Penguin_Yellow,CSTE_0538_ST_Animal_Penguin_Yellow,CSTE AMAZON,Active,,#REF!
CSTE_0538_ST_Animal_Penguin_Yellow,CSTE_0538_ST_Animal_Penguin_Yellow,CSTE FK,Active,,#REF!
CSTE_0538_ST_Animal_Penguin_Yellow,CSTE_0538_ST_Animal_Penguin_Yellow,CSTE MEESHO,Active,,#REF!
CSTE_0538_ST_Animal_Penguin_Yellow,CSTE_0538_ST_Animal_Penguin_Yellow,Rudrav Meesho,Active,,#REF!
CSTE_0539_ST_Animal_Penguin_Green,CSTE_0539_ST_Animal_Penguin_Green,CSTE AMAZON,Active,,#REF!
CSTE_0539_ST_Animal_Penguin_Green,CSTE_0539_ST_Animal_Penguin_Green,CSTE MEESHO,Active,,#REF!
CSTE_0539_ST_Animal_Penguin_Green,CSTE_0539_ST_Animal_Penguin_Green,Rudrav Meesho,Active,,#REF!
CSTE_0540_ST_Animal_Breathing_Stich_P_2,CSTE_0540_ST_Animal_Breathing_Stich_Pink,CSTE AMAZON,Active,,#REF!
CSTE_0540_ST_Animal_Breathing_Stich_Pink,CSTE_0540_ST_Animal_Breathing_Stich_Pink,CSTE FK,Active,,#REF!
CSTE_0540_ST_Animal_Breathing_Stich_Pink,CSTE_0540_ST_Animal_Breathing_Stich_Pink,CSTE MEESHO,Active,,#REF!
CSTE_0540_ST_Animal_Breathing_Stich_Pink,CSTE_0540_ST_Animal_Breathing_Stich_Pink,CSTE AMAZON,Inactive,Deleted,
CSTE_0541_ST_Animal_Breathing_Fox,CSTE_0541_ST_Animal_Breathing_Fox,CSTE AMAZON,Active,,#REF!
CSTE_0541_ST_Animal_Breathing_Fox,CSTE_0541_ST_Animal_Breathing_Fox,CSTE FK,Active,,#REF!
CSTE_0541_ST_Animal_Breathing_Fox,CSTE_0541_ST_Animal_Breathing_Fox,CSTE MEESHO,Active,,#REF!
CSTE_0542_ST_Animal_Breathing_Lucifer_Cat,CSTE_0542_ST_Animal_Breathing_Lucifer_Cat,CSTE MEESHO,Active,,
CSTE_0542_ST_Animal_Breathing_Lucifer_C,CSTE_0542_ST_Animal_Breathing_Lucifer_Cat,CSTE AMAZON,Active,,#REF!
CSTE_0542_ST_Animal_Breathing_Lucifer_Cat,CSTE_0542_ST_Animal_Breathing_Lucifer_Cat,CSTE FK,Active,Active Listing,#REF!
CSTE_0543_ST_Animal_Breathing_S_Rabbit,CSTE_0543_ST_Animal_Breathing_S_Rabbit,CSTE AMAZON,Active,,#REF!
CSTE_0543_ST_Animal_Breathing_Strawberry_Rabbit,CSTE_0543_ST_Animal_Breathing_Strawberry_Rabbit,CSTE FK,Active,Active Listing,#REF!
CSTE_0543_ST_Animal_Breathing_Strawberry_Rabbit,CSTE_0543_ST_Animal_Breathing_Strawberry_Rabbit,CSTE MEESHO,Active,,#REF!
CSTE_0544_ST_Animal_Breathing_Sloth_Grey,CSTE_0544_ST_Animal_Breathing_Sloth_Grey,CSTE AMAZON,Active,,#REF!
CSTE_0544_ST_Animal_Breathing_Sloth_Grey,CSTE_0544_ST_Animal_Breathing_Sloth_Grey,CSTE FK,Active,,#REF!
CSTE_0544_ST_Animal_Breathing_Sloth_Grey,CSTE_0544_ST_Animal_Breathing_Sloth_Grey,CSTE MEESHO,Active,,#REF!
CSTE_0545_ST_Animal_Breathing_Dog_B_2,CSTE_0545_ST_Animal_Breathing_Dog_Brown,CSTE AMAZON,Active,,#REF!
CSTE_0545_ST_Animal_Breathing_Dog_Brown,CSTE_0545_ST_Animal_Breathing_Dog_Brown,CSTE FK,Active,,#REF!
CSTE_0545_ST_Animal_Breathing_Dog_Brown,CSTE_0545_ST_Animal_Breathing_Dog_Brown,CSTE MEESHO,Active,,#REF!
CSTE_0545_ST_Animal_Breathing_Dog_Brown,CSTE_0545_ST_Animal_Breathing_Dog_Brown,CSTE AMAZON,Inactive,Deleted,
CSTE_0546_ST_Animal_Lucifer_Cat_Black,CSTE_0546_ST_Animal_Lucifer_Cat_Black,CSTE AMAZON,Active,,#REF!
CSTE_0546_ST_Animal_Lucifer_Cat_Black,CSTE_0546_ST_Animal_Lucifer_Cat_Black,CSTE FK,Active,,#REF!
CSTE_0546_ST_Animal_Lucifer_Cat_Black,CSTE_0546_ST_Animal_Lucifer_Cat_Black,CSTE MEESHO,Active,,#REF!
Koala_Hugging_Duck,CSTE_0547_ST_Animal_Stich_Hug_Duck,CSTE AMAZON,Active,,#REF!
Stitch_Hugging_Duck,CSTE_0547_ST_Animal_Stich_Hug_Duck,CSTE FK,Active,,#REF!
Stitch_Hugging_Duck_2,CSTE_0547_ST_Animal_Stich_Hug_Duck,CSTE FK,Active,,#REF!
Stitch_Hugging_Duck,CSTE_0547_ST_Animal_Stich_Hug_Duck,CSTE MEESHO,Active,,#REF!
Creeper_18cm_Green,CSTE_0548_ST_Minecraft_Creeper_Small,CSTE MEESHO,Active,,
Creeper_18cm_Green,CSTE_0548_ST_Minecraft_Creeper_Small,Rudrav Meesho,Active,,
Creeper long,CSTE_0548_ST_Minecraft_Creeper_Small,CSTE AMAZON,Active,Active Listing,#REF!
Creeper_18cm_Green,CSTE_0548_ST_Minecraft_Creeper_Small,CSTE FK,Active,Active Listing,#REF!
Breathing_Grey_Otter,CSTE_0549_ST_Animal_Breathing_Otter_Grey,CSTE AMAZON,Active,,#REF!
Caaju_DS_Clipe_Rope_Pack2,CSTE_AMZ001_OT_Clip_Rope,CSTE AMAZON,Active,Combo,#REF!
clip rope pack of 2,CSTE_AMZ001_OT_Clip_Rope,CSTE FK,Active,Combo,#REF!
cliperope_packof2,CSTE_AMZ001_OT_Clip_Rope,CSTE MEESHO,Active,Combo,#REF!
cliperope_packof2,CSTE_AMZ001_OT_Clip_Rope,Rudrav Meesho,Active,Combo,#REF!
CSTE_AMZ001_OT_Clip_Rope,CSTE_AMZ001_OT_Clip_Rope,GL FK,Active,Active Listing,#REF!
CSTE_AMZ001_OT_Clip_Rope,CSTE_AMZ001_OT_Clip_Rope,CSTE FK,Active,Active Listing,#REF!
cliprope,CSTE_AMZ001_OT_Clip_Rope,CSTE MEESHO,Active,,#REF!
CSTE_AMZ001_OT_Clip_Rope,CSTE_AMZ001_OT_Clip_Rope,CSTE MEESHO,Active,,#REF!
cliprope,CSTE_AMZ001_OT_Clip_Rope,Rudrav Meesho,Active,,#REF!
CSTE_AMZ001_OT_Clip_Rope,CSTE_AMZ001_OT_Clip_Rope,Rudrav Meesho,Active,,#REF!
CSTE_AMZ002_OT_Rope_Nylon,CSTE_AMZ002_OT_Rope_Nylon,Rudrav Meesho,Active,,
nylon _ rope 02,CSTE_AMZ002_OT_Rope_Nylon,CSTE FK,Active,Combo,#REF!
nylon_rope_3,CSTE_AMZ002_OT_Rope_Nylon,CSTE MEESHO,Active,Combo,#REF!
nylon_rope_3,CSTE_AMZ002_OT_Rope_Nylon,Rudrav Meesho,Active,Combo,#REF!
CSTE_AMZ002_OT_Rope_Nylon,CSTE_AMZ002_OT_Rope_Nylon,GL FK,Active,Active Listing,#REF!
rope_nylon,CSTE_AMZ002_OT_Rope_Nylon,CSTE FK,Active,Active Listing,#REF!
CSTE_AMZ002_OT_Rope_Nylon,CSTE_AMZ002_OT_Rope_Nylon,CSTE FK,Active,Active Listing,#REF!
CSTE_AMZ002_OT_Rope_Nylon,CSTE_AMZ002_OT_Rope_Nylon,CSTE MEESHO,Active,,#REF!
CSTE_AMZ003_OT_Shoes_Wipe,CSTE_AMZ003_OT_Shoes_Wipe,CSTE MEESHO,Active,,#REF!
CSTE_AMZ003_OT_Shoes_Wipe,CSTE_AMZ003_OT_Shoes_Wipe,Rudrav Meesho,Active,,#REF!
Hair_Remover_Stone,CSTE_AMZ004_OT_Hair_Remover_Stone,Rudrav Meesho,Active,,
CSTE_AMZ004_OT_Hair_Remover_Stone,CSTE_AMZ004_OT_Hair_Remover_Stone,CSTE MEESHO,Active,,#REF!
CSTE_AMZ004_OT_Hair_Remover_Stone,CSTE_AMZ004_OT_Hair_Remover_Stone,Rudrav Meesho,Active,,#REF!
CSTE_AMZ005_OT_Airtight_Container_700ml,CSTE_AMZ005_OT_Airtight_Container_700ml,CSTE MEESHO,Active,,
CSTE_AMZ005_OT_Airtight_Container_700ml,CSTE_AMZ005_OT_Airtight_Container_700ml,Rudrav Meesho,Active,,
CSTE_AMZ006_OT_Airtight_Container_1100ml,CSTE_AMZ006_OT_Airtight_Container_1100ml,CSTE MEESHO,Active,,
CSTE_AMZ006_OT_Airtight_Container_1100ml,CSTE_AMZ006_OT_Airtight_Container_1100ml,Rudrav Meesho,Active,,
Face_Cat_Brown,CSTE_O0001_OT_TeddyFaceCat_Brown,CSTE MEESHO,Active,,
Breathing_Messenger_Cat,CSTE_O0001_OT_TeddyFaceCat_Brown,CSTE AMAZON,Active,,#REF!
OI-1575-AKSH,CSTE_O0001_OT_TeddyFaceCat_Brown,CSTE AMAZON,Inactive,Deleted,
8W-7KW7-2ESS,CSTE_O0001_OT_TeddyFaceCat_Brown,CSTE AMAZON,Inactive,Deleted,
OCTOPUS-18,CSTE_O0001_OT_TeddyFaceCat_Brown,CSTE AMAZON,Inactive,Deleted,
kittycatbrown_fba,CSTE_O0001_OT_TeddyFaceCat_Brown,CSTE AMAZON,Inactive,Deleted,
K4-4AJD-EVLG,CSTE_O0001_OT_TeddyFaceCat_Brown,CSTE AMAZON,Active,Active Listing,#REF!
teddy_catface,CSTE_O0001_OT_TeddyFaceCat_Brown,CSTE AMAZON,Active,Active Listing,#REF!
P3-0N7Z-S4PC,CSTE_O0001_OT_TeddyFaceCat_Brown,CSTE AMAZON,Active,Active Listing,#REF!
UL-ZBMY-NZH7,CSTE_O0001_OT_TeddyFaceCat_Brown,CSTE AMAZON,Active,Active Listing,#REF!
ST-CAT-Brown & White,CSTE_O0001_OT_TeddyFaceCat_Brown,CSTE AMAZON,Active,Active Listing,#REF!
G5-OF3B-5QT3,CSTE_O0001_OT_TeddyFaceCat_Brown,CSTE AMAZON,Active,Active Listing,#REF!
Face_Cat_Brown_OT,CSTE_O0001_OT_TeddyFaceCat_Brown,GL FK,Active,Active Listing,#REF!
FBA_teddy _cat_face,CSTE_O0001_OT_TeddyFaceCat_Brown,CSTE FK,Active,Active Listing,#REF!
"Fusked Kitty Cat, Adorable Soft Toy |",CSTE_O0001_OT_TeddyFaceCat_Brown,CSTE FK,Active,Active Listing,#REF!
FUSKED-CAT FACED TEDDY,CSTE_O0001_OT_TeddyFaceCat_Brown,CSTE FK,Active,Active Listing,#REF!
CSTE_O0001_OT_TeddyFaceCat_Brown,CSTE_O0001_OT_TeddyFaceCat_Brown,CSTE MEESHO,Active,,#REF!
Face_Cat_Brown/White,CSTE_O0001_OT_TeddyFaceCat_Brown,CSTE MEESHO,Active,,#REF!
RbG8gMVV,CSTE_O0001_OT_TeddyFaceCat_Brown,CSTE MEESHO,Active,,#REF!
36543233,CSTE_O0001_OT_TeddyFaceCat_Brown,Rudrav Meesho,Active,,#REF!
Breathing_Messenger_Cat_Pink,CSTE_O0002_OT_TeddyFaceCat_Pink,CSTE AMAZON,Active,,#REF!
skyblue_cat_FBA,CSTE_O0002_OT_TeddyFaceCat_Pink,CSTE AMAZON,Active,Active Listing,#REF!
teddy face cat,CSTE_O0002_OT_TeddyFaceCat_Pink,CSTE FK,Active,Active Listing,#REF!
FK- CAT FACED TEDDY PINK SOFT TOY,CSTE_O0002_OT_TeddyFaceCat_Pink,CSTE FK,Active,Active Listing,#REF!
Face_Cat_Pink,CSTE_O0002_OT_TeddyFaceCat_Pink,CSTE MEESHO,Active,,#REF!
4EEJM7mo,CSTE_O0002_OT_TeddyFaceCat_Pink,CSTE MEESHO,Active,,#REF!
Hw--xolx,CSTE_O0002_OT_TeddyFaceCat_Pink,CSTE MEESHO,Active,,#REF!
Face_Cat_Pink,CSTE_O0002_OT_TeddyFaceCat_Pink,Rudrav Meesho,Active,,#REF!
Breathing_Messenger_Cat_Blue,CSTE_O0003_OT_TeddyFaceCat_Blue,CSTE AMAZON,Active,,#REF!
Kittycat_Blue_fba1,CSTE_O0003_OT_TeddyFaceCat_Blue,CSTE AMAZON,Active,Active Listing,#REF!
CSTE_O0003_OT_TeddyFaceCat_Blue,CSTE_O0003_OT_TeddyFaceCat_Blue,CSTE MEESHO,Active,,#REF!
Face_Cat_Blue\white,CSTE_O0003_OT_TeddyFaceCat_Blue,CSTE MEESHO,Active,,#REF!
TeddyFaceCat-Blue,CSTE_O0003_OT_TeddyFaceCat_Blue,CSTE MEESHO,Active,,#REF!
5dzbpJS4,CSTE_O0004_OT_TeddyFaceCat_WhiteBlue,CSTE MEESHO,Active,,
Face_Cat_Blue_White,CSTE_O0004_OT_TeddyFaceCat_WhiteBlue,CSTE MEESHO,Active,,
Face_Cat_Blue_White,CSTE_O0004_OT_TeddyFaceCat_WhiteBlue,Rudrav Meesho,Active,,
FUSKED- HELLO KITTY WHITE SOFT TOY FOR KIDS,CSTE_O0004_OT_TeddyFaceCat_WhiteBlue,CSTE FK,Active,,#REF!
ST-CAT-White & Blue,CSTE_O0004_OT_TeddyFaceCat_WhiteBlue,CSTE AMAZON,Inactive,Deleted,
Taddy Face Cat Soft Toy blue,CSTE_O0004_OT_TeddyFaceCat_WhiteBlue,CSTE FK,Active,Active Listing,#REF!
taady face cat white with blue poket,CSTE_O0004_OT_TeddyFaceCat_WhiteBlue,CSTE FK,Active,Active Listing,#REF!
taddy face cat white,CSTE_O0004_OT_TeddyFaceCat_WhiteBlue,CSTE FK,Active,Active Listing,#REF!
Kv4EfFaS,CSTE_O0004_OT_TeddyFaceCat_WhiteBlue,CSTE MEESHO,Active,,
edT3MANB,CSTE_O0005_OT_TeddyFaceCat_WhitePink,CSTE MEESHO,Active,,
Face_Cat_Blue_PINK,CSTE_O0005_OT_TeddyFaceCat_WhitePink,CSTE MEESHO,Active,,
Face_Cat_Brown_White,CSTE_O0005_OT_TeddyFaceCat_WhitePink,Rudrav Meesho,Active,,
Face_Cat_white/Pink,CSTE_O0005_OT_TeddyFaceCat_WhitePink,CSTE MEESHO,Active,,
Face_Cat_White\Pink,CSTE_O0005_OT_TeddyFaceCat_WhitePink,CSTE MEESHO,Active,,
Face_Cat_White\Pink,CSTE_O0005_OT_TeddyFaceCat_WhitePink,Rudrav Meesho,Active,,
ST-CAT-White & Pink,CSTE_O0005_OT_TeddyFaceCat_WhitePink,CSTE AMAZON,Inactive,Deleted,
White_Teddy_Face_Cat,CSTE_O0005_OT_TeddyFaceCat_WhitePink,CSTE AMAZON,Active,Active Listing,#REF!
ST-CAT-Pink & White,CSTE_O0005_OT_TeddyFaceCat_WhitePink,CSTE AMAZON,Active,Active Listing,#REF!
Face_Cat_White,CSTE_O0005_OT_TeddyFaceCat_WhitePink,GL FK,Active,Active Listing,#REF!
Taddy Face Cat Soft Toy white,CSTE_O0005_OT_TeddyFaceCat_WhitePink,CSTE FK,Active,Active Listing,#REF!
teddy face cat pink pocket,CSTE_O0005_OT_TeddyFaceCat_WhitePink,CSTE FK,Active,Active Listing,#REF!
Unicorn_slippers_,CSTE_O0006_OT_UnicornSlipper_WhiteSmall,CSTE AMAZON,Active,Active Listing,#REF!
CAAJU-SLIPPER-UNICORN-WHITE,CSTE_O0006_OT_UnicornSlipper_WhiteSmall,CSTE FK,Active,Active Listing,#REF!
UnicornSlipper_WhiteSmall,CSTE_O0006_OT_UnicornSlipper_WhiteSmall,Rudrav Meesho,Active,,#REF!
CSTE154,CSTE_O0007_OT_UnicornSlipper_WhiteBig,CSTE MEESHO,Active,,
Unicorn_shoes,CSTE_O0007_OT_UnicornSlipper_WhiteBig,CSTE AMAZON,Active,Active Listing,#REF!
HeartEye_FBA,CSTE_O0010_OT_KissEmojiSlipper_Yellow,CSTE AMAZON,Inactive,Deleted,
laughingslip,CSTE_O0010_OT_KissEmojiSlipper_Yellow,CSTE FK,Active,Active Listing,#REF!
Teddy Bear-Toy-01,CSTE_O0012_OT_HatTeddyBear_RedBig,GL FK,Active,Active Listing,#REF!
LOVE TADDY PINK WITH HAT,CSTE_O0013_OT_HatTeddyBear_PinkBig,CSTE FK,Active,Active Listing,#REF!
CSTE377,CSTE_O0014_OT_HatTeddyBear_CreamBig,CSTE MEESHO,Active,,
Teddy pink,CSTE_O0015_OT_LoveTeddyBear_Pink,Rudrav Meesho,Active,,
fk- red teddy with hat stuffed toy- furry soft toy,CSTE_O0021_OT_HatTeddyBear_PinkSmall,CSTE FK,Active,Active Listing,#REF!
CSTE375,CSTE_O0021_OT_HatTeddyBear_PinkSmall,CSTE MEESHO,Active,,#REF!
CSTE376,CSTE_O0022_OT_TeddyBear_RedSmall,CSTE MEESHO,Active,,#REF!
CSTE_O0022_OT_TeddyBear_RedSmall,CSTE_O0022_OT_TeddyBear_RedSmall,Rudrav Meesho,Active,,#REF!
30546756,CSTE_O0022_OT_TeddyBear_RedSmall,Rudrav Meesho,Active,,#REF!
CSTE_O0025_OT_MinionsSoftToy,CSTE_O0025_OT_MinionsSoftToy,Rudrav Meesho,Active,,#REF!
5QGsPrwg,CSTE_O0027_OT_Penguin_Blue,CSTE MEESHO,Active,,
HS-7GEY-VDG9,CSTE_O0027_OT_Penguin_Blue,CSTE AMAZON,Inactive,Deleted,
OP-Q2P0-J6BE,CSTE_O0027_OT_Penguin_Blue,CSTE AMAZON,Inactive,Deleted,
ST-soft toy- penguin standing_fba,CSTE_O0027_OT_Penguin_Blue,CSTE AMAZON,Inactive,Deleted,
penguin_soft_toy,CSTE_O0027_OT_Penguin_Blue,GL FK,Active,Active Listing,#REF!
FBA_sky_blue_penguine,CSTE_O0027_OT_Penguin_Blue,CSTE FK,Active,Active Listing,#REF!
fusked-penguin blue 1,CSTE_O0027_OT_Penguin_Blue,CSTE FK,Active,Active Listing,#REF!
Penguin blue,CSTE_O0027_OT_Penguin_Blue,CSTE MEESHO,Active,,
Penguin blue,CSTE_O0027_OT_Penguin_Blue,Rudrav Meesho,Active,,
CSTE072,CSTE_O0028_OT_Penguin_Grey,CSTE MEESHO,Active,,
soft toy- penguin standing Grey-fba,CSTE_O0028_OT_Penguin_Grey,CSTE AMAZON,Inactive,Deleted,
CSTE_O0028_OT_Penguin_Grey,CSTE_O0028_OT_Penguin_Grey,GL FK,Active,Active Listing,#REF!
penguin grey,CSTE_O0028_OT_Penguin_Grey,CSTE MEESHO,Active,,
penguin grey,CSTE_O0028_OT_Penguin_Grey,Rudrav Meesho,Active,,
steamermap-2fba,CSTE_O0029_OT_SittingElephant_Blue,CSTE AMAZON,Inactive,Deleted,
ST-Cute sitting Elephant-White-fba,CSTE_O0029_OT_SittingElephant_Blue,CSTE AMAZON,Inactive,Deleted,
Y6-MF82-V7TM,CSTE_O0029_OT_SittingElephant_Blue,CSTE AMAZON,Active,Active Listing,#REF!
ST-soft toy-Elephant-blue-fba,CSTE_O0029_OT_SittingElephant_Blue,CSTE AMAZON,Active,Active Listing,#REF!
fusked-elephant-blue-with dress,CSTE_O0029_OT_SittingElephant_Blue,CSTE FK,Active,Active Listing,#REF!
FBA_elephant sky blue,CSTE_O0029_OT_SittingElephant_Blue,CSTE FK,Active,Active Listing,#REF!
CSTE416,CSTE_O0029_OT_SittingElephant_Blue,CSTE MEESHO,Active,,#REF!
fusked-elephant-blue-soft toy,CSTE_O0029_OT_SittingElephant_Blue,CSTE FK,Active,Active Listing,#REF!
CSTE077,CSTE_O0029_OT_SittingElephant_Blue,CSTE MEESHO,Active,,#REF!
CSTE_O0029_OT_SittingElephant_Blue,CSTE_O0029_OT_SittingElephant_Blue,Rudrav Meesho,Active,,#REF!
CSTE078,CSTE_O0030_OT_SittingElephant_Piink,CSTE MEESHO,Active,,
CSTE079,CSTE_O0030_OT_SittingElephant_Piink,CSTE MEESHO,Active,,
XH-QSUJ-BWWF,CSTE_O0030_OT_SittingElephant_Piink,CSTE AMAZON,Inactive,Deleted,
ST-Elephant-Pink-fba,CSTE_O0030_OT_SittingElephant_Piink,CSTE AMAZON,Active,Active Listing,#REF!
soft toy- elephant standing_fba,CSTE_O0031_OT_StandingElephant_Grey,CSTE AMAZON,Inactive,Deleted,
fusked-elephant-grey-soft toy,CSTE_O0031_OT_StandingElephant_Grey,CSTE FK,Active,Active Listing,#REF!
CSTE080,CSTE_O0031_OT_StandingElephant_Grey,CSTE MEESHO,Active,,#REF!
FK-Disney Mickey Floppy SOFT TOY FOR KIDS,CSTE_O0032_OT_Mickymouse,CSTE FK,Active,Active Listing,#REF!
CSTE402,CSTE_O0034_OT_PepaPigSiblingsSoftToy,CSTE MEESHO,Active,,
peppa pig soft toy,CSTE_O0034_OT_PepaPigSiblingsSoftToy,CSTE FK,Active,Active Listing,#REF!
CSTE192,CSTE_O0035_OT_FurryHeartPillow_Red,CSTE MEESHO,Active,,
"RUDRAV_Heart Pillow/Cushion, 16x16 inch, Red",CSTE_O0035_OT_FurryHeartPillow_Red,GL FK,Active,Active Listing,#REF!
CAAJU-Heart-Floor-Mat,CSTE_O0035_OT_FurryHeartPillow_Red,CSTE FK,Active,Active Listing,#REF!
red heart soft_toy,CSTE_O0035_OT_FurryHeartPillow_Red,CSTE MEESHO,Active,,
CSTE_O0036_OT_UnicornSoftToy_BlueSmall,CSTE_O0036_OT_UnicornSoftToy_BlueSmall,Rudrav Meesho,Active,,
unicorn_yellow,CSTE_O0036_OT_UnicornSoftToy_RedSmall,GL FK,Active,Active Listing,#REF!
CSTE_O0036_OT_UnicornSoftToy_YellowSmall,CSTE_O0036_OT_UnicornSoftToy_YellowSmall,Rudrav Meesho,Active,,
CcPMSomW,CSTE_O0037_OT_UnicornSoftToy_BlueMedium,CSTE MEESHO,Active,,
CSTE_O0037_OT_UnicornSoftToy_BlueMedium,CSTE_O0037_OT_UnicornSoftToy_BlueMedium,Rudrav Meesho,Active,,
cj-unicorn-horseB_fba,CSTE_O0037_OT_UnicornSoftToy_BlueMedium,CSTE AMAZON,Inactive,Deleted,
HL-UWSU-2GPU,CSTE_O0037_OT_UnicornSoftToy_BlueMedium,CSTE AMAZON,Inactive,Deleted,
9A-KVOJ-MJFU,CSTE_O0037_OT_UnicornSoftToy_BlueMedium,CSTE AMAZON,Active,Active Listing,#REF!
cj-unicorn-horseB,CSTE_O0037_OT_UnicornSoftToy_BlueMedium,CSTE AMAZON,Active,Active Listing,#REF!
unicorn_blue,CSTE_O0037_OT_UnicornSoftToy_BlueMedium,GL FK,Active,Active Listing,#REF!
fusked-unicorn blue-soft toy,CSTE_O0037_OT_UnicornSoftToy_BlueMedium,CSTE FK,Active,Active Listing,#REF!
6U2ft-sn,CSTE_O0040_OT_Pillow_Orange,CSTE MEESHO,Active,,#REF!
Pillow Smiley & Fruit,CSTE_O0040_OT_Pillow_Orange,Rudrav Meesho,Active,,
CSTE_O0041_OT_TeddybBear_RedMedium,CSTE_O0041_OT_TeddybBear_RedMedium,Rudrav Meesho,Active,,
PILLOW_PACK3,CSTE_O0043_OT_CushionFiller,GL FK,Active,Combo,#REF!
PILLOW_PACK5,CSTE_O0043_OT_CushionFiller,GL FK,Active,Combo,#REF!
PILLOW_PACK-4,CSTE_O0043_OT_CushionFiller,GL FK,Active,Combo,#REF!
PILLOW_PACKOF2,CSTE_O0043_OT_CushionFiller,GL FK,Active,Combo,#REF!
PILLOW_PACK4,CSTE_O0043_OT_CushionFiller,GL FK,Active,Combo,#REF!
PILLOW_PACK2,CSTE_O0043_OT_CushionFiller,GL FK,Active,Combo,#REF!
White_cushion fillers_5P,CSTE_O0043_OT_CushionFiller,GL FK,Active,Combo,#REF!
PILLOW_PACK1,CSTE_O0043_OT_CushionFiller,GL FK,Active,Active Listing,#REF!
PILLOW PACK1,CSTE_O0043_OT_CushionFiller,GL FK,Active,Active Listing,#REF!
20354594,CSTE_O0045_OT_FlashCard,Rudrav Meesho,In Progress,,
31258461,CSTE_O0045_OT_FlashCard,CSTE MEESHO,In Progress,,
34144650,CSTE_O0045_OT_FlashCard,Rudrav Meesho,In Progress,,
38546589,CSTE_O0045_OT_FlashCard,Rudrav Meesho,In Progress,,
Flashcard-New,CSTE_O0045_OT_FlashCard,CSTE AMAZON,Inactive,Deleted,
JH-Y6NV-HI76,CSTE_O0045_OT_FlashCard,CSTE AMAZON,Inactive,Deleted,
MAP_Flash_Card-5,CSTE_O0045_OT_FlashCard,GL FK,Active,Active Listing,#REF!
FLASING_CARDS_MAPPING,CSTE_O0045_OT_FlashCard,GL FK,Active,Active Listing,#REF!
Learning_Toy_Kids,CSTE_O0045_OT_FlashCard,GL FK,Active,Active Listing,#REF!
FLASHCARD_NEW16,CSTE_O0045_OT_FlashCard,GL FK,Active,Active Listing,#REF!
CA-FLASH -CARDS,CSTE_O0045_OT_FlashCard,CSTE FK,Active,Active Listing,#REF!
MAP_FLASH-CARD_LEARNING_Toy,CSTE_O0045_OT_FlashCard,CSTE FK,Active,Active Listing,#REF!
LEARING_CARD_KIDS,CSTE_O0045_OT_FlashCard,CSTE FK,Active,Active Listing,#REF!
24_colour_pencil,CSTE_O0046_OT_UnicornPencilSet,CSTE AMAZON,Inactive,Deleted,
Unicorn_Stationery_Set,CSTE_O0046_OT_UnicornPencilSet,CSTE AMAZON,Inactive,Deleted,
unicorn_pencil_1,CSTE_O0046_OT_UnicornPencilSet,GL FK,Active,Active Listing,#REF!
25846971,CSTE_O0047_OT_DinasourPencilSet,Rudrav Meesho,In Progress,,
QA-US93-LU1E,CSTE_O0047_OT_DinasourPencilSet,CSTE AMAZON,Inactive,Deleted,
Dinasour pencil set,CSTE_O0047_OT_DinasourPencilSet,GL FK,Active,Active Listing,#REF!
32432311,CSTE_O0047_OT_DinasourPencilSet,Rudrav Meesho,Active,,#REF!
7TwLyfYf,CSTE_O0048_OT_MinionsPencilSet,CSTE MEESHO,In Progress,,
CSTE380,CSTE_O0048_OT_MinionsPencilSet,CSTE MEESHO,In Progress,,
MICKKY MOUSE STATIONERY KIT,CSTE_O0049_OT_MickyMousePencil Set,CSTE AMAZON,Inactive,Deleted,
MICKYMOUSE_PENCIL SET,CSTE_O0049_OT_MickyMousePencil Set,GL FK,Active,Active Listing,#REF!
ironman_with_shockpen,CSTE_O0050_OT_Iron_Small,CSTE AMAZON,Inactive,Deleted,
YUoUVEAp,CSTE_O0050_OT_Iron_Small,CSTE MEESHO,In Progress,,
98dVouVh,CSTE_O0051_OT_HopeBall,Rudrav Meesho,In Progress,,
HopeBal,CSTE_O0051_OT_HopeBall,Rudrav Meesho,In Progress,,
HopeBall,CSTE_O0051_OT_HopeBall,CSTE MEESHO,In Progress,,
Hopball-5235,CSTE_O0051_OT_HopeBall,CSTE AMAZON,Active,Active Listing,#REF!
hop-ball-no-1,CSTE_O0051_OT_HopeBall,CSTE AMAZON,Active,Active Listing,#REF!
hope_balls,CSTE_O0051_OT_HopeBall,GL FK,Active,Active Listing,#REF!
hop_e ball,CSTE_O0051_OT_HopeBall,CSTE FK,Active,Active Listing,#REF!
Hower_Ball_Map,CSTE_O0052_OT_SoccerBall,GL FK,Active,Active Listing,#REF!
34587261,CSTE_O0053_OT_DiyButterflyKit,Rudrav Meesho,Active,,#REF!
38479622,CSTE_O0054_OT_DiyElephantKit,Rudrav Meesho,In Progress,,
CJ- BEN 10 GIRLS-BOYS-WATCH-GREEN,CSTE_O0055_OT_PrincessDigitalWatch_Blue,CSTE FK,Active,Active Listing,#REF!
CJ-BARBIE-GIRLS WATCH-PINK,CSTE_O0055_OT_PrincessDigitalWatch_Blue,CSTE FK,Active,Active Listing,#REF!
26934569,CSTE_O0057_OT_SofiaDigitalWatch_Purple,Rudrav Meesho,In Progress,,
34857698,CSTE_O0058_OT_MemoryCardFrontAndBack,Rudrav Meesho,In Progress,,
GEQqDMt3,CSTE_O0059_OT_CactusLight,CSTE MEESHO,In Progress,,
Cactus_Light,CSTE_O0059_OT_CactusLight,CSTE AMAZON,Inactive,Deleted,
cactus led light,CSTE_O0059_OT_CactusLight,GL FK,Active,Active Listing,#REF!
EwqvdwMR,CSTE_O0059_OT_CactusLight,CSTE MEESHO,Active,,#REF!
CQUwevml,CSTE_O0059_OT_CactusLight,CSTE MEESHO,Active,,#REF!
Rudrav_Light Green Cactus (Yellow),CSTE_O0059_OT_CactusLight,Rudrav Meesho,In Progress,,
L9-G158-TL5T_fba,CSTE_O0060_OT_ChristmasLight,CSTE AMAZON,Inactive,Deleted,
Clip led light,CSTE_O0060_OT_ChristmasLight,GL FK,Active,Active Listing,#REF!
string light_star,CSTE_O0060_OT_ChristmasLight,GL FK,Active,Active Listing,#REF!
38774501,CSTE_O0061_OT_FlyingPencilSet_Blue,Rudrav Meesho,In Progress,,
FLY_PENCIL_6_SET_MULTI,CSTE_O0061_OT_FlyingPencilSet_Blue,GL FK,Active,Combo,#REF!
CA-GEO-PK,CSTE_O0061_OT_FlyingPencilSet_Blue,CSTE AMAZON,Inactive,Deleted,
FLY_PENCIL_1_MULTI,CSTE_O0061_OT_FlyingPencilSet_Blue,GL FK,Active,Active Listing,#REF!
Rudrav_ Flying Pencil Set for Kids (Pack of 1) (4 pcs pencil),CSTE_O0061_OT_FlyingPencilSet_Blue,Rudrav Meesho,In Progress,,
Flying pencil MULTI COLR,CSTE_O0062_OT_FlyingPencilSet_Purple,GL FK,Active,Active Listing,#REF!
24544163,CSTE_O0063_OT_FlyingPencilSet_Pink,CSTE MEESHO,In Progress,,
Flying_Pencil_fba,CSTE_O0063_OT_FlyingPencilSet_Pink,CSTE AMAZON,Active,Active Listing,#REF!
21854691,CSTE_O0064_OT_GymBottle_Green,Rudrav Meesho,In Progress,,
FU-MOVTIVATIONAL-FBA,CSTE_O0064_OT_GymBottle_Green,CSTE AMAZON,Inactive,Deleted,
Watergreen_1,CSTE_O0064_OT_GymBottle_Green,GL FK,Active,Active Listing,#REF!
DIYMUG_fba,CSTE_O0065_OT_Mug_Blue,CSTE AMAZON,Inactive,Deleted,
BLUE _JUG,CSTE_O0065_OT_Mug_Blue,GL FK,Active,Active Listing,#REF!
squid mask_black mama doll,CSTE_O0068_OT_SquidGameBlackMamDoll,GL FK,Active,Active Listing,#REF!
MH_SQUIED_DOLL_RED_1,CSTE_O0068_OT_SquidGameBlackMamDoll,GL FK,Active,Active Listing,#REF!
32546410,CSTE_O0069_OT_BobbleHeadGoku,Rudrav Meesho,In Progress,,
CSTE136,CSTE_O0069_OT_BobbleHeadGoku,CSTE MEESHO,In Progress,,
CSTE145,CSTE_O0069_OT_BobbleHeadGoku,CSTE MEESHO,In Progress,,
CSTE150,CSTE_O0069_OT_BobbleHeadGoku,CSTE MEESHO,In Progress,,
CSTE151,CSTE_O0069_OT_BobbleHeadGoku,CSTE MEESHO,In Progress,,
CSTE152,CSTE_O0069_OT_BobbleHeadGoku,CSTE MEESHO,In Progress,,
GOKU_BOBBLEHEAD3,CSTE_O0069_OT_BobbleHeadGoku,GL FK,Active,Active Listing,#REF!
GOKU_BOBBLEHEAD,CSTE_O0069_OT_BobbleHeadGoku,GL FK,Active,Active Listing,#REF!
caaju big size bobbleheads - action figure with mobile holder,CSTE_O0069_OT_BobbleHeadGoku,CSTE FK,Active,Active Listing,#REF!
FUSKED-DRAGON BALL Z -BOBBLEHEAD-CARDECOR,CSTE_O0069_OT_BobbleHeadGoku,CSTE FK,Active,Active Listing,#REF!
pFQM9X0Y,CSTE_O0069_OT_BobbleHeadGoku,Rudrav Meesho,In Progress,,
God Series Kakashi Anime,CSTE_O0070_OT_BobbleHeadDragonBall,CSTE MEESHO,In Progress,,
God Series Kakashi Anime01,CSTE_O0070_OT_BobbleHeadDragonBall,Rudrav Meesho,In Progress,,
DRAGON_BOBBLEHEAD4,CSTE_O0070_OT_BobbleHeadDragonBall,GL FK,Active,Active Listing,#REF!
Dragon Ball Z Krillin Bobblehead Figurine,CSTE_O0070_OT_BobbleHeadDragonBall,GL FK,Active,Active Listing,#REF!
dragonball z bobblehead,CSTE_O0070_OT_BobbleHeadDragonBall,GL FK,Active,Active Listing,#REF!
b-ZjqH-h,CSTE_O0071_OT_BoobleHead,CSTE MEESHO,In Progress,,
CSTE133,CSTE_O0071_OT_BoobleHead,CSTE MEESHO,In Progress,,
CSTE134,CSTE_O0071_OT_BoobleHead,CSTE MEESHO,In Progress,,
CSTE135,CSTE_O0071_OT_BoobleHead,CSTE MEESHO,In Progress,,
CSTE138,CSTE_O0071_OT_BoobleHead,CSTE MEESHO,In Progress,,
ec-ZgJel,CSTE_O0071_OT_BoobleHead,CSTE MEESHO,In Progress,,
BTS_Bobblehead_fba,CSTE_O0071_OT_BoobleHead,CSTE AMAZON,Inactive,Deleted,
Bobblehead_1,CSTE_O0071_OT_BoobleHead,CSTE AMAZON,Inactive,Deleted,
NARUTO_BOOBLEHEAD2,CSTE_O0071_OT_BoobleHead,GL FK,Active,Active Listing,#REF!
BTS_BOBBLEHEAD1,CSTE_O0072_OT_BoobleHeadBts,GL FK,Active,Active Listing,#REF!
32015482,CSTE_O0073_OT_BobbleHeadPikachu,Rudrav Meesho,In Progress,,
gQ6qzmre,CSTE_O0073_OT_BobbleHeadPikachu,CSTE MEESHO,In Progress,,
Rudrav_Pokemon Bobble Head -,CSTE_O0073_OT_BobbleHeadPikachu,GL FK,Active,Active Listing,#REF!
rvoZbJdF,CSTE_O0073_OT_BobbleHeadPikachu,CSTE MEESHO,In Progress,,
32754695,CSTE_O0074_OT_AstronautLamp,Rudrav Meesho,In Progress,,
Astronaut_Lamp,CSTE_O0074_OT_AstronautLamp,CSTE MEESHO,In Progress,,
AstronautLamp,CSTE_O0074_OT_AstronautLamp,Rudrav Meesho,In Progress,,
DESK-LAMP-01,CSTE_O0074_OT_AstronautLamp,Rudrav Meesho,In Progress,,
Astronaut_Lamp,CSTE_O0074_OT_AstronautLamp,CSTE AMAZON,Inactive,Deleted,
Lamp,CSTE_O0074_OT_AstronautLamp,GL FK,Active,Active Listing,#REF!
Astronaut Lamp,CSTE_O0074_OT_AstronautLamp,GL FK,Active,Active Listing,#REF!
astronaut_lamp,CSTE_O0074_OT_AstronautLamp,GL FK,Active,Active Listing,#REF!
Astronaut_Lamp_PINK,CSTE_O0074_OT_AstronautLamp,CSTE FK,Active,Active Listing,#REF!
ASTRONUT_LAMP,CSTE_O0074_OT_AstronautLamp,GL FK,Active,Active Listing,#REF!
astronaut led lamp,CSTE_O0074_OT_AstronautLamp,GL FK,Active,Active Listing,#REF!
Planet_HumiDifier_1,CSTE_O0075_OT_PlanetHumiDifier,GL FK,Active,Active Listing,#REF!
Fusked_A5 Note Pad note details 160 Pages,CSTE_O0079_OT_BtsDiary _Pink,GL FK,Active,Active Listing,#REF!
CAAJU_BTS BT21 Diary,CSTE_O0079_OT_BtsDiary _Pink,GL FK,Active,Active Listing,#REF!
PINK_BTS DAIRY_1,CSTE_O0079_OT_BtsDiary _Pink,GL FK,Active,Active Listing,#REF!
dairy_pink_all_bts print,CSTE_O0079_OT_BtsDiary _Pink,CSTE FK,Active,Active Listing,#REF!
unipen_set12,CSTE_O0081_OT_UnicornPen_Blue,CSTE AMAZON,Inactive,Deleted,
unicorn_Blue_4pen,CSTE_O0081_OT_UnicornPen_Blue,CSTE FK,Active,Active Listing,#REF!
CJ-Cute Unicorn Gel Pens for Kids- pack of 5,CSTE_O0081_OT_UnicornPen_Blue,CSTE FK,Active,Active Listing,#REF!
UNICORN PEN_12P_MULTI,CSTE_O0082_OT_UnicornPen_Pink,GL FK,Active,Active Listing,#REF!
UNICORN PEN_6 MULTI,CSTE_O0082_OT_UnicornPen_Pink,GL FK,Active,Active Listing,#REF!
COBO_UNICORN_PEN-3P,CSTE_O0082_OT_UnicornPen_Pink,GL FK,Active,Active Listing,#REF!
CJ-UNICORN GEL PENS PACK OF 10,CSTE_O0082_OT_UnicornPen_Pink,CSTE FK,Active,Active Listing,#REF!
PEN COBO1,CSTE_O0083_OT_UnicornPen_White,CSTE AMAZON,Inactive,Deleted,
unicorn_white_4pens,CSTE_O0083_OT_UnicornPen_White,CSTE FK,Active,Active Listing,#REF!
MINI ZEBRA_LAMP,CSTE_O0084_OT_ZebraLamp,GL FK,Active,Active Listing,#REF!
zebra_minilamp,CSTE_O0084_OT_ZebraLamp,GL FK,Active,Active Listing,#REF!
CA-PRO-LAMP,CSTE_O0085_OT_TableLamp_Small,CSTE AMAZON,Inactive,Deleted,
LED-1,CSTE_O0085_OT_TableLamp_Small,CSTE AMAZON,Inactive,Deleted,
CA-GIRRAF-LAMP,CSTE_O0085_OT_TableLamp_Small,GL FK,Active,Active Listing,#REF!
STUDY LIGHT_CLIP,CSTE_O0088_OT_StudyLight,GL FK,Active,Active Listing,#REF!
cj-lamp,CSTE_O0088_OT_StudyLight,CSTE FK,Active,Active Listing,#REF!
study desk_lamp,CSTE_O0088_OT_StudyLight,Rudrav Meesho,In Progress,,
StudyLight_table,CSTE_O0088_OT_StudyLight,CSTE MEESHO,In Progress,,
StudyLight_table,CSTE_O0088_OT_StudyLight,Rudrav Meesho,In Progress,,
7NR9WIF4,CSTE_O0089_OT_Lamp_BlackSmall,CSTE MEESHO,In Progress,,
KdVLJuCT,CSTE_O0089_OT_Lamp_BlackSmall,CSTE MEESHO,In Progress,,
laltain-Light-01,CSTE_O0089_OT_Lamp_BlackSmall,Rudrav Meesho,In Progress,,
sYvtR7WR,CSTE_O0089_OT_Lamp_BlackSmall,CSTE MEESHO,In Progress,,
36-RXIF-RMOY,CSTE_O0090_OT_Cube_Silver,CSTE AMAZON,Inactive,Deleted,
mslFFxBd,CSTE_O0090_OT_Cube_Silver,CSTE MEESHO,Active,,#REF!
Hxzt-Cy-,CSTE_O0090_OT_Cube_Silver,CSTE MEESHO,Active,,#REF!
21544779,"CSTE_O0092_OT_TriangleRubik""sCube",CSTE MEESHO,In Progress,,
cC5MfKr1,"CSTE_O0092_OT_TriangleRubik""sCube",CSTE MEESHO,In Progress,,
32012054,CSTE_O0094_OT_BurgerLunchBox,Rudrav Meesho,In Progress,,
32123651,CSTE_O0094_OT_BurgerLunchBox,CSTE MEESHO,In Progress,,
MYburger_Tiffin Round,CSTE_O0094_OT_BurgerLunchBox,CSTE AMAZON,Inactive,Deleted,
BURGERSQUARE-1,CSTE_O0094_OT_BurgerLunchBox,CSTE AMAZON,Inactive,Deleted,
30124570,CSTE_O0095_OT_DancingDog,Rudrav Meesho,In Progress,,
dcV1TKfJ,CSTE_O0095_OT_DancingDog,CSTE MEESHO,In Progress,,
FUSKED- BOBBLEHEAD DOG-WHITE-CAR AND HOME DECOR,CSTE_O0095_OT_DancingDog,CSTE FK,Active,,#REF!
23541268,CSTE_O0097_OT_WissToy,CSTE MEESHO,In Progress,,
DRUM-001,CSTE_O0097_OT_WissToy,CSTE AMAZON,Inactive,Deleted,
Papabig_car_toy_2,CSTE_O0098_OT_PigCarToy,GL FK,Active,Active Listing,#REF!
Papabig_car_toy_1,CSTE_O0098_OT_PigCarToy,GL FK,Active,Active Listing,#REF!
CAAAJU TOOTHBRUSH HOLDER DARK GREY,CSTE_O0099_OT_ToothBrushHolder_Grey,CSTE FK,Active,Active Listing,#REF!
Goku Red,CSTE_O0103_OT_GokuActionFigur,CSTE AMAZON,Inactive,Deleted,
Goku_Action_Figure,CSTE_O0103_OT_GokuActionFigur,GL FK,Active,Active Listing,#REF!
Caaju_hEART_Shape_Lamp,CSTE_O0104_OT_HeartTableLight,GL FK,Active,Active Listing,#REF!
CAAJU_Heart_Shape_Lamp,CSTE_O0104_OT_HeartTableLight,CSTE FK,Active,Active Listing,#REF!
Gp4GfdFf,CSTE_O0104_OT_HeartTableLight,Rudrav Meesho,Active,,#REF!
Balloons_Bossbaby,CSTE_O0106_OT_BalloonsSet,CSTE AMAZON,Active,Active Listing,#REF!
HelloKitty_GiftSet_fba,CSTE_O0107_OT_HelloKittySpoonSet,CSTE AMAZON,Inactive,Deleted,
Hello Kitty Spoon Chopstick Gift Set,CSTE_O0107_OT_HelloKittySpoonSet,CSTE FK,Active,Active Listing,#REF!
n0OSaFsS,CSTE_O0107_OT_HelloKittySpoonSet,CSTE MEESHO,Active,,#REF!
hellokitty_giftset,CSTE_O0107_OT_HelloKittySpoonSet,CSTE MEESHO,Active,,#REF!
KoyaKeychainMetal,CSTE_O0108_OT_KoyaKeychainMetal,Rudrav Meesho,In Progress,,
Koya_Keychain,CSTE_O0108_OT_KoyaKeychainMetal,GL FK,Active,Active Listing,#REF!
KC-METAL-KOYA,CSTE_O0108_OT_KoyaKeychainMetal,CSTE FK,Active,Active Listing,#REF!
KoyaKey_chainMetal,CSTE_O0108_OT_KoyaKeychainMetal,CSTE MEESHO,Active,,#REF!
BTS_keychainBT21cooky,CSTE_O0109_OT_CookyMetalKeychain,CSTE AMAZON,Inactive,Deleted,
KC-COOKY-METAL,CSTE_O0109_OT_CookyMetalKeychain,CSTE FK,Active,Active Listing,#REF!
chimmy bts key chain,CSTE_O0110_OT_ChimmyKeyChainMetal,CSTE AMAZON,Inactive,Deleted,
chopping_whiteboard,CSTE_O0110_OT_ChimmyKeyChainMetal,CSTE AMAZON,Inactive,Deleted,
Fusked-Chimmy-Metal KCH-01,CSTE_O0110_OT_ChimmyKeyChainMetal,GL FK,Active,Active Listing,#REF!
BTS_keychainBT21rj,CSTE_O0111_OT_RjKeycahinMetal,CSTE AMAZON,Inactive,Deleted,
ShookyKeychain_Metal,CSTE_O0112_OT_ShookyKeychainMetal,CSTE MEESHO,Active,,#REF!
ShookyKeychainMetal,CSTE_O0112_OT_ShookyKeychainMetal,Rudrav Meesho,Active,,#REF!
Mang bts key chain,CSTE_O0113_OT_MangKeychainMetal,CSTE AMAZON,Inactive,Deleted,
Mang_KeychainMetal,CSTE_O0113_OT_MangKeychainMetal,GL FK,Active,Active Listing,#REF!
KC-MANG-METAL,CSTE_O0113_OT_MangKeychainMetal,CSTE FK,Active,Active Listing,#REF!
Mang_KeychainMetal,CSTE_O0113_OT_MangKeychainMetal,CSTE MEESHO,Active,,#REF!
MangKeychainMetal.1,CSTE_O0113_OT_MangKeychainMetal,Rudrav Meesho,Active,,#REF!
BTS_keychainBT21tata,CSTE_O0114_OT_TataMetalKeychain,CSTE AMAZON,Inactive,Deleted,
Fusked-Tata-Metal-KCH-2,CSTE_O0114_OT_TataMetalKeychain,GL FK,Active,Active Listing,#REF!
KC-TATA-METAL,CSTE_O0114_OT_TataMetalKeychain,CSTE FK,Active,Active Listing,#REF!
VanMetal_Keychain,CSTE_O0115_OT_VanMetalKeychain,CSTE MEESHO,Active,,#REF!
VanMetalKeychain,CSTE_O0115_OT_VanMetalKeychain,Rudrav Meesho,Active,,#REF!
"Dolphin Gatling Bubble Gun, 10-Holes Electric Bubble Maker with 1 Bubble Solution, Summer Outdoor Activities",CSTE_O0120_OT_DolphinBubbleMachine,CSTE MEESHO,In Progress,,
DOLPHIN_BUBBLE_GUN_1,CSTE_O0120_OT_DolphinBubbleMachine,GL FK,Active,Active Listing,#REF!
Dolphine bubble shooter gun for kids,CSTE_O0120_OT_DolphinBubbleMachine,Rudrav Meesho,Active,,#REF!
21574365,CSTE_O0127_OT_DigitalWatch_Red,Rudrav Meesho,In Progress,,
23945876,CSTE_O0127_OT_DigitalWatch_Red,Rudrav Meesho,In Progress,,
45932678,CSTE_O0127_OT_DigitalWatch_Red,Rudrav Meesho,In Progress,,
CJ-SPIDERMAN Boy's & Girl's Watch RED AND BLUE,CSTE_O0127_OT_DigitalWatch_Red,CSTE FK,Active,Active Listing,#REF!
1F-XCQU-9DC0,CSTE_O0128_OT_DigitalWatch_Black,CSTE AMAZON,Inactive,Deleted,
CSTE_O0133_OT_UnoCards,CSTE_O0133_OT_UnoCards,GL FK,Active,Active Listing,#REF!
FC-BT21-MANG-1,CSTE_O0134_OT_BtsrMangKeychainRubber,Rudrav Meesho,In Progress,,
BTS_keychainBT21mang,CSTE_O0134_OT_BtsrMangKeychainRubber,CSTE AMAZON,Active,Active Listing,#REF!
mang_keychainv,CSTE_O0134_OT_BtsrMangKeychainRubber,GL FK,Active,Active Listing,#REF!
MANG_PVC_KEYCHAIN_4,CSTE_O0134_OT_BtsrMangKeychainRubber,GL FK,Active,Active Listing,#REF!
SZa-6VDW,CSTE_O0134_OT_BtsrMangKeychainRubber,Rudrav Meesho,In Progress,,
29q8zplJ,CSTE_O0135_OT_BtsTataKeychainRubber,Rudrav Meesho,In Progress,,
TATA_PVS KEYCHAIN_3,CSTE_O0135_OT_BtsTataKeychainRubber,GL FK,Active,Active Listing,#REF!
TATA_PVS KEYCHAIN_2,CSTE_O0135_OT_BtsTataKeychainRubber,GL FK,Active,Active Listing,#REF!
BTS_keychain_Tata,CSTE_O0135_OT_BtsTataKeychainRubber,CSTE FK,Active,Active Listing,#REF!
BWNbikOl,CSTE_O0136_OT_ BtsShookyKeychainRubber,Rudrav Meesho,In Progress,,
shooky bts key chain,CSTE_O0136_OT_ BtsShookyKeychainRubber,CSTE AMAZON,Inactive,Deleted,
BTS_keychainBT21shooky,CSTE_O0136_OT_ BtsShookyKeychainRubber,CSTE AMAZON,Active,Active Listing,#REF!
shooky_pvckeychainv,CSTE_O0136_OT_ BtsShookyKeychainRubber,GL FK,Active,Active Listing,#REF!
shooky_pvckeychain1,CSTE_O0136_OT_ BtsShookyKeychainRubber,GL FK,Active,Active Listing,#REF!
BTS_keychain_shooky,CSTE_O0136_OT_ BtsShookyKeychainRubber,CSTE FK,Active,Active Listing,#REF!
BN-1L82-YNM4,CSTE_O0137_OT_BtsVanKeychainRubber,CSTE AMAZON,Active,Active Listing,#REF!
BTS_keychainBT21van,CSTE_O0137_OT_BtsVanKeychainRubber,CSTE AMAZON,Active,Active Listing,#REF!
VHUBBKzf,CSTE_O0137_OT_BtsVanKeychainRubber,Rudrav Meesho,In Progress,,
45963215,CSTE_O0138_OT_BtsRjKeychainRubber,Rudrav Meesho,In Progress,,
BTS_21 RJ,CSTE_O0138_OT_BtsRjKeychainRubber,GL FK,Active,Active Listing,#REF!
RJ_PVC_KEYCHAIN_1,CSTE_O0138_OT_BtsRjKeychainRubber,GL FK,Active,Active Listing,#REF!
RJ_PVC_KEYCHAIN_2,CSTE_O0138_OT_BtsRjKeychainRubber,GL FK,Active,Active Listing,#REF!
BTS_keychain_Rj,CSTE_O0138_OT_BtsRjKeychainRubber,CSTE FK,Active,Active Listing,#REF!
KC-BT21-RJ-1,CSTE_O0138_OT_BtsRjKeychainRubber,CSTE FK,Active,Active Listing,#REF!
zPu0KqJn,CSTE_O0138_OT_BtsRjKeychainRubber,Rudrav Meesho,In Progress,,
BTS_BAG_KEYCHAIN,CSTE_O0143_OT_BtsBag_Browny,GL FK,Active,Active Listing,#REF!
CSTE144,CSTE_O0144_OT_PuppyBobbleHead_BrownSmall,CSTE MEESHO,In Progress,,
blu_kidscamera_fba,CSTE_O0146_OT_DigitalCamera_Blue,CSTE AMAZON,Inactive,Deleted,
cj-pink-camera,CSTE_O0146_OT_DigitalCamera_Blue,CSTE AMAZON,Inactive,Deleted,
5YDdAt7X,CSTE_O0148_OT_HarryPotterBobbleHead_Big,CSTE MEESHO,In Progress,,
drako_malfoy,CSTE_O0148_OT_HarryPotterBobbleHead_Big,GL FK,Active,Active Listing,#REF!
CSTE229,CSTE_O0150_OT_HappyBirthdayCandle,CSTE MEESHO,Active,,#REF!
Agate_Coaster_fba,CSTE_O0154_OT_TeaCoster,CSTE AMAZON,Active,Active Listing,#REF!
AGAIT_COSTER,CSTE_O0154_OT_TeaCoster,GL FK,Active,Active Listing,#REF!
Doremon_Giftset,CSTE_O0158_OT_DoraemonSpoonSet,CSTE MEESHO,In Progress,,
Doremon_GiftSet,CSTE_O0158_OT_DoraemonSpoonSet,CSTE AMAZON,Inactive,Deleted,
Rudrav_Doremon Spoon Chopstick Gift Set | Birthday Gift Set for Kids (Blue),CSTE_O0158_OT_DoraemonSpoonSet,Rudrav Meesho,In Progress,,
FILTER-TEA-BALL,CSTE_O0159_OT_FilterTeaBall,CSTE AMAZON,Inactive,Deleted,
CSTE_O0160_OT_SunglassesBoxLeather_Black,CSTE_O0160_OT_SunglassesBoxLeather_Black,CSTE MEESHO,In Progress,,
CSTE_O0160_OT_SunglassesBoxLeather_Black,CSTE_O0160_OT_SunglassesBoxLeather_Black,Rudrav Meesho,In Progress,,
32465180,CSTE_O0164_OT_CircleLunchBox,Rudrav Meesho,In Progress,,
CA-LUNCH-BL,CSTE_O0164_OT_CircleLunchBox,CSTE AMAZON,Inactive,Deleted,
CA-LUNCH-PK,CSTE_O0166_OT_LunchBox_PinkBig,CSTE AMAZON,Inactive,Deleted,
CSTE_O0167_OT_PlasticJewelleryStand,CSTE_O0167_OT_PlasticJewelleryStand,GL FK,Active,Active Listing,#REF!
beZa3SxN,CSTE_O0169_OT_AbcdMagnet,CSTE MEESHO,In Progress,,
Kids_MagneticABC,CSTE_O0169_OT_AbcdMagnet,CSTE AMAZON,Inactive,Deleted,
ABC_Mat,CSTE_O0169_OT_AbcdMagnet,CSTE AMAZON,Inactive,Deleted,
kids_toolset,CSTE_O0169_OT_AbcdMagnet,CSTE AMAZON,Inactive,Deleted,
MT-LULN-WQWV,CSTE_O0170_OT_DrunkGlass,CSTE AMAZON,Inactive,Deleted,
Rudrav_Drunken_Tower,CSTE_O0170_OT_DrunkGlass,GL FK,Active,Active Listing,#REF!
25647836,CSTE_O0179_OT_TransportWaterPack,Rudrav Meesho,In Progress,,
30213012,CSTE_O0180_OT_BtsFigureBoobleHead_Small,Rudrav Meesho,In Progress,,
Buble Head-Combo,CSTE_O0180_OT_BtsFigureBoobleHead_Small,CSTE AMAZON,Inactive,Deleted,
BTS BOOBLE HEAD012,CSTE_O0180_OT_BtsFigureBoobleHead_Small,CSTE FK,Active,Active Listing,#REF!
32025450,CSTE_O0181_OT_NarutoBobbbleHead_Small,Rudrav Meesho,In Progress,,
CSTE140,CSTE_O0181_OT_NarutoBobbbleHead_Small,CSTE MEESHO,In Progress,,
Action_Figure_Kakashi_fba,CSTE_O0181_OT_NarutoBobbbleHead_Small,CSTE AMAZON,Inactive,Deleted,
Action_Figure_Naruto_fba,CSTE_O0181_OT_NarutoBobbbleHead_Small,CSTE AMAZON,Inactive,Deleted,
Holder,CSTE_O0182_OT_CactusPenPot_White,CSTE AMAZON,Inactive,Deleted,
Flower Pot 3,CSTE_O0182_OT_CactusPenPot_White,CSTE AMAZON,Inactive,Deleted,
Flower_Pot|,CSTE_O0182_OT_CactusPenPot_White,CSTE AMAZON,Inactive,Deleted,
hearthands_fba,CSTE_O0182_OT_CactusPenPot_White,CSTE AMAZON,Inactive,Deleted,
Flower_Pot1,CSTE_O0182_OT_CactusPenPot_White,CSTE AMAZON,Inactive,Deleted,
CSTE_O0183_OT_GoldenCards,CSTE_O0183_OT_GoldenCards,CSTE MEESHO,Active,,#REF!
oxi_vap_combo_fba,CSTE_O0186_OT_OximeterTft,CSTE AMAZON,Inactive,Deleted,
oxygen_con2,CSTE_O0186_OT_OximeterTft,CSTE AMAZON,Inactive,Deleted,
oxygen_con5,CSTE_O0186_OT_OximeterTft,CSTE AMAZON,Inactive,Deleted,
map_concentrator,CSTE_O0186_OT_OximeterTft,CSTE AMAZON,Inactive,Deleted,
PulseOximeter_Fba,CSTE_O0186_OT_OximeterTft,CSTE AMAZON,Inactive,Deleted,
oxi-map5,CSTE_O0186_OT_OximeterTft,CSTE AMAZON,Inactive,Deleted,
oxi-map-fba4,CSTE_O0186_OT_OximeterTft,CSTE AMAZON,Inactive,Deleted,
oxi-map-fba1,CSTE_O0186_OT_OximeterTft,CSTE AMAZON,Inactive,Deleted,
oxygen_concentrator,CSTE_O0186_OT_OximeterTft,CSTE AMAZON,Inactive,Deleted,
map_conc_highrisk,CSTE_O0186_OT_OximeterTft,CSTE AMAZON,Inactive,Deleted,
Oximeter TFT,CSTE_O0186_OT_OximeterTft,CSTE FK,Active,Active Listing,#REF!
21457455,CSTE_O0187_OT_OximeterOled,CSTE MEESHO,In Progress,,
CJ-FINGERTIP OXIMETER WITH PULSE AND TFT DIGITAL DISPLAY,CSTE_O0187_OT_OximeterOled,CSTE FK,Active,Active Listing,#REF!
LED Display CJ-Fingertip Pulse Oximeter,CSTE_O0187_OT_OximeterOled,CSTE FK,Active,Active Listing,#REF!
OXYMETER Pulse Oximeter (Blue)_2,CSTE_O0187_OT_OximeterOled,CSTE FK,Active,Active Listing,#REF!
OXYMETER Pulse Oximeter (Blue)_1,CSTE_O0187_OT_OximeterOled,CSTE FK,Active,Active Listing,#REF!
20546001,CSTE_O0188_OT_RocketBubbleGum,Rudrav Meesho,In Progress,,
CSTE_O0188_OT_RocketBubbleGun,CSTE_O0188_OT_RocketBubbleGum,GL FK,Active,Active Listing,#REF!
1036418215_4,CSTE_O0189_OT_ChimmySlingBag_Small,CSTE MEESHO,In Progress,,
640584367_4,CSTE_O0189_OT_ChimmySlingBag_Small,CSTE MEESHO,In Progress,,
Bts_Chimmy_Bag,CSTE_O0189_OT_ChimmySlingBag_Small,CSTE MEESHO,In Progress,,
CSTE_O0190_OT_CookySlingBag_Small,CSTE_O0190_OT_CookySlingBag_Small,CSTE AMAZON,Active,Active Listing,#REF!
CA-COOKY-BAG,CSTE_O0190_OT_CookySlingBag_Small,GL FK,Active,Active Listing,#REF!
CSTE_O0191_OT_ShookySlingBag_Small,CSTE_O0191_OT_ShookySlingBag_Small,CSTE AMAZON,Active,Active Listing,#REF!
BTS_SOOKY_BAG,CSTE_O0191_OT_ShookySlingBag_Small,CSTE FK,Active,Active Listing,#REF!
ShookySlingBag_Small,CSTE_O0191_OT_ShookySlingBag_Small,CSTE MEESHO,Active,,#REF!
ShookySlingBag_Small,CSTE_O0191_OT_ShookySlingBag_Small,Rudrav Meesho,Active,,#REF!
CSTE_O0192_OT_TataSlingBag_Small,CSTE_O0192_OT_TataSlingBag_Small,CSTE AMAZON,Active,Active Listing,#REF!
Bts_Tata_Bag,CSTE_O0192_OT_TataSlingBag_Small,CSTE MEESHO,Active,,#REF!
752742591_7,CSTE_O0192_OT_TataSlingBag_Small,CSTE MEESHO,Active,,#REF!
1293763777_5,CSTE_O0193_OT_KoyaSlingBag_Small,CSTE MEESHO,In Progress,,
CSTE_O0193_OT_KoyaSlingBag_Small,CSTE_O0193_OT_KoyaSlingBag_Small,CSTE AMAZON,Active,Active Listing,#REF!
BTS_KOYA_BAG,CSTE_O0193_OT_KoyaSlingBag_Small,CSTE FK,Active,Active Listing,#REF!
Bts_Koya_Bag,CSTE_O0193_OT_KoyaSlingBag_Small,CSTE MEESHO,Active,,#REF!
CSTE_O0194_OT_MangSlingBag_Small,CSTE_O0194_OT_MangSlingBag_Small,CSTE AMAZON,Active,Active Listing,#REF!
CA-MANG-BAG,CSTE_O0194_OT_MangSlingBag_Small,GL FK,Active,Active Listing,#REF!
BTS_MANG_BAG,CSTE_O0194_OT_MangSlingBag_Small,CSTE FK,Active,Active Listing,#REF!
Bts_Mang_Bag,CSTE_O0194_OT_MangSlingBag_Small,CSTE MEESHO,Active,,#REF!
1321941710_6,CSTE_O0194_OT_MangSlingBag_Small,CSTE MEESHO,Active,,#REF!
CSTE274,CSTE_O0195_OT_CollageSlingBag_Green,CSTE MEESHO,In Progress,,
CSTE273,CSTE_O0196_OT_CollageSlingBag_Grey,CSTE MEESHO,In Progress,,
mang_pouch,CSTE_O0197_OT_ MangPencilPouch,GL FK,Active,Active Listing,#REF!
Rudrav_Mang BT21 BTS Character Soft Plush Stuffed Cute Pencil,CSTE_O0197_OT_ MangPencilPouch,GL FK,Active,Active Listing,#REF!
BTS_PENCILBOX_MANG,CSTE_O0197_OT_ MangPencilPouch,CSTE FK,Active,Active Listing,#REF!
Mang_Pencil_Pouch,CSTE_O0197_OT_ MangPencilPouch,CSTE FK,Active,Active Listing,#REF!
CA-MANG-POUCH,CSTE_O0197_OT_ MangPencilPouch,CSTE FK,Active,Active Listing,#REF!
Mang_Pencilbox,CSTE_O0197_OT_ MangPencilPouch,CSTE MEESHO,Active,,#REF!
CSTE_O0197_OT_ MangPencilPouch,CSTE_O0197_OT__MangPencilPouch,CSTE AMAZON,Active,Active Listing,#REF!
35641010,CSTE_O0201_OT_NightScope,Rudrav Meesho,In Progress,,
M5d2j_UM,CSTE_O0201_OT_NightScope,CSTE MEESHO,In Progress,,
Night_Scope,CSTE_O0201_OT_NightScope,CSTE AMAZON,Inactive,Deleted,
_RjPencilPouch,CSTE_O0202_OT_RjPencilPouch,Rudrav Meesho,In Progress,,
Pencil_Pouch(Rj),CSTE_O0202_OT_RjPencilPouch,CSTE AMAZON,Active,Active Listing,#REF!
RJ_Pouch,CSTE_O0202_OT_RjPencilPouch,GL FK,Active,Active Listing,#REF!
Rjpencil_pouch,CSTE_O0202_OT_RjPencilPouch,CSTE FK,Active,Active Listing,#REF!
Fuskete Pencil Case_(RJ) Pouch,CSTE_O0202_OT_RjPencilPouch,CSTE FK,Active,Active Listing,#REF!
RjPencilPouch,CSTE_O0202_OT_RjPencilPouch,CSTE MEESHO,In Progress,,
Rudav_BTS Character Soft Plush Stuffed Cute Pencil Case Pouch Pen Pouch,CSTE_O0202_OT_RjPencilPouch,Rudrav Meesho,In Progress,,
BabySla-582,CSTE_O0203_OT_BabySlapPad,CSTE AMAZON,Inactive,Deleted,
moneyheais_mb_fba,CSTE_O0204_OT_SealingMachine,CSTE AMAZON,Inactive,Deleted,
Mini-Sealing1,CSTE_O0204_OT_SealingMachine,CSTE AMAZON,Inactive,Deleted,
Kids_smartsticks,CSTE_O0205_OT_EducationalStickBuildingBox,CSTE AMAZON,Active,Active Listing,#REF!
CSTE_O0205_OT_EducationalStickBuildingBox,CSTE_O0205_OT_EducationalStickBuildingBox,GL FK,Active,Active Listing,#REF!
Building_Block,CSTE_O0206_OT_EducationalBuildingBox,CSTE MEESHO,In Progress,,
ED-BG-01,CSTE_O0206_OT_EducationalBuildingBox,Rudrav Meesho,In Progress,,
QE-2RF5-7J9A,CSTE_O0206_OT_EducationalBuildingBox,CSTE AMAZON,Inactive,Deleted,
building_blocksbrick,CSTE_O0206_OT_EducationalBuildingBox,CSTE AMAZON,Inactive,Deleted,
US-7W5S-YTBX,CSTE_O0206_OT_EducationalBuildingBox,CSTE AMAZON,Active,Active Listing,#REF!
06-2PLJ-PX2A,CSTE_O0207_OT_MagicWaterPenAndBook,CSTE AMAZON,Inactive,Deleted,
jerry bobblehead,CSTE_O0208_OT_JerryBobbleHead,GL FK,Active,Active Listing,#REF!
dD1yqggP,CSTE_O0211_OT_UnicornPhoneHolder,CSTE MEESHO,In Progress,,
f3i4vORx,CSTE_O0211_OT_UnicornPhoneHolder,CSTE MEESHO,In Progress,,
k-8IloN7,CSTE_O0211_OT_UnicornPhoneHolder,CSTE MEESHO,In Progress,,
Stand1,CSTE_O0211_OT_UnicornPhoneHolder,CSTE AMAZON,Inactive,Deleted,
Unicorn_PhoneHolder,CSTE_O0211_OT_UnicornPhoneHolder,CSTE AMAZON,Inactive,Deleted,
qXt-y5vM,CSTE_O0211_OT_UnicornPhoneHolder,CSTE MEESHO,In Progress,,
Squid_Keychain1_fba,CSTE_O0212_OT_SquidGameKeychain_Big,CSTE AMAZON,Inactive,Deleted,
Squidgame_POPIT_Keychain_fba,CSTE_O0212_OT_SquidGameKeychain_Big,CSTE AMAZON,Inactive,Deleted,
squidegame_PVS_keychain_2,CSTE_O0212_OT_SquidGameKeychain_Big,GL FK,Active,Active Listing,#REF!
squid_rectangle_red,CSTE_O0212_OT_SquidGameKeychain_Big,GL FK,Active,Active Listing,#REF!
SquidGameKeychain_Big,CSTE_O0212_OT_SquidGameKeychain_Big,CSTE FK,Active,Active Listing,#REF!
SquidGameKeychain,CSTE_O0212_OT_SquidGameKeychain_Big,Rudrav Meesho,In Progress,,
SquidGameKeychain_Big,CSTE_O0212_OT_SquidGameKeychain_Big,CSTE MEESHO,In Progress,,
$quid_Keychain,CSTE_O0213_OT_SquidGameKeychain_Small,CSTE AMAZON,Active,Active Listing,#REF!
Squid_Key_fba,CSTE_O0213_OT_SquidGameKeychain_Small,CSTE AMAZON,Active,Active Listing,#REF!
Squidgame_popit_Keychainpink_fba,CSTE_O0213_OT_SquidGameKeychain_Small,CSTE AMAZON,Active,Active Listing,#REF!
squid_triangle_pink,CSTE_O0213_OT_SquidGameKeychain_Small,GL FK,Active,Active Listing,#REF!
Squid Game Keyring,CSTE_O0213_OT_SquidGameKeychain_Small,CSTE FK,Active,Active Listing,#REF!
Hermoine_Keychain_fba,CSTE_O0214_OT_HayromiKeychain,CSTE AMAZON,Inactive,Deleted,
JN-YGU9-YLS7_fba,CSTE_O0216_OT_GuashaAndJadeRoler,CSTE AMAZON,Inactive,Deleted,
JADEROLLER_VG,CSTE_O0216_OT_GuashaAndJadeRoler,GL FK,Active,Active Listing,#REF!
Zade_Roler_2,CSTE_O0216_OT_GuashaAndJadeRoler,GL FK,Active,Active Listing,#REF!
Zade_Roler_1,CSTE_O0217_OT_JadeRoler,GL FK,Active,Active Listing,#REF!
EYELASHES_BLACK_GLUE,CSTE_O0218_OT_Eyelashes_BlackRed,CSTE MEESHO,Active,,#REF!
circle popit toy,CSTE_O0219_OT_CirclePopit,CSTE MEESHO,In Progress,,
Circle shape pop it toy,CSTE_O0219_OT_CirclePopit,CSTE FK,Active,Active Listing,#REF!
CSTE_O0220_OT_SquarePopit,CSTE_O0220_OT_SquarePopit,GL FK,Active,Active Listing,#REF!
popit toy,CSTE_O0220_OT_SquarePopit,CSTE MEESHO,In Progress,,
popit Octagon Rainbow,CSTE_O0221_OT_OctanglePopit,CSTE AMAZON,Inactive,Deleted,
combo_popit,CSTE_O0221_OT_OctanglePopit,GL FK,Active,Active Listing,#REF!
popit octagen,CSTE_O0221_OT_OctanglePopit,CSTE MEESHO,In Progress,,
heart shape popit toy,CSTE_O0222_OT_HeartPopit,CSTE MEESHO,In Progress,,
popstation,CSTE_O0222_OT_HeartPopit,CSTE AMAZON,Inactive,Deleted,
popit Heart+Octa,CSTE_O0222_OT_HeartPopit,CSTE AMAZON,Inactive,Deleted,
popit heart+round,CSTE_O0222_OT_HeartPopit,CSTE AMAZON,Inactive,Deleted,
popit octa+round,CSTE_O0222_OT_HeartPopit,CSTE AMAZON,Inactive,Deleted,
popit octa+square,CSTE_O0222_OT_HeartPopit,CSTE AMAZON,Inactive,Deleted,
popit round+square,CSTE_O0222_OT_HeartPopit,CSTE AMAZON,Inactive,Deleted,
popit Heart Multicolor,CSTE_O0222_OT_HeartPopit,CSTE AMAZON,Inactive,Deleted,
popit Round Rainbow,CSTE_O0222_OT_HeartPopit,CSTE AMAZON,Inactive,Deleted,
pop it toy,CSTE_O0222_OT_HeartPopit,CSTE FK,Active,Active Listing,#REF!
Eyelashes_Pink,CSTE_O0223_OT_Eyelashes_Pink,Rudrav Meesho,In Progress,,
Eye lashes pink,CSTE_O0223_OT_Eyelashes_Pink,CSTE AMAZON,Active,Active Listing,#REF!
Eyelashes_Pink,CSTE_O0223_OT_Eyelashes_Pink,GL FK,Active,Active Listing,#REF!
Eyelashes_Pink,CSTE_O0223_OT_Eyelashes_Pink,CSTE FK,Active,Active Listing,#REF!
Eyelash_Pink_Box,CSTE_O0223_OT_Eyelashes_Pink,CSTE MEESHO,Active,,#REF!
EYELASHES_PINK,CSTE_O0223_OT_Eyelashes_Pink,CSTE MEESHO,Active,,#REF!
EYE_LASHES_PINK,CSTE_O0223_OT_Eyelashes_Pink,CSTE MEESHO,Active,,#REF!
eye_lashes_,CSTE_O0224_OT_5dEyelashes,GL FK,Active,Active Listing,#REF!
eyelashes_5D,CSTE_O0224_OT_5dEyelashes,CSTE FK,Active,Active Listing,#REF!
EYELASHES_PACKOF5,CSTE_O0224_OT_5dEyelashes,CSTE MEESHO,Active,,#REF!
5dEyelashes,CSTE_O0224_OT_5dEyelashes,Rudrav Meesho,Active,,#REF!
CircleEyelashes,CSTE_O0225_OT_CircleEyelashes,Rudrav Meesho,In Progress,,
Eyelashes_circlelashes,CSTE_O0225_OT_CircleEyelashes,CSTE AMAZON,Active,Active Listing,#REF!
MINI LASH,CSTE_O0225_OT_CircleEyelashes,CSTE AMAZON,Active,Active Listing,#REF!
round_eyeLeshesh_P2,CSTE_O0225_OT_CircleEyelashes,GL FK,Active,Active Listing,#REF!
Circle_Eyelashes,CSTE_O0225_OT_CircleEyelashes,CSTE FK,Active,Active Listing,#REF!
eyelashes_circle,CSTE_O0225_OT_CircleEyelashes,CSTE MEESHO,Active,,#REF!
Eye lashes black,CSTE_O0226_OT_Eyelashes_Black,CSTE AMAZON,Active,Active Listing,#REF!
Eyelashes_Black,CSTE_O0226_OT_Eyelashes_Black,GL FK,Active,Active Listing,#REF!
Eyelashes_Black,CSTE_O0226_OT_Eyelashes_Black,CSTE FK,Active,Active Listing,#REF!
EYELASHESBLACKBOX,CSTE_O0226_OT_Eyelashes_Black,CSTE MEESHO,Active,,#REF!
Eyelashes_Black,CSTE_O0226_OT_Eyelashes_Black,Rudrav Meesho,Active,,#REF!
23015410,CSTE_O0228_OT_CarPen,Rudrav Meesho,In Progress,,
g0x_CZju,CSTE_O0228_OT_CarPen,Rudrav Meesho,In Progress,,
Car pen,CSTE_O0228_OT_CarPen,CSTE AMAZON,Inactive,Deleted,
GUASHA_WHITE,CSTE_O0229_OT_Guasha_White,CSTE MEESHO,In Progress,,
GUASHA_WHITE 1,CSTE_O0229_OT_Guasha_White,GL FK,Active,Active Listing,#REF!
GUASHA_WHITE2,CSTE_O0229_OT_Guasha_White,GL FK,Active,Active Listing,#REF!
GUASHA_WHITE,CSTE_O0229_OT_Guasha_White,GL FK,Active,Active Listing,#REF!
GUASHA_WHITE_3,CSTE_O0229_OT_Guasha_White,CSTE FK,Active,Active Listing,#REF!
GUASHA_WHITE 1,CSTE_O0229_OT_Guasha_White,CSTE FK,Active,Active Listing,#REF!
Gua_sha_Pink,CSTE_O0230_OT_Guasha_Pink,CSTE MEESHO,In Progress,,
GUASHA_PINK,CSTE_O0230_OT_Guasha_Pink,CSTE MEESHO,In Progress,,
GUASHA_PINK1,CSTE_O0230_OT_Guasha_Pink,GL FK,Active,Active Listing,#REF!
GUASHA_PINK_1,CSTE_O0230_OT_Guasha_Pink,CSTE FK,Active,Active Listing,#REF!
Gua_sha_Black,CSTE_O0231_OT_Guasha_Black,CSTE MEESHO,In Progress,,
GUASHA_BLACK,CSTE_O0231_OT_Guasha_Black,CSTE MEESHO,In Progress,,
Guasha Black-01,CSTE_O0231_OT_Guasha_Black,GL FK,Active,Active Listing,#REF!
GUASHA_BLACK,CSTE_O0231_OT_Guasha_Black,GL FK,Active,Active Listing,#REF!
GUASHA_BLACK_1,CSTE_O0231_OT_Guasha_Black,CSTE FK,Active,Active Listing,#REF!
Guasha Black,CSTE_O0231_OT_Guasha_Black,GL FK,Active,Active Listing,#REF!
Eye_Mask_White,CSTE_O0233_OT_MangEyeMask,CSTE AMAZON,Inactive,Deleted,
Happy Birthday (FOIL Balloons),CSTE_O0235_OT_HappyBitrhdayBalloon_Red,CSTE MEESHO,Active,,
happybirthdayballoon_red,CSTE_O0235_OT_HappyBitrhdayBalloon_Red,CSTE FK,Active,Active Listing,#REF!
757176048,CSTE_O0235_OT_HappyBitrhdayBalloon_Red,CSTE MEESHO,Active,,#REF!
HappyBitrhdayBalloon_Red,CSTE_O0235_OT_HappyBitrhdayBalloon_Red,Rudrav Meesho,Active,,#REF!
BALLOON,CSTE_O0236_OT_HappyBitrhdayBalloon_Golden,CSTE AMAZON,Active,Active Listing,#REF!
BALLOON _G,CSTE_O0236_OT_HappyBitrhdayBalloon_Golden,GL FK,Active,Active Listing,#REF!
happybirthdayballoon_golden,CSTE_O0236_OT_HappyBitrhdayBalloon_Golden,CSTE FK,Active,Active Listing,#REF!
CSTE_O0237_OT_HappyBitrhdayBalloon_Blue,CSTE_O0237_OT_HappyBitrhdayBalloon_Blue,GL FK,Active,Active Listing,#REF!
happybirthdayballoon_blue,CSTE_O0237_OT_HappyBitrhdayBalloon_Blue,CSTE FK,Active,Active Listing,#REF!
HappyBitrhdayBalloon_Blue,CSTE_O0237_OT_HappyBitrhdayBalloon_Blue,Rudrav Meesho,Active,,#REF!
BIRTHDAY Banner,CSTE_O0238_OT_HappyBitrhdayBalloon_Silver,GL FK,Active,Active Listing,#REF!
CSTE_O0238_OT_HappyBitrhdayBalloon_Silver,CSTE_O0238_OT_HappyBitrhdayBalloon_Silver,GL FK,Active,Active Listing,#REF!
HappyBitrhdayBalloon_Silver,CSTE_O0238_OT_HappyBitrhdayBalloon_Silver,Rudrav Meesho,Active,,#REF!
ANNIVERSARY,CSTE_O0239_OT_HappyBitrhdayBalloon_Golden,CSTE AMAZON,Inactive,Deleted,
happybirthday_balloon_gold,CSTE_O0239_OT_HappyBitrhdayBalloon_Golden,GL FK,Active,Active Listing,#REF!
_HappyBitrhdayBalloon_Golden,CSTE_O0239_OT_HappyBitrhdayBalloon_Golden,Rudrav Meesho,Active,,#REF!
happybirthdayballoon_pink,CSTE_O0241_OT_HappyBitrhdayBalloon_Pink,CSTE FK,Active,Active Listing,#REF!
Balloon_Pink,CSTE_O0241_OT_HappyBitrhdayBalloon_Pink,CSTE MEESHO,Active,,#REF!
HappyBitrhdayBalloon_Pink,CSTE_O0241_OT_HappyBitrhdayBalloon_Pink,Rudrav Meesho,Active,,#REF!
Anniversary_Golden,CSTE_O0242_OT_HappyAnniversary_Silver,CSTE MEESHO,Active,,
Happy_Anniversary_golden,CSTE_O0242_OT_HappyAnniversary_Silver,Rudrav Meesho,Active,,
HappyAnniversary_Silver,CSTE_O0242_OT_HappyAnniversary_Silver,CSTE MEESHO,Active,,
HappyAnniversary_Silver,CSTE_O0242_OT_HappyAnniversary_Silver,Rudrav Meesho,Active,,
CSTE_O0242_OT_HappyAnniversary_Silver,CSTE_O0242_OT_HappyAnniversary_Silver,GL FK,Active,Active Listing,#REF!
HappyAnniversary_Silver,CSTE_O0242_OT_HappyAnniversary_Silver,CSTE FK,Active,Active Listing,#REF!
Balloon_Babyboy,CSTE_O0247_OT_BabyBoyBalloon,CSTE AMAZON,Active,Active Listing,#REF!
Balloon_BabyShower,CSTE_O0248_OT_BabyShowerBalloon,CSTE AMAZON,Active,Active Listing,#REF!
CSTE_O0249_OT_UnicornBalloon,CSTE_O0249_OT_UnicornBalloon,GL FK,Active,Active Listing,#REF!
CSTE_O0252_OT_B+21Dairy,CSTE_O0252_OT_B+21Dairy,CSTE MEESHO,In Progress,,
CSTE_O0252_OT_B+21Dairy,CSTE_O0252_OT_B+21Dairy,Rudrav Meesho,In Progress,,
CSTE_O0252_OT_B+21Dairy,CSTE_O0252_OT_B+21Dairy,GL FK,Active,Active Listing,#REF!
CSTE_O0252_OT_B+21Dairy,CSTE_O0252_OT_B+21Dairy,CSTE FK,Active,Active Listing,#REF!
12568563,CSTE_O0253_OT_3dEraser,Rudrav Meesho,In Progress,,
CA-ERA-04,CSTE_O0253_OT_3dEraser,CSTE AMAZON,Inactive,Deleted,
CA-ERA-02,CSTE_O0253_OT_3dEraser,CSTE AMAZON,Inactive,Deleted,
CA-ERA-03,CSTE_O0253_OT_3dEraser,CSTE AMAZON,Active,Active Listing,#REF!
3D_ERASER,CSTE_O0253_OT_3dEraser,GL FK,Active,Active Listing,#REF!
CA-ERA-2,CSTE_O0253_OT_3dEraser,GL FK,Active,Active Listing,#REF!
3D_ERASER,CSTE_O0253_OT_3dEraser,CSTE FK,Active,Active Listing,#REF!
12547896,CSTE_O0253_OT_3dEraser,Rudrav Meesho,Active,,#REF!
23589657,CSTE_O0253_OT_3dEraser,Rudrav Meesho,Active,,#REF!
30144262,CSTE_O0253_OT_3dEraser,Rudrav Meesho,Active,,#REF!
Eraser Cube,CSTE_O0253_OT_3dEraser,Rudrav Meesho,Active,,#REF!
21845710,CSTE_O0256_OT_WoodenBox,CSTE MEESHO,In Progress,,
circle_rakhi_box,CSTE_O0256_OT_WoodenBox,CSTE AMAZON,Inactive,Deleted,
square_rakhi_box,CSTE_O0256_OT_WoodenBox,CSTE AMAZON,Inactive,Deleted,
1644333045_5,CSTE_O0257_OT_Slime_Pink,CSTE MEESHO,In Progress,,
1644333045_8,CSTE_O0257_OT_Slime_Pink,CSTE MEESHO,In Progress,,
1805661512_6,CSTE_O0258_OT_Slime_Yellow,CSTE MEESHO,In Progress,,
1805661512_9,CSTE_O0258_OT_Slime_Yellow,CSTE MEESHO,In Progress,,
1965124249_4,CSTE_O0258_OT_Slime_Yellow,CSTE MEESHO,In Progress,,
1965124249_7,CSTE_O0258_OT_Slime_Yellow,CSTE MEESHO,In Progress,,
CSTE132,CSTE_O0263_OT_GrootBobbleHead,CSTE MEESHO,In Progress,,
Stand Cum Flowerpot,CSTE_O0263_OT_GrootBobbleHead,CSTE AMAZON,Inactive,Deleted,
Flower Pot 4,CSTE_O0263_OT_GrootBobbleHead,CSTE AMAZON,Inactive,Deleted,
Baby Groott Pen-Stand Cum Flowerpot,CSTE_O0263_OT_GrootBobbleHead,CSTE AMAZON,Inactive,Deleted,
Groott Pen-Stand Cum Flowerpot,CSTE_O0263_OT_GrootBobbleHead,CSTE AMAZON,Inactive,Deleted,
Penstand_fba,CSTE_O0263_OT_GrootBobbleHead,CSTE AMAZON,Inactive,Deleted,
happyface_penstandgroot,CSTE_O0263_OT_GrootBobbleHead,CSTE AMAZON,Inactive,Deleted,
Groot_Flower,CSTE_O0263_OT_GrootBobbleHead,CSTE AMAZON,Inactive,Deleted,
fba_grootpenstand1,CSTE_O0263_OT_GrootBobbleHead,CSTE AMAZON,Inactive,Deleted,
hearthand_penstant_groot,CSTE_O0263_OT_GrootBobbleHead,CSTE AMAZON,Inactive,Deleted,
Flowerpot Cum Pen-Stand,CSTE_O0263_OT_GrootBobbleHead,CSTE AMAZON,Inactive,Deleted,
Groott Flowerpot Cum Pen-Stand,CSTE_O0263_OT_GrootBobbleHead,CSTE AMAZON,Inactive,Deleted,
penholdr_groot,CSTE_O0263_OT_GrootBobbleHead,CSTE AMAZON,Inactive,Deleted,
groot_fba,CSTE_O0263_OT_GrootBobbleHead,CSTE AMAZON,Inactive,Deleted,
groot_penstand_fba,CSTE_O0263_OT_GrootBobbleHead,CSTE AMAZON,Inactive,Deleted,
Fba_groot_penstad,CSTE_O0263_OT_GrootBobbleHead,CSTE AMAZON,Inactive,Deleted,
fba_pengroot_1,CSTE_O0263_OT_GrootBobbleHead,CSTE AMAZON,Inactive,Deleted,
groot_fba_1,CSTE_O0263_OT_GrootBobbleHead,CSTE AMAZON,Inactive,Deleted,
CSTE146,CSTE_O0265_OT_DoraemonBobbleHead,CSTE MEESHO,In Progress,,
CSTE147,CSTE_O0265_OT_DoraemonBobbleHead,CSTE MEESHO,In Progress,,
DORAEMON,CSTE_O0265_OT_DoraemonBobbleHead,CSTE AMAZON,Inactive,Deleted,
Money_HeistNEWMASK,CSTE_O0266_OT_MoneyHeistMask,CSTE AMAZON,Inactive,Deleted,
28-VZ8N-OA4A,CSTE_O0266_OT_MoneyHeistMask,CSTE AMAZON,Inactive,Deleted,
Mask_with_musicbox_combo,CSTE_O0266_OT_MoneyHeistMask,CSTE AMAZON,Inactive,Deleted,
XR-TERP-N9PE,CSTE_O0266_OT_MoneyHeistMask,CSTE AMAZON,Active,Active Listing,#REF!
C2-1DVJ-4N2F,CSTE_O0266_OT_MoneyHeistMask,CSTE AMAZON,Active,Active Listing,#REF!
moneyhiest_mask,CSTE_O0266_OT_MoneyHeistMask,CSTE MEESHO,Active,,#REF!
maskmoney_hiest,CSTE_O0266_OT_MoneyHeistMask,Rudrav Meesho,Active,,#REF!
R8-YB2K-LCI8,CSTE_O0268_OT_SquidGameSquareMask,CSTE AMAZON,Inactive,Deleted,
DZ-NQTZ-TS48,CSTE_O0268_OT_SquidGameSquareMask,CSTE AMAZON,Inactive,Deleted,
D_MASK_BOSS,CSTE_O0268_OT_SquidGameSquareMask,CSTE AMAZON,Inactive,Deleted,
SQUID-GIRL,CSTE_O0268_OT_SquidGameSquareMask,CSTE AMAZON,Inactive,Deleted,
SQUID-MAN,CSTE_O0268_OT_SquidGameSquareMask,CSTE AMAZON,Inactive,Deleted,
squidgames_allfour_mask,CSTE_O0268_OT_SquidGameSquareMask,GL FK,Active,Active Listing,#REF!
SquidGame_SquareMask,CSTE_O0268_OT_SquidGameSquareMask,CSTE FK,Active,Active Listing,#REF!
Squid Game Face Mask-Black,CSTE_O0268_OT_SquidGameSquareMask,CSTE MEESHO,In Progress,,
SquidGameSquareMask,CSTE_O0268_OT_SquidGameSquareMask,CSTE MEESHO,In Progress,,
SquidGameSquareMask,CSTE_O0268_OT_SquidGameSquareMask,Rudrav Meesho,In Progress,,
BTS_PEN_KOYA,CSTE_O0270_OT_MangPen,CSTE MEESHO,In Progress,,
BTS_PEN_MANG,CSTE_O0270_OT_MangPen,CSTE MEESHO,In Progress,,
BTS_PEN_VAN,CSTE_O0270_OT_MangPen,CSTE MEESHO,In Progress,,
KOya_Multipen,CSTE_O0270_OT_MangPen,CSTE AMAZON,Inactive,Deleted,
PEN_Combo,CSTE_O0270_OT_MangPen,CSTE AMAZON,Inactive,Deleted,
BTS_PEN_SHOOKY,CSTE_O0271_OT_ShookyPen,CSTE MEESHO,In Progress,,
3B-GIJ4-ICN8,CSTE_O0271_OT_ShookyPen,CSTE AMAZON,Inactive,Deleted,
68-ZGDY-URDU,CSTE_O0271_OT_ShookyPen,CSTE AMAZON,Inactive,Deleted,
Shooky_Multi_Pen,CSTE_O0271_OT_ShookyPen,CSTE AMAZON,Inactive,Deleted,
VAN_Multipen_color,CSTE_O0271_OT_ShookyPen,CSTE AMAZON,Inactive,Deleted,
21-KS63-Q1QL,CSTE_O0271_OT_ShookyPen,CSTE AMAZON,Inactive,Deleted,
MANG_Multi_Pen,CSTE_O0271_OT_ShookyPen,CSTE AMAZON,Inactive,Deleted,
SHOOKY BALL PEN -1_IN_10,CSTE_O0271_OT_ShookyPen,GL FK,Active,Active Listing,#REF!
CSTE_O0272_OT_ParisDiary,CSTE_O0272_OT_ParisDiary,CSTE MEESHO,Active,,#REF!
CSTE_O0272_OT_ParisDiary,CSTE_O0272_OT_ParisDiary,CSTE FK,Active,Active Listing,#REF!
CSTE_O0272_OT_ParisDiary,CSTE_O0272_OT_ParisDiary,Rudrav Meesho,Active,,#REF!
METAL UNICORN BAG,CSTE_O0273_OT_MetalUnicornBag,GL FK,Active,Active Listing,#REF!
FZ-WPSJ-SZ48,CSTE_O0275_OT_MetalNaruto,CSTE AMAZON,Inactive,Deleted,
3dEraser,CSTE_O0276_OT_3DEraser,CSTE MEESHO,In Progress,,
3dEraser,CSTE_O0276_OT_3DEraser,Rudrav Meesho,In Progress,,
CA-ERA-1,CSTE_O0276_OT_3DEraser,GL FK,Active,Active Listing,#REF!
CA-ER-2,CSTE_O0276_OT_3DEraser,GL FK,Active,Active Listing,#REF!
caaju Pink & White Printed CeMERA MUG WITH SPOON,CSTE_O0277_OT_CameraCup,CSTE FK,Active,Active Listing,#REF!
35412010,CSTE_O0278_OT_AlarmWatch_Blue,Rudrav Meesho,In Progress,,
CP-S0K7-FYJ1,CSTE_O0278_OT_AlarmWatch_Blue,CSTE AMAZON,Inactive,Deleted,
CLOCKPINK-1,CSTE_O0278_OT_AlarmWatch_Blue,CSTE AMAZON,Inactive,Deleted,
CAAJU-UNICORN CLOCK-PENSTAND-PINK,CSTE_O0278_OT_AlarmWatch_Blue,CSTE FK,Active,Active Listing,#REF!
25411486,CSTE_O0279_OT_ChotaBheemPiano,CSTE MEESHO,In Progress,,
32845665,CSTE_O0279_OT_ChotaBheemPiano,Rudrav Meesho,In Progress,,
RJ_CORRECTIONS_TAP,CSTE_O0284_OT_RjCartoonCorrectionTape,GL FK,Active,Active Listing,#REF!
RJ_PEN 1_IN_10,CSTE_O0287_OT_RjPen,GL FK,Active,Active Listing,#REF!
JO-RP04-PI5O,CSTE_O0290_OT_BtsKeychain,CSTE AMAZON,Inactive,Deleted,
BTS_keychainBT21chimmy,CSTE_O0290_OT_BtsKeychain,CSTE AMAZON,Inactive,Deleted,
BTS_Keychain_fba,CSTE_O0290_OT_BtsKeychain,CSTE AMAZON,Inactive,Deleted,
btsallchre_metalkeychainv,CSTE_O0290_OT_BtsKeychain,GL FK,Active,Active Listing,#REF!
ALLCARECATERS_METALKEYCHAIN,CSTE_O0290_OT_BtsKeychain,GL FK,Active,Active Listing,#REF!
Water_sensor_diya,CSTE_O0291_OT_HeartLight_White,CSTE AMAZON,Inactive,Deleted,
FN-LIGHTS-PK,CSTE_O0291_OT_HeartLight_White,Rudrav Meesho,Active,,#REF!
FN-LIGHTS-WH,CSTE_O0291_OT_HeartLight_White,Rudrav Meesho,Active,,#REF!
CSTE143,CSTE_O0293_OT_PuppyBobbleHead,CSTE MEESHO,Active,,#REF!
Star Led Light-16,CSTE_O0294_OT_StarLight,CSTE AMAZON,Inactive,Deleted,
OT_StarLight,CSTE_O0294_OT_StarLight,CSTE AMAZON,Active,Active Listing,#REF!
star_light,CSTE_O0294_OT_StarLight,GL FK,Active,Active Listing,#REF!
starlight_map2,CSTE_O0294_OT_StarLight,GL FK,Active,Active Listing,#REF!
Light_star_map,CSTE_O0294_OT_StarLight,GL FK,Active,Active Listing,#REF!
STAR_LIGHTV,CSTE_O0294_OT_StarLight,GL FK,Active,Active Listing,#REF!
star_light1,CSTE_O0294_OT_StarLight,GL FK,Active,Active Listing,#REF!
star_light_map1,CSTE_O0294_OT_StarLight,GL FK,Active,Active Listing,#REF!
star_light_map,CSTE_O0294_OT_StarLight,GL FK,Active,Active Listing,#REF!
lightstar_map,CSTE_O0294_OT_StarLight,GL FK,Active,Active Listing,#REF!
starlight_map,CSTE_O0294_OT_StarLight,GL FK,Active,Active Listing,#REF!
star_light,CSTE_O0294_OT_StarLight,CSTE MEESHO,In Progress,,
starlight_decoration,CSTE_O0294_OT_StarLight,Rudrav Meesho,In Progress,,
MARQUEE HEART LIGHT_V,CSTE_O0295_OT_HeartLight,GL FK,Active,Active Listing,#REF!
MARQUEE LIGHT_HEART V,CSTE_O0295_OT_HeartLight,GL FK,Active,Active Listing,#REF!
diyalight_led,CSTE_O0296_OT_DiyaLight,Rudrav Meesho,In Progress,,
OT_DiyaLight,CSTE_O0296_OT_DiyaLight,CSTE AMAZON,Active,Active Listing,#REF!
Diyalight_map,CSTE_O0296_OT_DiyaLight,GL FK,Active,Active Listing,#REF!
Diyalight_map3,CSTE_O0296_OT_DiyaLight,GL FK,Active,Active Listing,#REF!
diyalight_map,CSTE_O0296_OT_DiyaLight,GL FK,Active,Active Listing,#REF!
ay diya LED,CSTE_O0296_OT_DiyaLight,CSTE FK,Active,Active Listing,#REF!
diya_light,CSTE_O0296_OT_DiyaLight,CSTE MEESHO,Active,,#REF!
Light1212,CSTE_O0296_OT_DiyaLight,CSTE MEESHO,Active,,#REF!
DIYALIGHT_MAP2,CSTE_O0296_OT_DiyaLight,GL FK,Active,Active Listing,#REF!
DIWAL_HAMPERI,CSTE_O0297_OT_SweetBox,CSTE FK,Active,Active Listing,#REF!
cr637Ad1,CSTE_O0298_OT_CoinPouch,CSTE MEESHO,Active,,#REF!
jd8659le,CSTE_O0298_OT_CoinPouch,CSTE MEESHO,Active,,#REF!
Rudrav_Mini Headphone Pouch Round Shape (Random Print),CSTE_O0298_OT_CoinPouch,Rudrav Meesho,In Progress,,
32123650,CSTE_O0299_OT_SomnyMug,CSTE MEESHO,In Progress,,
32487561,CSTE_O0299_OT_SomnyMug,Rudrav Meesho,In Progress,,
Ceramic Mug_Green,CSTE_O0299_OT_SomnyMug,CSTE MEESHO,In Progress,,
ceramic_mug,CSTE_O0299_OT_SomnyMug,CSTE MEESHO,In Progress,,
Ceramic_Mug_fba,CSTE_O0299_OT_SomnyMug,CSTE AMAZON,Inactive,Deleted,
VG-S31X-ZJY0,CSTE_O0300_OT_FlyingBox,CSTE AMAZON,Inactive,Deleted,
CMB_DONUT_DESIGN_ORANGE,CSTE_O0301_OT_DonutMug,CSTE MEESHO,In Progress,,
DonutMug,CSTE_O0301_OT_DonutMug,CSTE MEESHO,In Progress,,
DonutMug,CSTE_O0301_OT_DonutMug,Rudrav Meesho,In Progress,,
cat_mugfba,CSTE_O0301_OT_DonutMug,CSTE AMAZON,Inactive,Deleted,
fba_foxmug,CSTE_O0301_OT_DonutMug,CSTE AMAZON,Inactive,Deleted,
fba_juice_mug_red&black,CSTE_O0301_OT_DonutMug,CSTE AMAZON,Inactive,Deleted,
mermaid_mug_fba,CSTE_O0301_OT_DonutMug,CSTE AMAZON,Inactive,Deleted,
panda_mug_fba,CSTE_O0301_OT_DonutMug,CSTE AMAZON,Inactive,Deleted,
fba_unicorn_withspoon,CSTE_O0301_OT_DonutMug,CSTE AMAZON,Inactive,Deleted,
pikachu_mug_fba,CSTE_O0301_OT_DonutMug,CSTE AMAZON,Inactive,Deleted,
DONUTMUG,CSTE_O0301_OT_DonutMug,CSTE AMAZON,Inactive,Deleted,
DONUT MUG_BR,CSTE_O0301_OT_DonutMug,GL FK,Active,Active Listing,#REF!
donut,CSTE_O0301_OT_DonutMug,CSTE FK,Active,Active Listing,#REF!
cj-3D Ceramic Donut Mug Coffee Tea Mug,CSTE_O0301_OT_DonutMug,CSTE FK,Active,Active Listing,#REF!
FUSKED - DONUT MUG- BROWN,CSTE_O0301_OT_DonutMug,CSTE FK,Active,Active Listing,#REF!
CJ_DONUT_CRMC_MUG_WHT,CSTE_O0301_OT_DonutMug,CSTE FK,Active,Active Listing,#REF!
cj-donut-mug,CSTE_O0301_OT_DonutMug,CSTE FK,Active,Active Listing,#REF!
DONUT _MUGBR,CSTE_O0301_OT_DonutMug,GL FK,Active,Active Listing,#REF!
cj-panda-mug,CSTE_O0303_OT_PandaMug,CSTE FK,Active,Active Listing,#REF!
32847570,CSTE_O0304_OT_SomnyMilkMug,Rudrav Meesho,Active,,#REF!
horn_unicorn_mug_fba,CSTE_O0305_OT_UnicornMug,CSTE AMAZON,Inactive,Deleted,
fba_juicemug_black&white,CSTE_O0305_OT_UnicornMug,CSTE AMAZON,Inactive,Deleted,
unicorn eye_mug,CSTE_O0305_OT_UnicornMug,GL FK,Active,Active Listing,#REF!
UNICORN_MUG_V1,CSTE_O0305_OT_UnicornMug,GL FK,Active,Active Listing,#REF!
3D_UNICORN_MUG WHITE,CSTE_O0305_OT_UnicornMug,CSTE FK,Active,Active Listing,#REF!
CJ-Unicorn Cup Gold Horn Tea Cup Ceramic Coffee Mug (300 ml),CSTE_O0305_OT_UnicornMug,CSTE FK,Active,Active Listing,#REF!
cj-unicorn-diaryP,CSTE_O0306_OT_UnicornPlantableDiary_Pink,CSTE AMAZON,Active,Active Listing,#REF!
fba_plntabl_diary_pncl2,CSTE_O0306_OT_UnicornPlantableDiary_Pink,CSTE AMAZON,Active,Active Listing,#REF!
Uniorn_Pink_DairyWith_Plat_Pencil,CSTE_O0306_OT_UnicornPlantableDiary_Pink,GL FK,Active,Active Listing,#REF!
Uniorn_Pink_Dairy,CSTE_O0306_OT_UnicornPlantableDiary_Pink,CSTE MEESHO,Active,,#REF!
Unicorn_Pink_dairy,CSTE_O0306_OT_UnicornPlantableDiary_Pink,Rudrav Meesho,Active,,#REF!
cj-unicorn-diaryB,CSTE_O0307_OT_UnicornPlantableDiary_Black,CSTE AMAZON,Active,Active Listing,#REF!
Fba_plntble_diary_pncl1,CSTE_O0307_OT_UnicornPlantableDiary_Black,CSTE AMAZON,Active,Active Listing,#REF!
UnicornPlantable _Diary_Black,CSTE_O0307_OT_UnicornPlantableDiary_Black,GL FK,Active,Active Listing,#REF!
Black_Feeling_Dalry,CSTE_O0307_OT_UnicornPlantableDiary_Black,GL FK,Active,Active Listing,#REF!
UnicornPlantableDiary_Black,CSTE_O0307_OT_UnicornPlantableDiary_Black,CSTE FK,Active,Active Listing,#REF!
Black_CuteFeeling_Dairy,CSTE_O0307_OT_UnicornPlantableDiary_Black,CSTE MEESHO,Active,,#REF!
Unicorn_Plantablediary_Black,CSTE_O0307_OT_UnicornPlantableDiary_Black,CSTE MEESHO,Active,,#REF!
Unicorn Plantable Diary-Black,CSTE_O0307_OT_UnicornPlantableDiary_Black,CSTE MEESHO,Active,,#REF!
Black_CuteFeeling_Dairy,CSTE_O0307_OT_UnicornPlantableDiary_Black,Rudrav Meesho,Active,,#REF!
CSTE_O0308_OT_SatoshiPlantableDiary_Black,CSTE_O0308_OT_SatoshiPlantableDiary_Black,CSTE MEESHO,Active,,
CSTE_O0308_OT_SatoshiPlantableDiary_Black,CSTE_O0308_OT_SatoshiPlantableDiary_Black,Rudrav Meesho,Active,,
CSTE_O0308_OT_SatoshiPlantableDiary_Black,CSTE_O0308_OT_SatoshiPlantableDiary_Black,GL FK,Active,Active Listing,#REF!
CSTE_O0308_OT_SatoshiPlantableDiary_Black,CSTE_O0308_OT_SatoshiPlantableDiary_Black,CSTE FK,Active,Active Listing,#REF!
CSTE157,CSTE_O0310_OT_NeonLight,CSTE MEESHO,In Progress,,
CSTE158,CSTE_O0310_OT_NeonLight,CSTE MEESHO,In Progress,,
CSTE401,CSTE_O0310_OT_NeonLight,CSTE MEESHO,In Progress,,
neon_light_red,CSTE_O0310_OT_NeonLight,GL FK,Active,Active Listing,#REF!
f_loveled_pink_map,CSTE_O0310_OT_NeonLight,CSTE FK,Active,Active Listing,#REF!
neonlight_map,CSTE_O0310_OT_NeonLight,CSTE FK,Active,Active Listing,#REF!
neon_light_map,CSTE_O0310_OT_NeonLight,CSTE FK,Active,Active Listing,#REF!
neon_light,CSTE_O0310_OT_NeonLight,CSTE FK,Active,Active Listing,#REF!
neon_light_map2,CSTE_O0310_OT_NeonLight,CSTE FK,Active,Active Listing,#REF!
Love_light_multicolour,CSTE_O0310_OT_NeonLight,GL FK,Active,Active Listing,#REF!
ganeshji_gold_fba,CSTE_O0311_OT_SolarGanesha_Gold,CSTE AMAZON,Inactive,Deleted,
goldenganeshaHome,CSTE_O0311_OT_SolarGanesha_Gold,CSTE AMAZON,Active,Active Listing,#REF!
Caju-Nit-GANESH_V-1,CSTE_O0311_OT_SolarGanesha_Gold,CSTE AMAZON,Active,Active Listing,#REF!
goldenganesha,CSTE_O0311_OT_SolarGanesha_Gold,CSTE AMAZON,Active,Active Listing,#REF!
SolarGanesha_big_map,CSTE_O0311_OT_SolarGanesha_Gold,GL FK,Active,Active Listing,#REF!
ganesha for car,CSTE_O0311_OT_SolarGanesha_Gold,CSTE FK,Active,Active Listing,#REF!
SOLAR_GANESHA_BIG GOLD,CSTE_O0311_OT_SolarGanesha_Gold,CSTE FK,Active,Active Listing,#REF!
ay golden ganesh ji + candel,CSTE_O0311_OT_SolarGanesha_Gold,CSTE FK,Active,Active Listing,#REF!
SolarGanesha_big_map2,CSTE_O0311_OT_SolarGanesha_Gold,GL FK,Active,Active Listing,#REF!
ganeshjifba,CSTE_O0312_OT_SolarGaneshaSkin_Small,CSTE AMAZON,Active,Active Listing,#REF!
ay skin gnsh ji + Candel,CSTE_O0312_OT_SolarGaneshaSkin_Small,CSTE AMAZON,Active,Active Listing,#REF!
solarganeshaWalldecor,CSTE_O0312_OT_SolarGaneshaSkin_Small,CSTE AMAZON,Active,Active Listing,#REF!
Caju-Nit-GANESH_V-2,CSTE_O0312_OT_SolarGaneshaSkin_Small,CSTE AMAZON,Active,Active Listing,#REF!
Solar_ganesha_Map,CSTE_O0312_OT_SolarGaneshaSkin_Small,CSTE AMAZON,Active,Active Listing,#REF!
ganesha_showpiece,CSTE_O0312_OT_SolarGaneshaSkin_Small,GL FK,Active,Active Listing,#REF!
SOLAR GANESHA_SMALL2,CSTE_O0312_OT_SolarGaneshaSkin_Small,GL FK,Active,Active Listing,#REF!
solarganesha_small_map,CSTE_O0312_OT_SolarGaneshaSkin_Small,GL FK,Active,Active Listing,#REF!
solarganesha_small_map3,CSTE_O0312_OT_SolarGaneshaSkin_Small,GL FK,Active,Active Listing,#REF!
SOLAR GANESHA_SMALL,CSTE_O0312_OT_SolarGaneshaSkin_Small,GL FK,Active,Active Listing,#REF!
solarganesha_small_map2,CSTE_O0312_OT_SolarGaneshaSkin_Small,GL FK,Active,Active Listing,#REF!
GANESHASOLAR,CSTE_O0312_OT_SolarGaneshaSkin_Small,CSTE FK,Active,Active Listing,#REF!
ay skin ganesh ji + candel,CSTE_O0312_OT_SolarGaneshaSkin_Small,CSTE FK,Active,Active Listing,#REF!
SOLAR GANESHA_SMALL4,CSTE_O0312_OT_SolarGaneshaSkin_Small,GL FK,Active,Active Listing,#REF!
solar_gamesha_map,CSTE_O0312_OT_SolarGaneshaSkin_Small,GL FK,Active,Active Listing,#REF!
SOLAR GANESHA_SMALL3,CSTE_O0312_OT_SolarGaneshaSkin_Small,GL FK,Active,Active Listing,#REF!
"Solar Ganesha Statue for Car, Home and Office | Ganpati Bappa | Solar Lord Ganesh ji Moving Hands with Free Lamp Keychain",CSTE_O0312_OT_SolarGaneshaSkin_Small,Rudrav Meesho,Active,,
SolarGaneshaSkin_Small,CSTE_O0312_OT_SolarGaneshaSkin_Small,CSTE MEESHO,Active,,
329055524,CSTE_O0313_OT_GaneshaSolarSkin_Big,Rudrav Meesho,Active,,
GaneshaSolarSkin_Big,CSTE_O0313_OT_GaneshaSolarSkin_Big,CSTE MEESHO,Active,,
SolarGanesha_big,CSTE_O0313_OT_GaneshaSolarSkin_Big,CSTE FK,Active,Active Listing,#REF!
butterfly_mask,CSTE_O0314_OT_Butterflymask_Black,Rudrav Meesho,In Progress,,
butterfly_mask2,CSTE_O0314_OT_Butterflymask_Black,CSTE MEESHO,In Progress,,
Birthday Mask-Multi colour,CSTE_O0314_OT_Butterflymask_Black,CSTE AMAZON,Active,Active Listing,#REF!
Fusked Party Mask-Multicolour,CSTE_O0314_OT_Butterflymask_Black,CSTE AMAZON,Active,Active Listing,#REF!
party_mask,CSTE_O0314_OT_Butterflymask_Black,GL FK,Active,Active Listing,#REF!
Fusked Party Mask-Multicolour,CSTE_O0314_OT_Butterflymask_Black,GL FK,Active,Active Listing,#REF!
party_mask,CSTE_O0314_OT_Butterflymask_Black,Rudrav Meesho,In Progress,,
party_mask2,CSTE_O0314_OT_Butterflymask_Black,CSTE MEESHO,In Progress,,
CSTE_O0315_OT_appelwatch_Black,CSTE_O0315_OT_appelwatch_Black,CSTE AMAZON,Inactive,Deleted,
applewatchblack,CSTE_O0315_OT_appelwatch_Black,GL FK,Active,Active Listing,#REF!
applewatchblack,CSTE_O0315_OT_appelwatch_Black,CSTE MEESHO,Active,,#REF!
APPLE LED WATCH,CSTE_O0315_OT_appelwatch_Black,CSTE FK,Active,Active Listing,#REF!
applewatch_black,CSTE_O0315_OT_appelwatch_Black,Rudrav Meesho,Active,,#REF!
CSTE_O0316_OT_Squrewatch_Pink,CSTE_O0316_OT_Squrewatch_Pink,CSTE AMAZON,Inactive,Deleted,
Square_Pink,CSTE_O0316_OT_Squrewatch_Pink,Rudrav Meesho,In Progress,,
square_watch_pink,CSTE_O0316_OT_Squrewatch_Pink,CSTE MEESHO,In Progress,,
square_watch_pink,CSTE_O0316_OT_Squrewatch_Pink,Rudrav Meesho,In Progress,,
circle_watch_pink,CSTE_O0317_OT_Circlewatch_Pink,Rudrav Meesho,In Progress,,
CSTE_O0317_OT_Circlewatch_Pink,CSTE_O0317_OT_Circlewatch_Pink,CSTE AMAZON,Inactive,Deleted,
pinksiliconcircle,CSTE_O0317_OT_Circlewatch_Pink,GL FK,Active,Active Listing,#REF!
circle_watch_pink02,CSTE_O0317_OT_Circlewatch_Pink,CSTE FK,Active,Active Listing,#REF!
pinksliconcircle,CSTE_O0317_OT_Circlewatch_Pink,CSTE MEESHO,In Progress,,
blackcirclewatch,CSTE_O0318_OT_circlewatch_Black,CSTE MEESHO,In Progress,,
circle_watch_black,CSTE_O0318_OT_circlewatch_Black,Rudrav Meesho,In Progress,,
greycirclewatch,CSTE_O0318_OT_circlewatch_Black,Rudrav Meesho,In Progress,,
CSTE_O0318_OT_circlewatch_Black,CSTE_O0318_OT_circlewatch_Black,CSTE AMAZON,Inactive,Deleted,
blackcirlce watch,CSTE_O0318_OT_circlewatch_Black,GL FK,Active,Active Listing,#REF!
black_circlewatch,CSTE_O0318_OT_circlewatch_Black,CSTE FK,Active,Active Listing,#REF!
greycirclewatch,CSTE_O0318_OT_circlewatch_Black,CSTE MEESHO,Active,,#REF!
clothwatch_multicolour,CSTE_O0319_OT_Clotheswatch_Multicolor,CSTE MEESHO,In Progress,,
clothwatch_multicolour01,CSTE_O0319_OT_Clotheswatch_Multicolor,Rudrav Meesho,In Progress,,
CSTE_O0319_OT_Clotheswatch_Multicolor,CSTE_O0319_OT_Clotheswatch_Multicolor,CSTE AMAZON,Inactive,Deleted,
watch cloth3,CSTE_O0319_OT_Clotheswatch_Multicolor,GL FK,Active,Active Listing,#REF!
clothwatch_multicolour,CSTE_O0319_OT_Clotheswatch_Multicolor,CSTE FK,Active,Active Listing,#REF!
UF-6BX0-HLBS,CSTE_O0320_OT_Square Watch_Black,CSTE AMAZON,Inactive,Deleted,
black_square_watch2,CSTE_O0320_OT_Square Watch_Black,CSTE MEESHO,Active,,#REF!
square_watch_black,CSTE_O0320_OT_Square Watch_Black,CSTE MEESHO,Active,,#REF!
square_black_watch_2,CSTE_O0320_OT_Square Watch_Black,Rudrav Meesho,Active,,#REF!
square_watch_black,CSTE_O0320_OT_Square Watch_Black,Rudrav Meesho,In Progress,,
CSTE_O0321_OT_Square watches_Grey,CSTE_O0321_OT_Square watches_Grey,CSTE AMAZON,Inactive,Deleted,
greycirclewatch,CSTE_O0321_OT_Square watches_Grey,GL FK,Active,Active Listing,#REF!
greycirclewatch,CSTE_O0321_OT_Square watches_Grey,CSTE FK,Active,Active Listing,#REF!
silverwatchsqure,CSTE_O0321_OT_Square watches_Grey,GL FK,Active,Active Listing,#REF!
squarewatch_grey,CSTE_O0321_OT_Square watches_Grey,CSTE FK,Active,Active Listing,#REF!
silverwatchsqure,CSTE_O0321_OT_Square watches_Grey,CSTE MEESHO,In Progress,,
square_watch_grey,CSTE_O0321_OT_Square watches_Grey,Rudrav Meesho,In Progress,,
golfOutfit_doll_1fba,CSTE_O0324_OT_Doll_White,CSTE AMAZON,Inactive,Deleted,
Dollwith_green_glasses_1fba,CSTE_O0324_OT_Doll_White,CSTE AMAZON,Inactive,Deleted,
Green_orangeoutfit_doll_1fab,CSTE_O0324_OT_Doll_White,CSTE AMAZON,Inactive,Deleted,
twins_Red_Dress_Doll_1fba,CSTE_O0324_OT_Doll_White,CSTE AMAZON,Inactive,Deleted,
doll_orange_green,CSTE_O0324_OT_Doll_White,GL FK,Active,Active Listing,#REF!
ST-Pikachu-Pink-FBA,CSTE_O0325_OT_Pikachu_,CSTE AMAZON,Inactive,Deleted,
FK-Pokemon Pikachu in Dress Soft Stuffed toy,CSTE_O0325_OT_Pikachu_,CSTE FK,Active,Active Listing,#REF!
CSTE390,CSTE_O0325_OT_Pikachu_,CSTE MEESHO,Active,,#REF!
CSTE389,CSTE_O0325_OT_Pikachu_,CSTE MEESHO,Active,,#REF!
1921942272,CSTE_O0334_OT_ChimmyPencilPouch_,CSTE MEESHO,Active,,
Bts Chimmy Pencil Case,CSTE_O0334_OT_ChimmyPencilPouch_,CSTE MEESHO,Active,,
Chimmy_Pouch,CSTE_O0334_OT_ChimmyPencilPouch_,Rudrav Meesho,Active,,
CSTE_O0334_OT_ChimmyPencilPouch_,CSTE_O0334_OT_ChimmyPencilPouch_,CSTE AMAZON,Active,Active Listing,#REF!
CA-CHIMMY-POUCH,CSTE_O0334_OT_ChimmyPencilPouch_,CSTE FK,Active,Active Listing,#REF!
peppa pig _family,CSTE_O0335_OT_PepapigFamily_,GL FK,Active,Active Listing,#REF!
33212330,CSTE_O0335_OT_PepapigFamily_,CSTE MEESHO,Active,,#REF!
Fxmzs8LU,CSTE_O0335_OT_PepapigFamily_,CSTE MEESHO,Active,,#REF!
36541259,CSTE_O0335_OT_PepapigFamily_,Rudrav Meesho,Active,,#REF!
30548720,CSTE_O0335_OT_PepapigFamily_,Rudrav Meesho,Active,,#REF!
TEA PAD,CSTE_O0337_OT_Teapad_,GL FK,Active,Active Listing,#REF!
TEA_PAID_4P,CSTE_O0337_OT_Teapad_,GL FK,Active,Active Listing,#REF!
tea _pad,CSTE_O0337_OT_Teapad_,GL FK,Active,Active Listing,#REF!
mat trivet_tea,CSTE_O0337_OT_Teapad_,GL FK,Active,Active Listing,#REF!
SUS-304-UNICORN,CSTE_O0340_OT_Unicornspoonset,CSTE AMAZON,Inactive,Deleted,
SUS_304_UNICORN_fba,CSTE_O0340_OT_Unicornspoonset,CSTE AMAZON,Inactive,Deleted,
Combo-Kids-New,CSTE_O0340_OT_Unicornspoonset,CSTE AMAZON,Inactive,Deleted,
Lamp_15,CSTE_O0341_OT_USBTransparentlamp,GL FK,Active,Active Listing,#REF!
USB CHARGING TOUCH LAMP_2,CSTE_O0341_OT_USBTransparentlamp,GL FK,Active,Active Listing,#REF!
USB CHARGING TOUCH LAMP_T,CSTE_O0341_OT_USBTransparentlamp,GL FK,Active,Active Listing,#REF!
32415146,CSTE_O0343_OT_Microscope,Rudrav Meesho,In Progress,,
38546924,CSTE_O0343_OT_Microscope,Rudrav Meesho,In Progress,,
Army-Cam-1,CSTE_O0343_OT_Microscope,CSTE AMAZON,Active,Active Listing,#REF!
black_caps,CSTE_O0344_OT_Cap_Black,Rudrav Meesho,In Progress,,
blackcaps,CSTE_O0344_OT_Cap_Black,CSTE MEESHO,In Progress,,
blackcaps,CSTE_O0344_OT_Cap_Black,Rudrav Meesho,In Progress,,
CSTE_O0344_OT_Cap_Black,CSTE_O0344_OT_Cap_Black,CSTE AMAZON,Active,Active Listing,#REF!
blackcaps,CSTE_O0344_OT_Cap_Black,GL FK,Active,Active Listing,#REF!
blackcaps53,CSTE_O0344_OT_Cap_Black,CSTE FK,Active,Active Listing,#REF!
golfcapsgrey,CSTE_O0345_OT_Cap_Grey,CSTE MEESHO,In Progress,,
golfcapsgrey,CSTE_O0345_OT_Cap_Grey,Rudrav Meesho,In Progress,,
golfcapsgrey,CSTE_O0345_OT_Cap_Grey,GL FK,Active,Active Listing,#REF!
golf caps 80,CSTE_O0345_OT_Cap_Grey,CSTE FK,Active,Active Listing,#REF!
veporiser,CSTE_O0346_OT_Vaporiser,CSTE FK,Active,Active Listing,#REF!
Nose Steamer & Nose vaporizer machine for cold and cough,CSTE_O0346_OT_Vaporiser,CSTE FK,Active,Active Listing,#REF!
Veporizer Steamer-Blue,CSTE_O0346_OT_Vaporiser,CSTE MEESHO,In Progress,,
Pencil_Pouch(Van),CSTE_O0347_OT_Vanpencilpouch,CSTE AMAZON,Active,Active Listing,#REF!
Van_Pouch,CSTE_O0347_OT_Vanpencilpouch,GL FK,Active,Active Listing,#REF!
CA-POUCH-VAN,CSTE_O0347_OT_Vanpencilpouch,GL FK,Active,Active Listing,#REF!
CA-POUCH-VAN,CSTE_O0347_OT_Vanpencilpouch,CSTE FK,Active,Active Listing,#REF!
CA-VAN-POUCH,CSTE_O0347_OT_Vanpencilpouch,CSTE FK,Active,Active Listing,#REF!
CSTE_O0348_OT_Tatapencilpouch,CSTE_O0348_OT_Tatapencilpouch,CSTE AMAZON,Active,Active Listing,#REF!
Tata_Pencil_poch_map,CSTE_O0348_OT_Tatapencilpouch,GL FK,Active,Active Listing,#REF!
tata_pouch,CSTE_O0348_OT_Tatapencilpouch,GL FK,Active,Active Listing,#REF!
TATA_POUCH,CSTE_O0348_OT_Tatapencilpouch,GL FK,Active,Active Listing,#REF!
BTS_PENCILBOX_TATA,CSTE_O0348_OT_Tatapencilpouch,CSTE FK,Active,Active Listing,#REF!
Tata_Pouch,CSTE_O0348_OT_Tatapencilpouch,CSTE FK,Active,Active Listing,#REF!
tata_pencil_pouch,CSTE_O0348_OT_Tatapencilpouch,Rudrav Meesho,Active,,#REF!
cooky_pouch,CSTE_O0349_OT_Cookypencilpouch,GL FK,Active,Active Listing,#REF!
CA-POUCH-COOKY,CSTE_O0349_OT_Cookypencilpouch,GL FK,Active,Active Listing,#REF!
CA-POUCH-COOKY,CSTE_O0349_OT_Cookypencilpouch,CSTE FK,Active,Active Listing,#REF!
CSTE_O0350_OT_Koyapencilpouch,CSTE_O0350_OT_Koyapencilpouch,CSTE AMAZON,Active,Active Listing,#REF!
BTS_PENCILBOX_KOYA,CSTE_O0350_OT_Koyapencilpouch,CSTE FK,Active,Active Listing,#REF!
CA-KOYA-POUCH,CSTE_O0350_OT_Koyapencilpouch,CSTE FK,Active,Active Listing,#REF!
Koya_Pencilbox,CSTE_O0350_OT_Koyapencilpouch,CSTE MEESHO,Active,,#REF!
45932167,CSTE_O0351_OT_BtsCookyKeychainRubber,Rudrav Meesho,In Progress,,
9184YNzu,CSTE_O0351_OT_BtsCookyKeychainRubber,Rudrav Meesho,In Progress,,
COOKY_PVC_KEYCHAIN_2,CSTE_O0351_OT_BtsCookyKeychainRubber,GL FK,Active,Active Listing,#REF!
Keycain_1fba,CSTE_O0351_OT_BtsCookyKeychainRubber_,CSTE AMAZON,Active,Active Listing,#REF!
9-QVmg3B,CSTE_O0352_OT_BtsKoyaKeychainRubber,Rudrav Meesho,In Progress,,
BTS21_KOYA,CSTE_O0352_OT_BtsKoyaKeychainRubber,GL FK,Active,Active Listing,#REF!
combo_square_watches_black-pink,CSTE_O0353_SquareWatchesCombo_BlackPink,GL FK,Active,Combo,#REF!
square_watch_combo_black_pink,CSTE_O0353_SquareWatchesCombo_BlackPink,CSTE FK,Active,Combo,#REF!
square_watches_combo_blakc-pink,CSTE_O0353_SquareWatchesCombo_BlackPink,CSTE MEESHO,Active,Combo,
square_watches_combo_blakc-pink,CSTE_O0353_SquareWatchesCombo_BlackPink,Rudrav Meesho,Active,Combo,
pink-black-watch,CSTE_O0353_SquareWatchesCombo_BlackPink,CSTE AMAZON,Inactive,Deleted,
beltblack_kevinford,CSTE_O0354_OT_LeatherBelt_Black,Rudrav Meesho,In Progress,,
leatherblk__belt,CSTE_O0354_OT_LeatherBelt_Black,CSTE MEESHO,In Progress,,
Lether_Belt_OT,CSTE_O0354_OT_LeatherBelt_Black,CSTE AMAZON,Active,Active Listing,#REF!
kevin_black_belt,CSTE_O0354_OT_LeatherBelt_Black,GL FK,Active,Active Listing,#REF!
BELT_BLACK_,CSTE_O0354_OT_LeatherBelt_Black,CSTE FK,Active,Active Listing,#REF!
glowstick_roundglasses,CSTE_O0355_OT_GlowStick_Glasses,CSTE MEESHO,In Progress,,
glow_stick_map,CSTE_O0355_OT_GlowStick_Glasses,GL FK,Active,Active Listing,#REF!
glow_stick_glass,CSTE_O0355_OT_GlowStick_Glasses,CSTE FK,Active,Active Listing,#REF!
tunnyglow_roundglasses,CSTE_O0355_OT_GlowStick_Glasses,Rudrav Meesho,In Progress,,
watersensor_diya,CSTE_O0356_OT_WaterSensor_Diya,CSTE FK,Active,Active Listing,#REF!
WaterSensor _Big_diya,CSTE_O0356_OT_WaterSensor_Diya,Rudrav Meesho,In Progress,,
WaterSensor _diya_small,CSTE_O0356_OT_WaterSensor_Diya,CSTE MEESHO,In Progress,,
WaterSensor_Diya_Big,CSTE_O0356_OT_WaterSensor_Diya,CSTE MEESHO,In Progress,,
WaterSensor_Small_Diya,CSTE_O0356_OT_WaterSensor_Diya,Rudrav Meesho,In Progress,,
17*17_PillowCover_Maroon_fba,CSTE_O0357_OT_Pillow_Cover_BTS,Rudrav Meesho,In Progress,,
17*17_PillowCover_Combo,CSTE_O0357_OT_Pillow_Cover_BTS,CSTE AMAZON,Active,,#REF!
17*17_PillowCover_Combo,CSTE_O0357_OT_Pillow_Cover_BTS,CSTE FK,Active,,#REF!
17*17_PillowCoover_White,CSTE_O0357_OT_Pillow_Cover_BTS,CSTE AMAZON,Inactive,Deleted,
17*17_PillowCover_White_fba,CSTE_O0357_OT_Pillow_Cover_BTS,CSTE AMAZON,Active,Active Listing,#REF!
17*17_PillowCover_Maroon_fba,CSTE_O0357_OT_Pillow_Cover_BTS,CSTE AMAZON,Active,Active Listing,#REF!
cushion_filler,CSTE_O0357_OT_Pillow_Cover_BTS,CSTE FK,Active,Active Listing,#REF!
filler_cushion,CSTE_O0357_OT_Pillow_Cover_BTS,GL FK,Active,Active Listing,#REF!
_filler_cushion,CSTE_O0357_OT_Pillow_Cover_BTS,CSTE MEESHO,Active,,#REF!
BTS BROWN_PILLOW COVER,CSTE_O0357_OT_Pillow_Cover_BTS,CSTE MEESHO,Active,,#REF!
BTS PINK_PILLOW COVER,CSTE_O0357_OT_Pillow_Cover_BTS,CSTE MEESHO,Active,,#REF!
Bts Pillow Cover,CSTE_O0357_OT_Pillow_Cover_BTS,CSTE MEESHO,Active,,#REF!
CushionFiller.1,CSTE_O0357_OT_Pillow_Cover_BTS,Rudrav Meesho,Active,,#REF!
CSTE_O0358_OT_IronMan_Bobblehead,CSTE_O0358_OT_IronMan_Bobblehead,CSTE AMAZON,Inactive,Deleted,
ironman_booblehead-map,CSTE_O0358_OT_IronMan_Bobblehead,GL FK,Active,Active Listing,#REF!
Ironman_bobblehead,CSTE_O0358_OT_IronMan_Bobblehead,GL FK,Active,Active Listing,#REF!
bobblehead_ironman_map,CSTE_O0358_OT_IronMan_Bobblehead,GL FK,Active,Active Listing,#REF!
CSTE_O0359_OT_Captain_America_Bobblehead,CSTE_O0359_OT_Captain_America_Bobblehead,CSTE AMAZON,Active,Active Listing,#REF!
captainAmerica_booblehead_map2,CSTE_O0359_OT_Captain_America_Bobblehead,GL FK,Active,Active Listing,#REF!
captainAmerica_booblehead_map,CSTE_O0359_OT_Captain_America_Bobblehead,GL FK,Active,Active Listing,#REF!
CSTE_O0359_OT_Captain_America_Bobblehead,CSTE_O0359_OT_Captain_America_Bobblehead,CSTE MEESHO,Active,,#REF!
CSTE142,CSTE_O0359_OT_Captain_America_Bobblehead,CSTE MEESHO,Active,,#REF!
CSTE_O0359_OT_Captain_America_Bobblehead,CSTE_O0359_OT_Captain_America_Bobblehead,Rudrav Meesho,Active,,#REF!
CSTE_O0360_OT_HarryPotter_Watches,CSTE_O0360_OT_HarryPotter_Watches,CSTE MEESHO,In Progress,,
CSTE_O0360_OT_HarryPotter_Watches,CSTE_O0360_OT_HarryPotter_Watches,Rudrav Meesho,In Progress,,
CSTE_O0360_OT_HarryPotter_Watches,CSTE_O0360_OT_HarryPotter_Watches,CSTE AMAZON,Active,Active Listing,#REF!
CSTE_O0360_OT_HarryPotter_Watches,CSTE_O0360_OT_HarryPotter_Watches,GL FK,Active,Active Listing,#REF!
CSTE_O0360_OT_HarryPotter_Watches,CSTE_O0360_OT_HarryPotter_Watches,CSTE FK,Active,Active Listing,#REF!
CSTE_0407_OT_HP_Scarf_SG,CSTE_O0362_OT_HarryPotter_Scarf,GL FK,Active,Combo,#REF!
CSTE_0407_OT_HP_Scarf_SG,CSTE_O0362_OT_HarryPotter_Scarf,CSTE FK,Active,Combo,#REF!
hp_scarf_sg,CSTE_O0362_OT_HarryPotter_Scarf,CSTE AMAZON,Active,Active Listing,#REF!
CSTE_O0363_HarryPotter_Logo_3d_Lamp,CSTE_O0363_HarryPotter_Logo_3d_Lamp,Rudrav Meesho,In Progress,,
CSTE_O0363_HarryPotter_Logo_3d_Lamp,CSTE_O0363_HarryPotter_Logo_3d_Lamp,CSTE AMAZON,Active,Active Listing,#REF!
CSTE_O0363_HarryPotter_Logo_3d_Lamp,CSTE_O0363_HarryPotter_Logo_3d_Lamp,GL FK,Active,Active Listing,#REF!
CSTE_O0363_HarryPotter_Logo_3d_Lamp,CSTE_O0363_HarryPotter_Logo_3d_Lamp,CSTE FK,Active,Active Listing,#REF!
CSTE_O0363_HarryPotter_Logo_3d_Lamp,CSTE_O0363_HarryPotter_Logo_3d_Lamp,CSTE MEESHO,Active,,#REF!
CSTE_O0364_HarryPotter_SnitchBall_3d_Lamp,CSTE_O0364_HarryPotter_SnitchBall_3d_Lamp,CSTE MEESHO,In Progress,,
CSTE_O0364_HarryPotter_SnitchBall_3d_Lamp,CSTE_O0364_HarryPotter_SnitchBall_3d_Lamp,Rudrav Meesho,In Progress,,
CSTE_O0364_HarryPotter_SnitchBall_3d_Lamp,CSTE_O0364_HarryPotter_SnitchBall_3d_Lamp,GL FK,Active,Active Listing,#REF!
CSTE_O0364_HarryPotter_SnitchBall_3d_Lamp,CSTE_O0364_HarryPotter_SnitchBall_3d_Lamp,CSTE FK,Active,Active Listing,#REF!
CSTE_O0364_SnitchBall_3dLamp,CSTE_O0364_SnitchBall_3dLamp,CSTE AMAZON,Active,,#REF!
CSTE_O0365_HappyBirthday_3d_Lamp,CSTE_O0365_HappyBirthday_3d_Lamp,CSTE MEESHO,In Progress,,
CSTE_O0365_HappyBirthday_3d_Lamp,CSTE_O0365_HappyBirthday_3d_Lamp,Rudrav Meesho,In Progress,,
CSTE_O0365_HappyBirthday_3d_Lamp,CSTE_O0365_HappyBirthday_3d_Lamp,CSTE AMAZON,Active,Active Listing,#REF!
CSTE_O0365_HappyBirthday_3d_Lamp,CSTE_O0365_HappyBirthday_3d_Lamp,GL FK,Active,Active Listing,#REF!
CSTE_O0365_HappyBirthday_3d_Lamp,CSTE_O0365_HappyBirthday_3d_Lamp,CSTE FK,Active,Active Listing,#REF!
dragonball_slippper,CSTE_O0366_OT_DragonBall_Slipper,GL FK,Active,Active Listing,#REF!
CSTE_O0366_OT_DragonBall_Slipper,CSTE_O0366_OT_DragonBall_Slipper,CSTE FK,Active,Active Listing,#REF!
CSTE_O0366_OT_DragonBall_Slipper,CSTE_O0366_OT_DragonBall_Slipper,CSTE MEESHO,Active,,#REF!
CSTE_O0366_OT_DragonBall_Slipper,CSTE_O0366_OT_DragonBall_Slipper,Rudrav Meesho,Active,,#REF!
CSTE_O0367_OT_Belt_Sunglass_Combo,CSTE_O0367_OT_Belt_Sunglass_Combo,GL FK,Active,Combo,#REF!
CSTE_O0367_OT_Belt_Sunglass_Combo,CSTE_O0367_OT_Belt_Sunglass_Combo,CSTE FK,Active,Combo,#REF!
CSTE_O0367_OT_Belt_Sunglass_Combo,CSTE_O0367_OT_Belt_Sunglass_Combo,CSTE MEESHO,Active,Combo,
CSTE_O0367_OT_Belt_Sunglass_Combo,CSTE_O0367_OT_Belt_Sunglass_Combo,Rudrav Meesho,Active,Combo,
Belt_sunglass_combo,CSTE_O0367_OT_Belt_Sunglass_Combo,CSTE AMAZON,Inactive,Deleted,
Chopping_board,CSTE_O0369_OT_Chopping_board,CSTE AMAZON,Inactive,Deleted,
CUTTING_BOARD V3,CSTE_O0369_OT_Chopping_board,GL FK,Active,Active Listing,#REF!
Chopping Board-01,CSTE_O0369_OT_Chopping_board,GL FK,Active,Active Listing,#REF!
cutting_board 6,CSTE_O0369_OT_Chopping_board,GL FK,Active,Active Listing,#REF!
CUTTING_BOARD V4,CSTE_O0369_OT_Chopping_board,GL FK,Active,Active Listing,#REF!
CSTE167,CSTE_O0370_OT_Clip_Light,CSTE MEESHO,In Progress,,
8P-3IU3-ODI3_fba,CSTE_O0370_OT_Clip_Light,CSTE AMAZON,Inactive,Deleted,
EC-YT66-KJA6,CSTE_O0370_OT_Clip_Light,CSTE AMAZON,Inactive,Deleted,
STRING CLIP_LIGHT V1,CSTE_O0370_OT_Clip_Light,GL FK,Active,Active Listing,#REF!
STRING CLIP_LIGHT V3,CSTE_O0370_OT_Clip_Light,GL FK,Active,Active Listing,#REF!
clip_light2,CSTE_O0370_OT_Clip_Light,GL FK,Active,Active Listing,#REF!
STRING CLIP_LIGHT V,CSTE_O0370_OT_Clip_Light,GL FK,Active,Active Listing,#REF!
clip_light,CSTE_O0370_OT_Clip_Light,GL FK,Active,Active Listing,#REF!
464567234,CSTE_O0371_OT_ShookyPencilPouch,CSTE MEESHO,In Progress,,
Shooky_Pencilbox,CSTE_O0371_OT_ShookyPencilPouch,CSTE MEESHO,In Progress,,
BTS_PENCILBOX_CHIMMY,CSTE_O0371_OT_ShookyPencilPouch_,CSTE FK,Active,Active Listing,#REF!
CSTE_O0372_OT_Butterfly_Sling_Bag,CSTE_O0372_OT_Butterfly_Sling_Bag,CSTE MEESHO,In Progress,,
CSTE_O0372_OT_Butterfly_Sling_Bag,CSTE_O0372_OT_Butterfly_Sling_Bag,Rudrav Meesho,In Progress,,
2T-D6IB-55KT,CSTE_O0372_OT_Butterfly_Sling_Bag,CSTE AMAZON,Active,Active Listing,#REF!
CSTE_O0372_OT_Butterfly_Sling_Bag,CSTE_O0372_OT_Butterfly_Sling_Bag,GL FK,Active,Active Listing,#REF!
CSTE_O0372_OT_Butterfly_Sling_Bag,CSTE_O0372_OT_Butterfly_Sling_Bag,CSTE FK,Active,Active Listing,#REF!
CSTE_O0373_OT_Glitter_Sling_Bag,CSTE_O0373_OT_Glitter_Sling_Bag,CSTE MEESHO,In Progress,,
CSTE_O0373_OT_Glitter_Sling_Bag,CSTE_O0373_OT_Glitter_Sling_Bag,Rudrav Meesho,In Progress,,
CSTE_O0373_OT_Glitter_Sling_Bag2,CSTE_O0373_OT_Glitter_Sling_Bag,CSTE MEESHO,In Progress,,
CSTE_O0373_OT_Glitter_Sling_Bag2,CSTE_O0373_OT_Glitter_Sling_Bag,Rudrav Meesho,In Progress,,
CSTE_O0373_OT_Glitter_Sling_Bag3,CSTE_O0373_OT_Glitter_Sling_Bag,CSTE MEESHO,In Progress,,
CSTE_O0373_OT_Glitter_Sling_Bag3,CSTE_O0373_OT_Glitter_Sling_Bag,Rudrav Meesho,In Progress,,
CSTE_O0373_OT_Glitter_Sling_Bag4,CSTE_O0373_OT_Glitter_Sling_Bag,CSTE MEESHO,In Progress,,
CSTE_O0373_OT_Glitter_Sling_Bag4,CSTE_O0373_OT_Glitter_Sling_Bag,Rudrav Meesho,In Progress,,
CSTE_O0373_OT_Glitter_Sling_Bag5,CSTE_O0373_OT_Glitter_Sling_Bag,CSTE MEESHO,In Progress,,
CSTE_O0373_OT_Glitter_Sling_Bag5,CSTE_O0373_OT_Glitter_Sling_Bag,Rudrav Meesho,In Progress,,
Glitter_Sling_Bag_Cream,CSTE_O0373_OT_Glitter_Sling_Bag,CSTE AMAZON,Inactive,Deleted,
Glitter_Sling_Bag_Green,CSTE_O0373_OT_Glitter_Sling_Bag,CSTE AMAZON,Inactive,Deleted,
Glitter_Sling_Bag_Purple,CSTE_O0373_OT_Glitter_Sling_Bag,CSTE AMAZON,Inactive,Deleted,
Glitter_Sling_Bag_Grey,CSTE_O0373_OT_Glitter_Sling_Bag,CSTE AMAZON,Inactive,Deleted,
Glitter_Sling_Bag_Pink,CSTE_O0373_OT_Glitter_Sling_Bag,CSTE AMAZON,Inactive,Deleted,
Glitter_Sling_Bag_Red,CSTE_O0373_OT_Glitter_Sling_Bag,CSTE AMAZON,Inactive,Deleted,
CSTE_O0373_OT_Glitter_Sling_Bag4,CSTE_O0373_OT_Glitter_Sling_Bag,GL FK,Active,Active Listing,#REF!
CSTE_O0373_OT_Glitter_Sling_Bag2,CSTE_O0373_OT_Glitter_Sling_Bag,GL FK,Active,Active Listing,#REF!
CSTE_O0373_OT_Glitter_Sling_Bag,CSTE_O0373_OT_Glitter_Sling_Bag,GL FK,Active,Active Listing,#REF!
CSTE_O0373_OT_Glitter_Sling_Bag3,CSTE_O0373_OT_Glitter_Sling_Bag,GL FK,Active,Active Listing,#REF!
CSTE_O0373_OT_Glitter_Sling_Bag5,CSTE_O0373_OT_Glitter_Sling_Bag,GL FK,Active,Active Listing,#REF!
CSTE_O0373_OT_Glitter_Sling_Bag5,CSTE_O0373_OT_Glitter_Sling_Bag,CSTE FK,Active,Active Listing,#REF!
CSTE_O0373_OT_Glitter_Sling_Bag2,CSTE_O0373_OT_Glitter_Sling_Bag,CSTE FK,Active,Active Listing,#REF!
CSTE_O0373_OT_Glitter_Sling_Bag,CSTE_O0373_OT_Glitter_Sling_Bag,CSTE FK,Active,Active Listing,#REF!
CSTE_O0373_OT_Glitter_Sling_Bag4,CSTE_O0373_OT_Glitter_Sling_Bag,CSTE FK,Active,Active Listing,#REF!
CSTE_O0374_OT_Princess_CrownWand,CSTE_O0374_OT_Princess_CrownWand,CSTE MEESHO,In Progress,,
CSTE_O0374_OT_Princess_CrownWand,CSTE_O0374_OT_Princess_CrownWand,Rudrav Meesho,In Progress,,
CSTE_O0374_OT_Princess_CrownWand,CSTE_O0374_OT_Princess_CrownWand,CSTE AMAZON,Active,Active Listing,#REF!
CSTE_O0374_OT_Princess_CrownWand,CSTE_O0374_OT_Princess_CrownWand,GL FK,Active,Active Listing,#REF!
Tiara_With_Wand,CSTE_O0374_OT_Princess_CrownWand,CSTE FK,Active,Active Listing,#REF!
CSTE_O0374_OT_Princess_CrownWand,CSTE_O0374_OT_Princess_CrownWand,CSTE FK,Active,Active Listing,#REF!
princess_tiaraWand,CSTE_O0374_OT_Princess_CrownWand,GL FK,Active,Active Listing,#REF!
CSTE_O0376_OT_Makeup_Brushes_Set,CSTE_O0376_OT_Makeup_Brushes_Set,Rudrav Meesho,In Progress,,
CSTE_O0376_OT_Makeup_Brushes_Set_blk,CSTE_O0376_OT_Makeup_Brushes_Set,Rudrav Meesho,In Progress,,
CSTE_O0376_OT_Makeup_Brushes_Set_Blue,CSTE_O0376_OT_Makeup_Brushes_Set,Rudrav Meesho,In Progress,,
Makeup_Org_Black_brushes,CSTE_O0376_OT_Makeup_Brushes_Set,Rudrav Meesho,In Progress,,
Makeup_Org_Green_brushes,CSTE_O0376_OT_Makeup_Brushes_Set,Rudrav Meesho,In Progress,,
Makeup_Org_purple_brushes,CSTE_O0376_OT_Makeup_Brushes_Set,Rudrav Meesho,In Progress,,
makeupbrush_fba,CSTE_O0376_OT_Makeup_Brushes_Set,CSTE AMAZON,Inactive,Deleted,
makeup_purple_brush,CSTE_O0376_OT_Makeup_Brushes_Set,GL FK,Active,Active Listing,#REF!
Makeup_brush_Set_Orange,CSTE_O0376_OT_Makeup_Brushes_Set,GL FK,Active,Active Listing,#REF!
brush set_makeup_pink,CSTE_O0376_OT_Makeup_Brushes_Set,GL FK,Active,Active Listing,#REF!
CSTE_O0376_OT_Makeup_Brushes_Set,CSTE_O0376_OT_Makeup_Brushes_Set,GL FK,Active,Active Listing,#REF!
Makeup_Brush_Black,CSTE_O0376_OT_Makeup_Brushes_Set,CSTE FK,Active,Active Listing,#REF!
Makeup_Brushes_Set_Pink,CSTE_O0376_OT_Makeup_Brushes_Set,CSTE FK,Active,Active Listing,#REF!
Makeup_brush_orange,CSTE_O0376_OT_Makeup_Brushes_Set,CSTE FK,Active,Active Listing,#REF!
CSTE_O0376_OT_Makeup_Brushes_Set,CSTE_O0376_OT_Makeup_Brushes_Set,CSTE FK,Active,Active Listing,#REF!
Makeup_Org_Black_brushes,CSTE_O0376_OT_Makeup_Brushes_Set,CSTE MEESHO,Active,,#REF!
Makeup_Org_Green_brushes,CSTE_O0376_OT_Makeup_Brushes_Set,CSTE MEESHO,Active,,#REF!
Makeup_Org_Pink_brushes,CSTE_O0376_OT_Makeup_Brushes_Set,CSTE MEESHO,Active,,#REF!
Makeup_Org_purple_brushes,CSTE_O0376_OT_Makeup_Brushes_Set,CSTE MEESHO,Active,,#REF!
CSTE_O0376_OT_Makeup_Brush_Purple,CSTE_O0376_OT_Makeup_Brushes_Set,CSTE MEESHO,Active,,#REF!
CSTE_O0376_OT_Makeup_Brushes_Set,CSTE_O0376_OT_Makeup_Brushes_Set,CSTE MEESHO,Active,,#REF!
CSTE_O0376_OT_Makeup_Brushes_Set_blk,CSTE_O0376_OT_Makeup_Brushes_Set,CSTE MEESHO,Active,,#REF!
CSTE_O0376_OT_Makeup_Brushes_Set_Blue,CSTE_O0376_OT_Makeup_Brushes_Set,CSTE MEESHO,Active,,#REF!
Makeup_Org_Pink_brushes,CSTE_O0376_OT_Makeup_Brushes_Set,Rudrav Meesho,Active,,#REF!
CSTE_O0376_OT_Makeup_Brush_Purple,CSTE_O0376_OT_Makeup_Brushes_Set,Rudrav Meesho,Active,,#REF!
CSTE_O0376_OT_Makeup_Brushes_Set_Pink,CSTE_O0376_OT_Makeup_Brushes_Set_Pink,CSTE MEESHO,In Progress,,
CSTE_O0376_OT_Makeup_Brushes_Set_Pink,CSTE_O0376_OT_Makeup_Brushes_Set_Pink,Rudrav Meesho,In Progress,,
38547820,CSTE_O0377_OT_Tools_Set,Rudrav Meesho,In Progress,,
bPk2bPa-,CSTE_O0377_OT_Tools_Set,CSTE MEESHO,In Progress,,
30548751,CSTE_O0378_OT_Dancing_Cactus,Rudrav Meesho,In Progress,,
Dancing-Cactus-LED,CSTE_O0378_OT_Dancing_Cactus,CSTE AMAZON,Inactive,Deleted,
naruto_action figure_combo,CSTE_O0379_OT_Naruto_ ActionFigure_Set,Rudrav Meesho,In Progress,,
narutoaction_figure-combo,CSTE_O0379_OT_Naruto_ ActionFigure_Set,CSTE MEESHO,In Progress,,
Narutocaj,CSTE_O0379_OT_Naruto_ ActionFigure_Set,CSTE AMAZON,Inactive,Deleted,
1P-IOCW-HDLU,CSTE_O0380_OT_PepaPig_Spoon_Set,CSTE AMAZON,Inactive,Deleted,
32105465,CSTE_O0380_OT_PepaPig_Spoon_Set,CSTE MEESHO,Active,,#REF!
Rudrav_Peppa Pig Stainless Steel Fork & Spoon Set of 4 Pieces (Pack of 1),CSTE_O0380_OT_PepaPig_Spoon_Set,Rudrav Meesho,Active,,#REF!
32021052,CSTE_O0380_OT_PepaPig_Spoon_Set,Rudrav Meesho,Active,,#REF!
35847564,CSTE_O0380_OT_PepaPig_Spoon_Set,Rudrav Meesho,Active,,#REF!
Goku_Keychain,CSTE_O0381_OT_Goku_Keychain,CSTE AMAZON,Inactive,Deleted,
Pikachu_Keychain_fba,CSTE_O0381_OT_Goku_Keychain,CSTE AMAZON,Inactive,Deleted,
Shinchan_Keychain_fba,CSTE_O0381_OT_Goku_Keychain,CSTE AMAZON,Inactive,Deleted,
Squlrtle_Blue_fba,CSTE_O0381_OT_Goku_Keychain,CSTE AMAZON,Inactive,Deleted,
Baby_Gohan_Keychain_fba,CSTE_O0381_OT_Goku_Keychain,CSTE AMAZON,Active,Active Listing,#REF!
Goku_Keychain1_fba,CSTE_O0381_OT_Goku_Keychain,CSTE AMAZON,Active,Active Listing,#REF!
CSTE_O0382_OT_OrangeBlack_Bts_Diary,CSTE_O0382_OT_OrangeBlack_Bts_Diary,GL FK,Active,Active Listing,#REF!
CSTE_O0382_OT_OrangeBlack_Bts_Diary,CSTE_O0382_OT_OrangeBlack_Bts_Diary,CSTE FK,Active,Active Listing,#REF!
CSTE_O0382_OT_OrangeBlack_Bts_Diary,CSTE_O0382_OT_OrangeBlack_Bts_Diary,CSTE MEESHO,Active,,#REF!
CSTE_O0382_OT_OrangeBlack_Bts_Diary,CSTE_O0382_OT_OrangeBlack_Bts_Diary,Rudrav Meesho,Active,,#REF!
CSTE_O0383_OT_BTS21_Multicolour_Diary,CSTE_O0383_OT_BTS21_Multicolour_Diary,GL FK,Active,Active Listing,#REF!
CSTE_O0383_OT_BTS21_Multicolour_Diary,CSTE_O0383_OT_BTS21_Multicolour_Diary,CSTE FK,Active,Active Listing,#REF!
CSTE_O0383_OT_BTS21_Multicolour_Diary,CSTE_O0383_OT_BTS21_Multicolour_Diary,CSTE MEESHO,Active,,#REF!
CSTE_O0383_OT_BTS21_Multicolour_Diary,CSTE_O0383_OT_BTS21_Multicolour_Diary,Rudrav Meesho,Active,,#REF!
Nq8gLx-F,CSTE_O0385_Barbie_Cell_Phone,CSTE MEESHO,In Progress,,
Rudrav_Cartoon Printed Musical Mobile Phones (Multicolor),CSTE_O0385_Barbie_Cell_Phone,Rudrav Meesho,In Progress,,
plant holder,CSTE_O0386_Candle_Holder_Deer,CSTE MEESHO,Active,,#REF!
plant holder,CSTE_O0386_Candle_Holder_Deer,Rudrav Meesho,Active,,#REF!
15-0MPY-UHQF,CSTE_O0386_OT_Candle_Holder_Deer,CSTE AMAZON,Inactive,Deleted,
CSTE_O0387_OT_Holi_Tshirt,CSTE_O0387_OT_Holi_Tshirt,GL FK,Active,Active Listing,#REF!
Caaju_TravelBottle_3pack,CSTE_O0390_OT_Toiletry_Bottles,CSTE AMAZON,Active,Active Listing,#REF!
Toiletry_Bottles,CSTE_O0390_OT_Toiletry_Bottles,CSTE AMAZON,Active,Active Listing,#REF!
toiletry,CSTE_O0390_OT_Toiletry_Bottles,GL FK,Active,Active Listing,#REF!
Toiletry_map,CSTE_O0390_OT_Toiletry_Bottles,GL FK,Active,Active Listing,#REF!
CSTE_O0390_OT_Toiletry_Bottles,CSTE_O0390_OT_Toiletry_Bottles,CSTE FK,Active,Active Listing,#REF!
Toiletry_Bottles,CSTE_O0390_OT_Toiletry_Bottles,CSTE MEESHO,Active,,#REF!
CSTE_O0390_OT_Toiletry_Bottles,CSTE_O0390_OT_Toiletry_Bottles,CSTE MEESHO,Active,,#REF!
CSTE_O0390_OT_Toiletry_Bottles,CSTE_O0390_OT_Toiletry_Bottles,Rudrav Meesho,Active,,#REF!
CSTE_O0391_OT_SG_Case_FlowerPink,CSTE_O0391_OT_SG_Case_FlowerPink,CSTE AMAZON,Active,Active Listing,#REF!
CSTE_O0391_OT_SG_Case_FlowerPink,CSTE_O0391_OT_SG_Case_FlowerPink,CSTE FK,Active,Active Listing,#REF!
CSTE_O0391_OT_SG_Case_FlowerPink,CSTE_O0391_OT_SG_Case_FlowerPink,CSTE MEESHO,Active,,#REF!
CSTE_O0391_OT_SG_Case_FlowerPink,CSTE_O0391_OT_SG_Case_FlowerPink,Rudrav Meesho,Active,,#REF!
CSTE_O0392_OT_SG_Case_FlowerBlue,CSTE_O0392_OT_SG_Case_FlowerBlue,CSTE AMAZON,Active,Active Listing,#REF!
CSTE_O0392_OT_SG_Case_FlowerBlue,CSTE_O0392_OT_SG_Case_FlowerBlue,GL FK,Active,Active Listing,#REF!
CSTE_O0392_OT_SG_Case_FlowerBlue,CSTE_O0392_OT_SG_Case_FlowerBlue,CSTE FK,Active,Active Listing,#REF!
CSTE_O0392_OT_SG_Case_FlowerBlue,CSTE_O0392_OT_SG_Case_FlowerBlue,CSTE MEESHO,Active,,#REF!
CSTE_O0392_OT_SG_Case_FlowerBlue,CSTE_O0392_OT_SG_Case_FlowerBlue,Rudrav Meesho,Active,,#REF!
CSTE_O0393_OT_SG_Case_HeartBlack,CSTE_O0393_OT_SG_Case_HeartBlack,CSTE AMAZON,Active,Active Listing,#REF!
CSTE_O0393_OT_SG_Case_HeartBlack,CSTE_O0393_OT_SG_Case_HeartBlack,GL FK,Active,Active Listing,#REF!
CSTE_O0393_OT_SG_Case_HeartBlack,CSTE_O0393_OT_SG_Case_HeartBlack,CSTE MEESHO,Active,,#REF!
CSTE_O0393_OT_SG_Case_HeartBlack,CSTE_O0393_OT_SG_Case_HeartBlack,Rudrav Meesho,Active,,#REF!
CSTE_O0393_OT_SG_Case_HeartBlack,CSTE_O0393_OT_SG_Case_HeartBlack,CSTE FK,Active,Active Listing,#REF!
CSTE_O0394_OT_SG_Case_HeartPink,CSTE_O0394_OT_SG_Case_HeartPink,CSTE AMAZON,Active,Active Listing,#REF!
CSTE_O0394_OT_SG_Case_HeartPink,CSTE_O0394_OT_SG_Case_HeartPink,GL FK,Active,Active Listing,#REF!
CSTE_O0394_OT_SG_Case_HeartPink,CSTE_O0394_OT_SG_Case_HeartPink,CSTE FK,Active,Active Listing,#REF!
CSTE_O0394_OT_SG_Case_HeartPink,CSTE_O0394_OT_SG_Case_HeartPink,CSTE MEESHO,Active,,#REF!
CSTE_O0394_OT_SG_Case_HeartPink,CSTE_O0394_OT_SG_Case_HeartPink,Rudrav Meesho,Active,,#REF!
CSTE_O0395_OT_SG_Case_BunnyPink,CSTE_O0395_OT_SG_Case_BunnyPink,CSTE AMAZON,Active,Active Listing,#REF!
CSTE_O0395_OT_SG_Case_BunnyPink,CSTE_O0395_OT_SG_Case_BunnyPink,GL FK,Active,Active Listing,#REF!
CSTE_O0395_OT_SG_Case_BunnyPink,CSTE_O0395_OT_SG_Case_BunnyPink,CSTE FK,Active,Active Listing,#REF!
CSTE_O0395_OT_SG_Case_BunnyPink,CSTE_O0395_OT_SG_Case_BunnyPink,CSTE MEESHO,Active,,#REF!
CSTE_O0395_OT_SG_Case_BunnyPink,CSTE_O0395_OT_SG_Case_BunnyPink,Rudrav Meesho,Active,,#REF!
CSTE_O0396_OT_SG_Case_BunnyWhite,CSTE_O0396_OT_SG_Case_BunnyWhite,CSTE AMAZON,Active,Active Listing,#REF!
CSTE_O0396_OT_SG_Case_BunnyWhite,CSTE_O0396_OT_SG_Case_BunnyWhite,CSTE FK,Active,Active Listing,#REF!
CSTE_O0396_OT_SG_Case_BunnyWhite,CSTE_O0396_OT_SG_Case_BunnyWhite,CSTE MEESHO,Active,,#REF!
CSTE_O0396_OT_SG_Case_BunnyWhite,CSTE_O0396_OT_SG_Case_BunnyWhite,Rudrav Meesho,Active,,#REF!
CSTE_O0397_OT_SG_Case_GoggleBlack,CSTE_O0397_OT_SG_Case_GoggleBlack,CSTE AMAZON,Active,Active Listing,#REF!
CSTE_O0397_OT_SG_Case_GoggleBlack,CSTE_O0397_OT_SG_Case_GoggleBlack,GL FK,Active,Active Listing,#REF!
CSTE_O0397_OT_SG_Case_GoggleBlack,CSTE_O0397_OT_SG_Case_GoggleBlack,CSTE FK,Active,Active Listing,#REF!
CSTE_O0397_OT_SG_Case_GoggleBlack,CSTE_O0397_OT_SG_Case_GoggleBlack,Rudrav Meesho,Active,,#REF!
CSTE_O0397_OT_SG_Case_GoggleBlack,CSTE_O0397_OT_SG_Case_GoggleBlack,CSTE MEESHO,Active,,#REF!
CSTE_O0398_OT_SG_Case_CirclePink,CSTE_O0398_OT_SG_Case_CirclePink,CSTE AMAZON,Active,Active Listing,#REF!
circle_pink_sunglass_case_map,CSTE_O0398_OT_SG_Case_CirclePink,GL FK,Active,Active Listing,#REF!
CSTE_O0398_OT_SG_Case_CirclePink,CSTE_O0398_OT_SG_Case_CirclePink,GL FK,Active,Active Listing,#REF!
CSTE_O0398_OT_SG_Case_CirclePink,CSTE_O0398_OT_SG_Case_CirclePink,CSTE FK,Active,Active Listing,#REF!
CSTE_O0398_OT_SG_Case_CirclePink,CSTE_O0398_OT_SG_Case_CirclePink,CSTE MEESHO,Active,,#REF!
CSTE_O0398_OT_SG_Case_CirclePink,CSTE_O0398_OT_SG_Case_CirclePink,Rudrav Meesho,Active,,#REF!
CSTE_O0399_OT_SG_Case_HornBlack,CSTE_O0399_OT_SG_Case_HornBlack,CSTE AMAZON,Active,Active Listing,#REF!
CSTE_O0399_OT_SG_Case_HornBlack,CSTE_O0399_OT_SG_Case_HornBlack,GL FK,Active,Active Listing,#REF!
CSTE_O0399_OT_SG_Case_HornBlack,CSTE_O0399_OT_SG_Case_HornBlack,CSTE FK,Active,Active Listing,#REF!
CSTE_O0399_OT_SG_Case_HornBlack,CSTE_O0399_OT_SG_Case_HornBlack,CSTE MEESHO,Active,,#REF!
CSTE_O0399_OT_SG_Case_HornBlack,CSTE_O0399_OT_SG_Case_HornBlack,Rudrav Meesho,Active,,#REF!
Caaju_KeyHolder_Pink,CSTE_O0400_OT_KeyHolder_WinkCat_Pink,CSTE AMAZON,Active,Active Listing,#REF!
OVAL_KEY_HOLDER_PINK,CSTE_O0400_OT_KeyHolder_WinkCat_Pink,GL FK,Active,Active Listing,#REF!
Owl_keyHolder_Pink,CSTE_O0400_OT_KeyHolder_WinkCat_Pink,CSTE FK,Active,Active Listing,#REF!
Key holder pink,CSTE_O0400_OT_KeyHolder_WinkCat_Pink,CSTE MEESHO,Active,,#REF!
Pink Key Holder,CSTE_O0400_OT_KeyHolder_WinkCat_Pink,Rudrav Meesho,Active,,#REF!
Owl_Keyholder_Purple,CSTE_O0401_OT_KeyHolder_WinkCat_Purple,CSTE FK,Active,,#REF!
Caaju_KeyHolder_Purple,CSTE_O0401_OT_KeyHolder_WinkCat_Purple,CSTE AMAZON,Active,Active Listing,#REF!
Key holder purple,CSTE_O0401_OT_KeyHolder_WinkCat_Purple,CSTE MEESHO,Active,,#REF!
key holder Purple,CSTE_O0401_OT_KeyHolder_WinkCat_Purple,Rudrav Meesho,Active,,#REF!
Caaju_KeyHolder_Black,CSTE_O0402_OT_KeyHolder_WinkCat_Black,CSTE AMAZON,Active,Active Listing,#REF!
Quirky Key,CSTE_O0402_OT_KeyHolder_WinkCat_Black,GL FK,Active,Active Listing,#REF!
Owl_Keyholder_Blk,CSTE_O0402_OT_KeyHolder_WinkCat_Black,CSTE FK,Active,Active Listing,#REF!
Key holder black,CSTE_O0402_OT_KeyHolder_WinkCat_Black,CSTE MEESHO,Active,,#REF!
key holder black,CSTE_O0402_OT_KeyHolder_WinkCat_Black,Rudrav Meesho,Active,,#REF!
Caaju_KeyHolder_Cream,CSTE_O0403_OT_KeyHolder_WinkCat_Cream,CSTE AMAZON,Active,Active Listing,#REF!
HOLDER_KEY_CREAM,CSTE_O0403_OT_KeyHolder_WinkCat_Cream,GL FK,Active,Active Listing,#REF!
key holder2,CSTE_O0403_OT_KeyHolder_WinkCat_Cream,CSTE FK,Active,Active Listing,#REF!
Key holder cream,CSTE_O0403_OT_KeyHolder_WinkCat_Cream,CSTE MEESHO,Active,,#REF!
key holder cream,CSTE_O0403_OT_KeyHolder_WinkCat_Cream,Rudrav Meesho,Active,,#REF!
Caaju_KeyHolder_White,CSTE_O0404_OT_KeyHolder_WinkCat_White,CSTE AMAZON,Active,Active Listing,#REF!
key holder white,CSTE_O0404_OT_KeyHolder_WinkCat_White,CSTE FK,Active,Active Listing,#REF!
key holder white,CSTE_O0404_OT_KeyHolder_WinkCat_White,Rudrav Meesho,Active,,#REF!
key holder white,CSTE_O0404_OT_KeyHolder_WinkCat_White,CSTE MEESHO,Active,,#REF!
Caaju_KeyHolder_Green,CSTE_O0405_OT_KeyHolder_WinkCat_Green,CSTE AMAZON,Active,Active Listing,#REF!
keyholder green,CSTE_O0405_OT_KeyHolder_WinkCat_Green,CSTE FK,Active,Active Listing,#REF!
2115515125,CSTE_O0405_OT_KeyHolder_WinkCat_Green,CSTE MEESHO,Active,,#REF!
keyholder green,CSTE_O0405_OT_KeyHolder_WinkCat_Green,Rudrav Meesho,Active,,#REF!
CSTE_O0406_OT_KeyHolder_Cat_Blue,CSTE_O0406_OT_KeyHolder_Cat_Blue,GL FK,Active,Active Listing,#REF!
CSTE_O0406_OT_KeyHolder_Cat_Blue,CSTE_O0406_OT_KeyHolder_Cat_Blue,CSTE FK,Active,Active Listing,#REF!
cat keyholder blue,CSTE_O0406_OT_KeyHolder_Cat_Blue,CSTE MEESHO,Active,,#REF!
cat keyhlder blue,CSTE_O0406_OT_KeyHolder_Cat_Blue,Rudrav Meesho,Active,,#REF!
CSTE_O0407_OT_KeyHolder_Cat_Pink,CSTE_O0407_OT_KeyHolder_Cat_Pink,GL FK,Active,Active Listing,#REF!
CSTE_O0407_OT_KeyHolder_Cat_Pink,CSTE_O0407_OT_KeyHolder_Cat_Pink,CSTE FK,Active,Active Listing,#REF!
cat keyholder pink,CSTE_O0407_OT_KeyHolder_Cat_Pink,CSTE MEESHO,Active,,#REF!
cat keyholder pink,CSTE_O0407_OT_KeyHolder_Cat_Pink,Rudrav Meesho,Active,,#REF!
CSTE_O0408_OT_KeyHolder_Cat_Green,CSTE_O0408_OT_KeyHolder_Cat_Green,GL FK,Active,Active Listing,#REF!
CSTE_O0408_OT_KeyHolder_Cat_Green,CSTE_O0408_OT_KeyHolder_Cat_Green,CSTE FK,Active,Active Listing,#REF!
cat keyholder green,CSTE_O0408_OT_KeyHolder_Cat_Green,CSTE MEESHO,Active,,#REF!
cat keyholder green,CSTE_O0408_OT_KeyHolder_Cat_Green,Rudrav Meesho,Active,,#REF!
CSTE_O0409_OT_KeyHolder_Cat_White,CSTE_O0409_OT_KeyHolder_Cat_White,GL FK,Active,Active Listing,#REF!
CSTE_O0409_OT_KeyHolder_Cat_White,CSTE_O0409_OT_KeyHolder_Cat_White,CSTE FK,Active,Active Listing,#REF!
cat keyholder white,CSTE_O0409_OT_KeyHolder_Cat_White,CSTE MEESHO,Active,,#REF!
cat key holder white,CSTE_O0409_OT_KeyHolder_Cat_White,Rudrav Meesho,Active,,#REF!
CSTE_O0410_OT_SG_Orgnizer_Brown,CSTE_O0410_OT_SG_Orgnizer_Brown,CSTE AMAZON,Active,Active Listing,#REF!
SG_Orgnizer_Brown,CSTE_O0410_OT_SG_Orgnizer_Brown,GL FK,Active,Active Listing,#REF!
CSTE_O0410_OT_SG_Orgnizer_Brown,CSTE_O0410_OT_SG_Orgnizer_Brown,CSTE FK,Active,Active Listing,#REF!
SG_Orgnizer_Brown,CSTE_O0410_OT_SG_Orgnizer_Brown,CSTE MEESHO,Active,,#REF!
SG_Orgnizer_Brown,CSTE_O0410_OT_SG_Orgnizer_Brown,Rudrav Meesho,Active,,#REF!
CSTE_O0411_OT_SG_Orgnizer_Black,CSTE_O0411_OT_SG_Orgnizer_Black,CSTE AMAZON,Active,Active Listing,#REF!
sG_orgnizer_black_map,CSTE_O0411_OT_SG_Orgnizer_Black,GL FK,Active,Active Listing,#REF!
SG_Orgnizer_Black,CSTE_O0411_OT_SG_Orgnizer_Black,GL FK,Active,Active Listing,#REF!
CSTE_O0411_OT_SG_Orgnizer_Black,CSTE_O0411_OT_SG_Orgnizer_Black,CSTE FK,Active,Active Listing,#REF!
SG_Orgnizer_Black,CSTE_O0411_OT_SG_Orgnizer_Black,CSTE MEESHO,Active,,#REF!
SG_Orgnizer_Black,CSTE_O0411_OT_SG_Orgnizer_Black,Rudrav Meesho,Active,,#REF!
CSTE_O0412_OT_Lamp_Man_On_Moon,CSTE_O0412_OT_Lamp_Man_On_Moon,CSTE AMAZON,Active,Active Listing,#REF!
CSTE_O0412_OT_Lamp_Man_On_Moon,CSTE_O0412_OT_Lamp_Man_On_Moon,GL FK,Active,Active Listing,#REF!
CSTE_O0412_OT_Lamp_Man_On_Moon,CSTE_O0412_OT_Lamp_Man_On_Moon,CSTE FK,Active,Active Listing,#REF!
man on moon lamp,CSTE_O0412_OT_Lamp_Man_On_Moon,CSTE MEESHO,Active,,#REF!
man on moon lamp 01,CSTE_O0412_OT_Lamp_Man_On_Moon,Rudrav Meesho,Active,,#REF!
CSTE_O0413_OT_Lamp_Dolphin,CSTE_O0413_OT_Lamp_Dolphin,CSTE AMAZON,Active,Active Listing,#REF!
CSTE_O0413_OT_Lamp_Dolphin,CSTE_O0413_OT_Lamp_Dolphin,GL FK,Active,Active Listing,#REF!
CSTE_O0413_OT_Lamp_Dolphin,CSTE_O0413_OT_Lamp_Dolphin,CSTE FK,Active,Active Listing,#REF!
Crystal Ball Lamp Dolphin01,CSTE_O0413_OT_Lamp_Dolphin,Rudrav Meesho,Active,,#REF!
Dolphin with Moon01,CSTE_O0413_OT_Lamp_Dolphin,Rudrav Meesho,Active,,#REF!
Dolphin with Moon,CSTE_O0413_OT_Lamp_Dolphin,CSTE MEESHO,Active,,#REF!
CSTE_O0414_OT_Lamp_Dolphin_Cloud,CSTE_O0414_OT_Lamp_Dolphin_Cloud,CSTE AMAZON,Active,Active Listing,#REF!
CSTE_O0414_OT_Lamp_Dolphin_Cloud,CSTE_O0414_OT_Lamp_Dolphin_Cloud,GL FK,Active,Active Listing,#REF!
CSTE_O0414_OT_Lamp_Dolphin_Cloud,CSTE_O0414_OT_Lamp_Dolphin_Cloud,CSTE FK,Active,Active Listing,#REF!
CSTE_O0414_OT_Lamp_Dolphin_Cloud,CSTE_O0414_OT_Lamp_Dolphin_Cloud,CSTE MEESHO,Active,,#REF!
CA-POUCH -PR,CSTE_O0415_OT_Unicorn_Geometry_Box,CSTE AMAZON,Active,Active Listing,#REF!
Caaju_Ds_Raincoat_pack10,CSTE_O0416_OT_Rain_Cards,CSTE AMAZON,Active,Active Listing,#REF!
Caaju_Ds_Raincoat_pack15,CSTE_O0416_OT_Rain_Cards,CSTE AMAZON,Active,Active Listing,#REF!
Caahu_Ds_Raincoat_pack5,CSTE_O0416_OT_Rain_Cards,CSTE AMAZON,Active,Active Listing,#REF!
Rain_Card_P,CSTE_O0416_OT_Rain_Cards,CSTE AMAZON,Active,Active Listing,#REF!
rain_coat_pack_of_5,CSTE_O0416_OT_Rain_Cards,CSTE FK,Active,Active Listing,#REF!
rain coat pack of 5,CSTE_O0416_OT_Rain_Cards,Rudrav Meesho,Active,,#REF!
rain coat pack of 10,CSTE_O0416_OT_Rain_Cards,Rudrav Meesho,Active,,#REF!
14646645,CSTE_O0417_OT_Bunny_Lamp,Rudrav Meesho,Active,,#REF!
BTSChimmy_Standing,CSTE_O0418_OT_Standing_Doll_Chimmy,CSTE AMAZON,Inactive,Deleted,
Bts Chimmy Soft Toy,CSTE_O0418_OT_Standing_Doll_Chimmy,CSTE MEESHO,Active,,#REF!
JjjfLT45,CSTE_O0418_OT_Standing_Doll_Chimmy,CSTE MEESHO,Active,,#REF!
32502544,CSTE_O0418_OT_Standing_Doll_Chimmy,Rudrav Meesho,Active,,#REF!
25465045,CSTE_O0418_OT_Standing_Doll_Chimmy,Rudrav Meesho,Active,,#REF!
BTSTATA_Standing,CSTE_O0419_OT_Standing_Doll_Tata,CSTE AMAZON,Inactive,Deleted,
BTS_softtoy_Tata,CSTE_O0419_OT_Standing_Doll_Tata,CSTE AMAZON,Inactive,Deleted,
Tata Bts Soft Toy,CSTE_O0419_OT_Standing_Doll_Tata,CSTE MEESHO,Active,,#REF!
25478436,CSTE_O0419_OT_Standing_Doll_Tata,Rudrav Meesho,Active,,#REF!
BTSKOYA_Standing,CSTE_O0420_OT_Standing_Doll_Koya,CSTE AMAZON,Inactive,Deleted,
BTS_KOYA_FULLBODY,CSTE_O0420_OT_Standing_Doll_Koya,CSTE FK,Active,Active Listing,#REF!
Koya_soft_toy1,CSTE_O0420_OT_Standing_Doll_Koya,GL FK,Active,Active Listing,#REF!
koya_fullbody,CSTE_O0420_OT_Standing_Doll_Koya,GL FK,Active,Active Listing,#REF!
koya_fullbody_1,CSTE_O0420_OT_Standing_Doll_Koya,GL FK,Active,Active Listing,#REF!
Rudrav_BTS_Koya Standing Doll,CSTE_O0420_OT_Standing_Doll_Koya,Rudrav Meesho,Active,,#REF!
25468471,CSTE_O0420_OT_Standing_Doll_Koya,Rudrav Meesho,Active,,#REF!
Bts_Softtoy_Van_fba,CSTE_O0423_OT_Standing_Doll_Van,CSTE AMAZON,Inactive,Deleted,
BTSPINK_Standing,CSTE_O0424_OT_Standing_Doll_Cooky,CSTE AMAZON,Inactive,Deleted,
FC-BT21-CHIMMY-1-FBA,CSTE_O0427_OT_Soft_Keychain_Chimmy,CSTE AMAZON,Inactive,Deleted,
FC-Chimmy-RJ-2-FBA,CSTE_O0427_OT_Soft_Keychain_Chimmy,CSTE AMAZON,Inactive,Deleted,
FC-Chimmy-Shooky-2-FBA,CSTE_O0427_OT_Soft_Keychain_Chimmy,CSTE AMAZON,Inactive,Deleted,
FC-Tata- Mang-Chimmy-3-FBA,CSTE_O0427_OT_Soft_Keychain_Chimmy,CSTE AMAZON,Inactive,Deleted,
FC-BT21-CHARA3-4-FBA,CSTE_O0427_OT_Soft_Keychain_Chimmy,CSTE AMAZON,Inactive,Deleted,
FC-BT21-CHARA2-4-FBA,CSTE_O0427_OT_Soft_Keychain_Chimmy,CSTE AMAZON,Inactive,Deleted,
FC-BT21-CHARA4-4-FBA,CSTE_O0427_OT_Soft_Keychain_Chimmy,CSTE AMAZON,Inactive,Deleted,
FC-Tata-Mang-2-FBA,CSTE_O0428_OT_Soft_Keychain_Tata,CSTE AMAZON,Inactive,Deleted,
FC-RJ-Koya-2-FBA,CSTE_O0428_OT_Soft_Keychain_Tata,CSTE AMAZON,Inactive,Deleted,
FC-BT21-TATA-1-FBA,CSTE_O0428_OT_Soft_Keychain_Tata,CSTE AMAZON,Inactive,Deleted,
FC-Tata- Mang-Koya-3-FBA,CSTE_O0428_OT_Soft_Keychain_Tata,CSTE AMAZON,Inactive,Deleted,
FC-Tata- Mang-Shooky-3-FBA,CSTE_O0428_OT_Soft_Keychain_Tata,CSTE AMAZON,Inactive,Deleted,
FC-Tata-Chimmy-2-FBA,CSTE_O0428_OT_Soft_Keychain_Tata,CSTE AMAZON,Inactive,Deleted,
FC-Tata-Cooky-2-FBA,CSTE_O0428_OT_Soft_Keychain_Tata,CSTE AMAZON,Inactive,Deleted,
FC-Tata-Shooky-2-FBA,CSTE_O0428_OT_Soft_Keychain_Tata,CSTE AMAZON,Inactive,Deleted,
FC-Mang-Koya-2-FBA,CSTE_O0429_OT_Soft_Keychain_Koya,CSTE AMAZON,Inactive,Deleted,
Koya-RJ_FBA,CSTE_O0429_OT_Soft_Keychain_Koya,CSTE AMAZON,Inactive,Deleted,
Bts_softtoy_Mang_fba,CSTE_O0430_OT_Soft_Keychain_Mang,CSTE AMAZON,Inactive,Deleted,
FC-Chimmy -Shooky-Koya-3-FBA,CSTE_O0431_OT_Soft_Keychain_Shooky,CSTE AMAZON,Inactive,Deleted,
FC-Chimmy -Shooky-RJ-3-FBA,CSTE_O0431_OT_Soft_Keychain_Shooky,CSTE AMAZON,Inactive,Deleted,
FC-Mang -RJ -Shooky-3-FBA,CSTE_O0431_OT_Soft_Keychain_Shooky,CSTE AMAZON,Inactive,Deleted,
FC-Mang-Shooky-2-BFA,CSTE_O0431_OT_Soft_Keychain_Shooky,CSTE AMAZON,Inactive,Deleted,
FC-BT21-SHOOKY-1-FBA,CSTE_O0431_OT_Soft_Keychain_Shooky,CSTE AMAZON,Inactive,Deleted,
FC-Shooky-Cooky-2-FBA,CSTE_O0431_OT_Soft_Keychain_Shooky,CSTE AMAZON,Inactive,Deleted,
FC-Shooky-Koya-2-FBA,CSTE_O0431_OT_Soft_Keychain_Shooky,CSTE AMAZON,Inactive,Deleted,
FC-BT21-COOKY-1-FBA,CSTE_O0433_OT_Soft_Keychain_Cooky,CSTE AMAZON,Inactive,Deleted,
FC-Cooky-Koya-2-FBA,CSTE_O0433_OT_Soft_Keychain_Cooky,CSTE AMAZON,Inactive,Deleted,
FC-Cooky-RJ-2-FBA,CSTE_O0433_OT_Soft_Keychain_Cooky,CSTE AMAZON,Inactive,Deleted,
FC-Koya -Cooky-RJ-3-FBA,CSTE_O0433_OT_Soft_Keychain_Cooky,CSTE AMAZON,Inactive,Deleted,
FC-Koya -Cooky-Shooky-3-FBA,CSTE_O0433_OT_Soft_Keychain_Cooky,CSTE AMAZON,Inactive,Deleted,
FC-Koya-Cooky-2-FBA,CSTE_O0433_OT_Soft_Keychain_Cooky,CSTE AMAZON,Inactive,Deleted,
CA-MANG-COOKY-FBA,CSTE_O0433_OT_Soft_Keychain_Cooky,CSTE AMAZON,Inactive,Deleted,
FC-Mang-RJ-2-FBA,CSTE_O0434_OT_Soft_Keychain_Rj,CSTE AMAZON,Inactive,Deleted,
FC-Mang-RJ-Cooky-3-FBA,CSTE_O0434_OT_Soft_Keychain_Rj,CSTE AMAZON,Inactive,Deleted,
FC-Mang-RJ-Koya-3-FBA,CSTE_O0434_OT_Soft_Keychain_Rj,CSTE AMAZON,Inactive,Deleted,
soft_toy_duck,CSTE_O0437_OT_Duck_Soft_toy,CSTE MEESHO,Active,,#REF!
Duck Plushie,CSTE_O0437_OT_Duck_Soft_toy,Rudrav Meesho,Active,,#REF!
Rabbit Bag brown .,CSTE_O0439_OT_Bunny_Sling_Bag,CSTE FK,Active,Active Listing,#REF!
Spin_Wheel_Wood,CSTE_O0441_OT_Spining_Wheel_Wooden,CSTE AMAZON,Inactive,Deleted,
Combo_Spin_wheel_Heart_MB,CSTE_O0441_OT_Spining_Wheel_Wooden,CSTE AMAZON,Inactive,Deleted,
CSTE_O0442_OT_Squeeze_White,CSTE_O0442_OT_Squeeze_White,CSTE AMAZON,Active,,#REF!
squeeze_toy_3,"CSTE_O0442_OT_Squeeze_White
CSTE_O0443_OT_Squeeze_Yellow
CSTE_O0444_OT_Squeeze_Purple",CSTE FK,Active,Combo,#REF!
squeeze_toy_3,"CSTE_O0442_OT_Squeeze_White
CSTE_O0443_OT_Squeeze_Yellow
CSTE_O0444_OT_Squeeze_Purple",CSTE MEESHO,Active,Combo,#REF!
squeeze_toy_3,"CSTE_O0442_OT_Squeeze_White
CSTE_O0443_OT_Squeeze_Yellow
CSTE_O0444_OT_Squeeze_Purple",Rudrav Meesho,Active,Combo,#REF!
CSTE_O0443_OT_Squeeze_Yellow,CSTE_O0443_OT_Squeeze_Yellow,CSTE AMAZON,Active,,#REF!
CSTE_O0444_OT_Squeeze_Purple,CSTE_O0444_OT_Squeeze_Purple,CSTE AMAZON,Active,,#REF!
CSTE_O0445_OT_Glue_Sand_Rubber_Monkey,CSTE_O0445_OT_Glue_Sand_Rubber_Monkey,CSTE AMAZON,Active,,#REF!
CSTE_O0445_OT_Glue_Sand_Rubber_Monkey,CSTE_O0445_OT_Glue_Sand_Rubber_Monkey,CSTE FK,Active,,#REF!
CSTE_O0445_OT_Glue_Sand_Rubber_Monkey,CSTE_O0445_OT_Glue_Sand_Rubber_Monkey,CSTE MEESHO,Active,,#REF!
CSTE_O0445_OT_Glue_Sand_Rubber_Monkey,CSTE_O0445_OT_Glue_Sand_Rubber_Monkey,Rudrav Meesho,Active,,#REF!
CSTE_O0446_OT_Glue_Sand_Rubber_Pig,CSTE_O0446_OT_Glue_Sand_Rubber_Pig,CSTE AMAZON,Active,,#REF!
CSTE_O0446_OT_Glue_Sand_Rubber_Pig,CSTE_O0446_OT_Glue_Sand_Rubber_Pig,CSTE FK,Active,,#REF!
CSTE_O0446_OT_Glue_Sand_Rubber_Pig,CSTE_O0446_OT_Glue_Sand_Rubber_Pig,CSTE MEESHO,Active,,#REF!
CSTE_O0446_OT_Glue_Sand_Rubber_Pig,CSTE_O0446_OT_Glue_Sand_Rubber_Pig,Rudrav Meesho,Active,,#REF!
ST-Chimmy-pink,CSTE-0007-ST-BTS-PILLOW-COOKY,CSTE AMAZON,Active,Active Listing,#REF!
D_MASK_BOSS_1,D_MASK_BOSS,CSTE AMAZON,Inactive,Deleted,
DONUTMUG_fba,DONUTMUG,CSTE AMAZON,Inactive,Deleted,
Duck_Keychain_Flower_Duck,Duck_Keychain_Flower_Duck,CSTE FK,Active,Combo,#REF!
Dumbledore_Stand,Dumbledore_Stand,CSTE FK,Active,Combo,#REF!
Green_fireglasses,EB-EHLW-VWNB,CSTE AMAZON,Inactive,Deleted,
SG-fireglass-green-FBA,EB-EHLW-VWNB,CSTE AMAZON,Inactive,Deleted,
happyface_groot_fba,fba_grootpenstand1,CSTE AMAZON,Inactive,Deleted,
plantablepencildiaryandpenpink,fba_plntabl_diary_pncl2,CSTE AMAZON,Inactive,Deleted,
plantablepenpencildiary,Fba_plntble_diary_pncl1,CSTE AMAZON,Inactive,Deleted,
fba_plant_diary_pncl,Fba_plntble_diary_pncl1,CSTE AMAZON,Inactive,Deleted,
stuffed_red_pink,FBA_redpink_,CSTE AMAZON,Inactive,Deleted,
FBA-Skyblue-pink_1,fba_skybluepink1,CSTE AMAZON,Inactive,Deleted,
skybluepinkfba1,fba_skybluepink1,CSTE AMAZON,Inactive,Deleted,
FC-RJ-Cooky-2-FBA,FC-Tata-Mang-2-FBA,CSTE AMAZON,Inactive,Deleted,
Flow Portable Oxygen Concentrator for Home Use,Flow Portable Oxygen Concentrator for Home Use,CSTE FK,Active,,#REF!
Flower_Pot2,Flower Pot 3,CSTE AMAZON,Inactive,Deleted,
fba_ethio_groot,Flower_Pot|,CSTE AMAZON,Inactive,Deleted,
groot_happyface_pnstnd,Flowerpot Cum Pen-Stand,CSTE AMAZON,Inactive,Deleted,
Fur_Mat_Combo_White,Fur_MatCombo_White_fba,CSTE AMAZON,Inactive,Deleted,
Fur_Rug_Round_OrW_24x24_fba1,Fur_Rug_Round_OrW_24x24_fba,CSTE AMAZON,Inactive,Deleted,
small ganesga,ganeshji_gold_fba,CSTE AMAZON,Inactive,Deleted,
Goku_Keychain_fba,Goku_Keychain,CSTE AMAZON,Inactive,Deleted,
solarganeshaWalldecor_fba,goldenganeshaHome,CSTE AMAZON,Inactive,Deleted,
Sunglass_fba,green_heart_dropglasses_fba,CSTE AMAZON,Inactive,Deleted,
Gulal_Fog_Set,Gulal_Fog_Set,GL FK,Active,,#REF!
Gulal_Fog_Set,Gulal_Fog_Set,CSTE FK,Active,,#REF!
HB_PINK_FBA,GX-KP0V-XB75,CSTE AMAZON,Inactive,Deleted,
hammertoy,hammertoyFBA,CSTE AMAZON,Inactive,Deleted,
LY-XPZC-MB48,happy_birthday_white,CSTE AMAZON,Inactive,Deleted,
onehandonchin_new_toyf,happyface_penstandgroot,CSTE AMAZON,Inactive,Deleted,
Harry_stand,Harry_stand,CSTE FK,Active,Combo,#REF!
HP_LIGHT_BLUE,harrypotter_blue,CSTE AMAZON,Inactive,Deleted,
ayhpBrown,harrypotter_brown2_fba,CSTE AMAZON,Inactive,Deleted,
harry_potter_music_wooden_box,Harrypotter_musicbox,CSTE AMAZON,Inactive,Deleted,
Harrypotter_new_wand,Harrypotter_new_wand_fba,CSTE AMAZON,Inactive,Deleted,
Happy Birthday black,hbd_black_fba,CSTE AMAZON,Inactive,Deleted,
1U-K1DJ-GTE4,hbd_white_fba,CSTE AMAZON,Inactive,Deleted,
Red_Heart_Mat,Heart_Fur_Mat_Red_fba,CSTE AMAZON,Inactive,Deleted,
pengroot_hh,hearthand_penstant_groot,CSTE AMAZON,Inactive,Deleted,
hearthands_new_penstand,hearthand_penstant_groot,CSTE AMAZON,Inactive,Deleted,
pengroot_hh1,hearthand_penstant_groot,CSTE AMAZON,Inactive,Deleted,
Hermoine_stand,Hermoine_Stand,CSTE FK,Active,Combo,#REF!
HOC_A9_MB_MH,HOC_A9_MB_MH,CSTE FK,Active,,#REF!
HOC_Bella_Ciao_MH_Black,HOC_Bella_Ciao_MH_Black,CSTE FK,Active,,#REF!
HOC_CSTE_0073_MB_ILoveToTheMoon_Black,HOC_CSTE_0073_MB_ILoveToTheMoon_Black,CSTE FK,Active,,#REF!
HOC_MB_Queen_Black,HOC_MB_Queen_Black,CSTE FK,Active,,#REF!
HOC_MH A14 Brown MB,HOC_MH A14 Brown MB,CSTE FK,Active,,#REF!
Holi_Combo,Holi_Combo,GL FK,Active,,#REF!
Holi_Shirt_Medium,Holi_Shirt_Medium,GL FK,Active,,#REF!
Holi_tshirt_2XL,Holi_tshirt_2XL,GL FK,Active,,#REF!
Holi_Tshirt_2XL,Holi_tshirt_2XL,CSTE FK,Active,,#REF!
holi_tshirt_large,holi_tshirt_large,GL FK,Active,,#REF!
Holi_Tshirt_Large,holi_tshirt_large,CSTE FK,Active,,#REF!
Holi_Tshirt_M,Holi_Tshirt_M,CSTE FK,Active,,#REF!
holi_tshirt_XL,Holi_Tshirt_XL,GL FK,Active,,#REF!
Holi_Tshirt_XL,Holi_Tshirt_XL,CSTE FK,Active,,#REF!
IronmanSoundtoy,ironman_with_shockpen,CSTE AMAZON,Inactive,Deleted,
MB_Lord_of_the_Ring_Brown_fba,Kids Children (Brown),CSTE AMAZON,Inactive,Deleted,
KittyCat_BlueMPN,Kittycat_Blue_fba1,CSTE AMAZON,Inactive,Deleted,
Yellow_fireglasses,KJ-TQFP-S5SX,CSTE AMAZON,Inactive,Deleted,
SG-fire-glass-Yellow-FBA,KJ-TQFP-S5SX,CSTE AMAZON,Inactive,Deleted,
YA-2D9E-8D0V,KOya_Multipen,CSTE AMAZON,Inactive,Deleted,
Lilo_Stitch_Breathing_Stitch,Lilo_Stitch_Breathing_Stitch,CSTE FK,Active,Combo,#REF!
oxygen_con3,map_concentrator,CSTE AMAZON,Inactive,Deleted,
beatles_blk_map,Map_HAPPY-BIRTHDAY-BLACK,CSTE AMAZON,Inactive,Deleted,
Q1-WHZM-S05V,MAP_HBD_Multicolor,CSTE AMAZON,Inactive,Deleted,
eitheo_HBD,MAP_HBD_Multicolor,CSTE AMAZON,Inactive,Deleted,
etheo_HBD,MAP_HBD_Multicolor,CSTE AMAZON,Inactive,Deleted,
MB_Jurassic_Black,MB_Jurassic_Black_fba,CSTE AMAZON,Inactive,Deleted,
MB_Spirited_Away_Black,MB_Spirited_Away_Black_fba,CSTE AMAZON,Inactive,Deleted,
mb_zelda_black,mb_zelda_black_fba,CSTE AMAZON,Inactive,Deleted,
mb_zelda_brown_fba,mb_zelda_brown,CSTE AMAZON,Inactive,Deleted,
MB-Beatles music box-brown,MB-Beatles music box-brown-fba,CSTE AMAZON,Inactive,Deleted,
MB-Dragon ballz-red,MB-Dragon ballz-red_fba,CSTE AMAZON,Inactive,Deleted,
MB-Harry Potter-Light brown_fba,MB-Harry Potter-Light brown,CSTE AMAZON,Inactive,Deleted,
Minecraft_Small_Sword_Steve,Minecraft_Small_Sword_Steve,CSTE AMAZON,Active,Combo,#REF!
Minecraft_Small_Sword_Steve,Minecraft_Small_Sword_Steve,Rudrav Meesho,Active,Combo,#REF!
Minecraft_Spider_Creeper,Minecraft_Spider_Creeper,CSTE AMAZON,Active,Combo,#REF!
MB_Sunshine_Son_Brown_fba,Music_Box-Colour-Brown,CSTE AMAZON,Inactive,Deleted,
Z2-NI8F-MY5X,Newglass-10,CSTE AMAZON,Inactive,Deleted,
OCTOPUS-10,oct_purp_green,CSTE AMAZON,Inactive,Deleted,
Combo-Octo,oct_purp_green,CSTE AMAZON,Inactive,Deleted,
octo_bluepurple3,octo_bluepurple1,CSTE AMAZON,Inactive,Deleted,
ST-Octopus-Blue-Purple,octo_bluepurple1,CSTE AMAZON,Inactive,Deleted,
octo_bluepurple2,octo_bluepurple1,CSTE AMAZON,Inactive,Deleted,
ST-Octopus-Blue-Purple-FBA,octo_bluepurple1,CSTE AMAZON,Inactive,Deleted,
ST-Blue-Orange-FBA,octo_darkblueorange,CSTE AMAZON,Inactive,Deleted,
ST-Dark-Blue-Pink,octo_darkbluepink1,CSTE AMAZON,Inactive,Deleted,
octo_darkbluepink,octo_darkbluepink1,CSTE AMAZON,Inactive,Deleted,
octo_darkbluepink3,octo_darkbluepink1,CSTE AMAZON,Inactive,Deleted,
octo_darkbluepink3_fba,octo_darkbluepink1,CSTE AMAZON,Inactive,Deleted,
octo_darkbluepink2,octo_darkbluepink1,CSTE AMAZON,Inactive,Deleted,
ST-Dark-Blue-Pink-FBA,octo_darkbluepink1,CSTE AMAZON,Inactive,Deleted,
ST-Octopus-Purple-Green,octo_purplegreen,CSTE AMAZON,Inactive,Deleted,
ST-Octopus-Purple-Green-FBA,octo_purplegreen,CSTE AMAZON,Inactive,Deleted,
octo_purplegreen4,octo_purplegreen,CSTE AMAZON,Inactive,Deleted,
octo_purplegreen5_fba,octo_purplegreen,CSTE AMAZON,Inactive,Deleted,
octo_purplegreen3,octo_purplegreen,CSTE AMAZON,Inactive,Deleted,
octo_purplegreen1,octo_purplegreen,CSTE AMAZON,Inactive,Deleted,
octo_purplegreen5,octo_purplegreen,CSTE AMAZON,Inactive,Deleted,
octo_purplegreen2,octo_purplegreen,CSTE AMAZON,Inactive,Deleted,
octo_redpink1,octo_redpink2,CSTE AMAZON,Inactive,Deleted,
octo_redpink3,octo_redpink2,CSTE AMAZON,Inactive,Deleted,
ST-Octopus-Red-Pink-FBA,octo_redpink2,CSTE AMAZON,Inactive,Deleted,
ST-Octopus-Red-Pink,octo_redpink2,CSTE AMAZON,Inactive,Deleted,
octo_redpink,octo_redpink2,CSTE AMAZON,Inactive,Deleted,
octo_redpink3_fba,octo_redpink2,CSTE AMAZON,Inactive,Deleted,
ST-Octopus-Dark-Red-Yellow,octo_redyellow2,CSTE AMAZON,Inactive,Deleted,
octo_darkredyellow1,octo_redyellow2,CSTE AMAZON,Inactive,Deleted,
octo_darkredyellow2,octo_redyellow2,CSTE AMAZON,Inactive,Deleted,
octo_redyellow,octo_redyellow2,CSTE AMAZON,Inactive,Deleted,
octo_redyellow3,octo_redyellow2,CSTE AMAZON,Inactive,Deleted,
octo_redyellow1,octo_redyellow2,CSTE AMAZON,Inactive,Deleted,
octo_darkredyellow2_fba,octo_redyellow2,CSTE AMAZON,Inactive,Deleted,
octo_darkredyellow,octo_redyellow2,CSTE AMAZON,Inactive,Deleted,
ST-Octopus-Dark-Red-Yellow-FBA,octo_redyellow2,CSTE AMAZON,Inactive,Deleted,
octo_skybluepink2,octo_skybluepink1,CSTE AMAZON,Inactive,Deleted,
octo_skybluepink,octo_skybluepink1,CSTE AMAZON,Inactive,Deleted,
octo_skybluepink3,octo_skybluepink1,CSTE AMAZON,Inactive,Deleted,
octo_skybluepink4,octo_skybluepink1,CSTE AMAZON,Inactive,Deleted,
ST-Octopus-sky-Blue-Pink-FBA,octo_skybluepink1,CSTE AMAZON,Inactive,Deleted,
octo_skybluepink5_fba,octo_skybluepink1,CSTE AMAZON,Inactive,Deleted,
FBA_oct_multi,Octopus_multicolor_,CSTE AMAZON,Inactive,Deleted,
JM-9CZ6-RD98,OCTOPUS-14,CSTE AMAZON,Inactive,Deleted,
YT-1IRG-1G1W,OCTOPUS-3,CSTE AMAZON,Inactive,Deleted,
8T-CNTO-VK4Z,OCTOPUS-8,CSTE AMAZON,Inactive,Deleted,
OCTOPUS-4,OE-68V5-G8VU,CSTE AMAZON,Inactive,Deleted,
V1-A3QC-QVFF,OM-J107-T9PJ,CSTE AMAZON,Inactive,Deleted,
OCTOPUS-6,OM-J107-T9PJ,CSTE AMAZON,Inactive,Deleted,
orange_fur_mat_fba,orange_fur_mat,CSTE AMAZON,Inactive,Deleted,
Peach_Round_Mat,Peach_Fur_Mat_fba,CSTE AMAZON,Inactive,Deleted,
NH-L6ZI-3JCO,Peach_starglass_fba,CSTE AMAZON,Inactive,Deleted,
BG-TQ3M-ZGNR,Peach_starglass_fba,CSTE AMAZON,Inactive,Deleted,
Peach_starglass,Peach_starglass_fba,CSTE AMAZON,Inactive,Deleted,
Wooden Look PVC Marvel Avengers,penholdr_groot,CSTE AMAZON,Inactive,Deleted,
PIANO-001,PIANO-001,CSTE AMAZON,Inactive,Deleted,
Pink_cat_eyeglasses_metal,Pink_cat_eyeglasses_metal_fba,CSTE AMAZON,Inactive,Deleted,
purple_bat_glasses,purple_bat_glasses_fba,CSTE AMAZON,Inactive,Deleted,
purple_big_shadedgold_glasses,purple_big_shadedgold_glasses_fba,CSTE AMAZON,Inactive,Deleted,
purple_rectangle_glasses,purple_rectangle_glasses_fba,CSTE AMAZON,Inactive,Deleted,
Red_Fur_Mat_fba,red circle furmat,CSTE AMAZON,Inactive,Deleted,
Red_Drop_eyeglasses_fba,Red_Drop_eyeglasses,CSTE AMAZON,Inactive,Deleted,
red_feathers_glasses,red_feathers_glasses_fba,CSTE AMAZON,Inactive,Deleted,
Red_heart_Sunglass_fba,Red_heart_Sunglass,CSTE AMAZON,Inactive,Deleted,
Red_Fur_Mat,Red_Round_Mat_fba,CSTE AMAZON,Inactive,Deleted,
Reversible_Pikachu_fba,Reversible_Pikachu_1fba,CSTE AMAZON,Inactive,Deleted,
Mercurygreen_fireglasses,Rimless-Listing,CSTE AMAZON,Inactive,Deleted,
XB-80RC-72JC,Rugmat-New2,CSTE AMAZON,Inactive,Deleted,
Blue_fireglasses,SG-fire glass-Blue-FBA,CSTE AMAZON,Inactive,Deleted,
Mercury_red_fireglasses,SG-fireglasses-mercury-red,CSTE AMAZON,Inactive,Deleted,
SG-fireglasses-sky-blue,Sky_blue_fireglasses,CSTE AMAZON,Inactive,Deleted,
IT-PYQ0-S8YE,skyblue_cat_FBA,CSTE AMAZON,Inactive,Deleted,
ST-Koya-bts-blue,Soft Toys_Koya-FBA,CSTE AMAZON,Inactive,Deleted,
solarganeshaWalldecor_fba1,solarganeshaWalldecor,CSTE AMAZON,Inactive,Deleted,
Spin_Wheel_Wood_fba,Spin_Wheel_Wood,CSTE AMAZON,Inactive,Deleted,
Square_FurMat_Red,Square_FurMat_Red_fba,CSTE AMAZON,Inactive,Deleted,
ST-BTS-chimmy-cooky-koya-rj-FBA,ST-BTS-chimmy-cooky-koya-rj,CSTE AMAZON,Active,Combo,#REF!
ST-BTS-chimmy-cooky-koya-Shooky,ST-BTS-chimmy-cooky-koya-Shooky-FBA,CSTE AMAZON,Active,Combo,#REF!
ST-BTS-chimmy-cooky-koya-tata,ST-BTS-chimmy-cooky-koya-tata-FBA,CSTE AMAZON,Inactive,Deleted,
ST-BTS-chimmy-cooky-koya-van-FBA,ST-BTS-chimmy-cooky-koya-van,CSTE AMAZON,Active,Combo,#REF!
ST-BTS-Chimmy-RJ,ST-BTS-Chimmy-RJ-FBA,CSTE AMAZON,Inactive,Deleted,
ST-BTS-Chimmy-Shooky-FBA,ST-BTS-Chimmy-Shooky,CSTE AMAZON,Active,Combo,#REF!
ST-BTS-chimmy-tata,ST-BTS-chimmy-tata-FBA,CSTE AMAZON,Inactive,Deleted,
ST-BTS-chimmy-van-FBA,ST-BTS-chimmy-van,CSTE AMAZON,Active,Combo,#REF!
ND-OWS0-X2BV,ST-BTS-chimmy-van,CSTE AMAZON,Inactive,Deleted,
ST-BTS-cooky-Chimmy,ST-BTS-cooky-Chimmy-FBA,CSTE AMAZON,Inactive,Deleted,
ST-BTS-cooky-koya-rj-tata,ST-BTS-cooky-koya-rj-tata-FBA,CSTE AMAZON,Inactive,Deleted,
ST-BTS-Cooky-RJ,ST-BTS-Cooky-RJ-FBA,CSTE AMAZON,Inactive,Deleted,
ST-BTS-cooky-shooky,ST-BTS-cooky-shooky-FBA,CSTE AMAZON,Inactive,Deleted,
ST-BTS-cooky-tata,ST-BTS-cooky-tata-FBA,CSTE AMAZON,Inactive,Deleted,
YV-YJZN-6C87,ST-BTS-cooky-van-FBA,CSTE AMAZON,Inactive,Deleted,
ST-BTS-cooky-van,ST-BTS-cooky-van-FBA,CSTE AMAZON,Inactive,Deleted,
ST-BTS-Koya-Chimmy-FBA,ST-BTS-Koya-Chimmy,CSTE AMAZON,Active,Combo,#REF!
ST-BTS-KOYA-Cooky,ST-BTS-KOYA-Cooky-FBA,CSTE AMAZON,Inactive,Deleted,
ST-BTS-koya-rj-FBA,ST-BTS-koya-rj,CSTE AMAZON,Active,Combo,#REF!
ST-BTS-koya-rj-shooky-chimmy-FBA,ST-BTS-koya-rj-shooky-chimmy,CSTE AMAZON,Active,Combo,#REF!
ST-BTS-koya-rj-shooky-tata-FBA,ST-BTS-koya-rj-shooky-tata,CSTE AMAZON,Active,Combo,#REF!
ST-BTS-Koya-Shooky,ST-BTS-Koya-Shooky-FBA,CSTE AMAZON,Inactive,Deleted,
ST-BTS-Koya-tata,ST-BTS-Koya-tata-FBA,CSTE AMAZON,Inactive,Deleted,
ST-BTS-Koya-van,ST-BTS-Koya-van-FBA,CSTE AMAZON,Inactive,Deleted,
ST-BTS-rj-shooky-FBA,ST-BTS-rj-shooky,CSTE AMAZON,Active,Combo,#REF!
ST-BTS-rj-shooky-van-tata,ST-BTS-rj-shooky-van-tata-FBA,CSTE AMAZON,Inactive,Deleted,
ST-BTS-RJ-tata,ST-BTS-RJ-tata-FBA,CSTE AMAZON,Inactive,Deleted,
ST-BTS-shooky-tata-chimmy-cooky,ST-BTS-shooky-tata-chimmy-cooky-FBA,CSTE AMAZON,Active,Combo,#REF!
ST-BTS-shooky-tata,ST-BTS-shooky-tata-FBA,CSTE AMAZON,Inactive,Deleted,
ST-BTS-shooky-van-FBA,ST-BTS-shooky-van,CSTE AMAZON,Active,Combo,#REF!
ST-bts-throw-pillow-mang,ST-bts-throw-pillow-mang_FBA,CSTE AMAZON,Inactive,Deleted,
ST-BTS-van-tata,ST-BTS-van-tata-FBA,CSTE AMAZON,Inactive,Deleted,
Koya - Blue_Luck,ST-Koya-bts-blue_FBA,CSTE AMAZON,Inactive,Deleted,
StarRed-sunglass,Star_redglass_fba,CSTE AMAZON,Inactive,Deleted,
Star_redglass,Star_redglass_fba,CSTE AMAZON,Inactive,Deleted,
STAR_WARS,starwars_black_fba,CSTE AMAZON,Inactive,Deleted,
brown_white_octo_fba,stuffed_brown_white,CSTE AMAZON,Inactive,Deleted,
FBA_deepblue_purple,stuffed_oct_blue_purple,CSTE AMAZON,Inactive,Deleted,
butterful_redgreen_glasses,SUNGLAS_fba,CSTE AMAZON,Inactive,Deleted,
SG-fire glass-Pink-FBA,Sunglass-203,CSTE AMAZON,Inactive,Deleted,
tiger_bigUshape_glasses,tiger_bigUshape_glasses_fba,CSTE AMAZON,Inactive,Deleted,
FBA_thuglife_glasses,TLSG,CSTE AMAZON,Inactive,Deleted,
thug_life_caju,TLSG,CSTE AMAZON,Inactive,Deleted,
TLSG_Red,TLSG_Red_fba,CSTE AMAZON,Inactive,Deleted,
Tshirt(M)_fog_gulal_ballons,Tshirt(M)_fog_gulal_ballons,CSTE FK,Active,,#REF!
Twinkletwinklesoundbox,twinkle_FBA,CSTE AMAZON,Inactive,Deleted,
Rugmat-New5,UH-ZM8Z-7JXY,CSTE AMAZON,Inactive,Deleted,
unipillow_blue_fba,Unicorn Neck Pillow Blue,CSTE AMAZON,Inactive,Deleted,
unicornpillow_fba_pink,Unicorn Neck Pillow pink,CSTE AMAZON,Inactive,Deleted,
CSTE_O0306_OT_UnicornPlantableDiary_Pink,Unicorn_PlantableDiary_Pink,CSTE FK,Active,Active Listing,
Water_balloon,Water_balloon,GL FK,Active,,#REF!
Water_balloon2,Water_balloon2,GL FK,Active,,#REF!
Water_balloon3,Water_balloon3,GL FK,Active,,#REF!
94-8SPK-EVRQ,White_FurNew_Black,CSTE AMAZON,Inactive,Deleted,
white_heart_glasses_fba,white_heart_glasses,CSTE AMAZON,Inactive,Deleted,
White_Round_Mat_fba,White_Round_Mat,CSTE AMAZON,Inactive,Deleted,
FBA_skyblue_pink_2,X4-LSD4-YSK7,CSTE AMAZON,Inactive,Deleted,
XEXY_0001_Accs_Bamboo_Socks_Pink,XEXY_0001_Accs_Bamboo_Xocks_Pink,CSTE AMAZON,Active,Active Listing,#REF!
K9,XEXY_0002_Accs_Electronics_Mic_K9,CSTE AMAZON,Active,Active Listing,#REF!
XEXY_0002_Accs_Electronics_Mic_K9,XEXY_0002_Accs_Electronics_Mic_K9,CSTE MEESHO,Active,,#REF!
XEXY_0002_Accs_Electronics_Mic_K9,XEXY_0002_Accs_Electronics_Mic_K9,Rudrav Meesho,Active,,#REF!
XEXY_0002_Accs_Electronics_Mic_K9,XEXY_0002_Accs_Electronics_Mic_K9,CSTE FK,Active,Active Listing,#REF!
K15,XEXY_0003_Accs_Electronics_Mic_K15,CSTE AMAZON,Active,Active Listing,#REF!
XEXY_0003_Accs_Electronics_Mic_K15,XEXY_0003_Accs_Electronics_Mic_K15,CSTE FK,Active,Active Listing,#REF!
XEXY_0003_Accs_Electronics_Mic_K15,XEXY_0003_Accs_Electronics_Mic_K15,CSTE MEESHO,Active,,#REF!
XEXY_0004_Accs_Electronics_USB_Hub,XEXY_0004_Accs_Electronics_USB_Hub,CSTE AMAZON,Active,Active Listing,#REF!
XEXY_0004_Accs_Electronics_USB_Hub,XEXY_0004_Accs_Electronics_USB_Hub,CSTE FK,Active,Active Listing,#REF!
XEXY_0004_Accs_Electronics_USB_Hub,XEXY_0004_Accs_Electronics_USB_Hub,CSTE MEESHO,Active,,#REF!
XEXY_0005_Accs_Electronics_Tripod_K31,XEXY_0005_Accs_Electronics_Tripod_K31,CSTE AMAZON,Active,Active Listing,#REF!
XEXY_0005_Accs_Electronics_Tripod_K31,XEXY_0005_Accs_Electronics_Tripod_K31,CSTE FK,Active,Active Listing,#REF!
Lightning_OTG_Adapter_Grey,XEXY_0006_Accs_Electronics_OTG_Adapter,CSTE AMAZON,Active,Active Listing,#REF!
XEXY_0006_Accs_Electronics_OTG_Adapter,XEXY_0006_Accs_Electronics_OTG_Adapter,CSTE FK,Active,Active Listing,#REF!
XEXY_0006_Accs_Electronics_OTG_Adapter,XEXY_0006_Accs_Electronics_OTG_Adapter,CSTE MEESHO,Active,,#REF!
XEXY_0006_Accs_Electronics_OTG_Adapter,XEXY_0006_Accs_Electronics_OTG_Adapter,Rudrav Meesho,Active,,#REF!
sunshine_fba,YMS-01,CSTE AMAZON,Inactive,Deleted,
sunshine_mb_fba,YMS-01,CSTE AMAZON,Inactive,Deleted,
Silver_fireglasses,ZI-ZLLR-6USK,CSTE AMAZON,Inactive,Deleted,
breathing_Otter_Brown,CSTE_0486_ST_Animal_Breathing_Otter_Brown,Cste Amazon,Active,,
"""fk-BTS BT21 Kpop Merch Plush Large 14"""" Cushion Dust Cover""",CSTE_0006_ST_Bts_Pillow_Van,CSTE FK,Active,,
