[SUCCESS]  Airtable connection validated successfully
[SUCCESS]  Airtable connection validated successfully
[SUCCESS]  Airtable connection validated successfully
[SUCCESS]  Airtable connection validated successfully
[SUCCESS]  Airtable connection validated successfully
[SUCCESS]  Airtable connection validated successfully
INFO 2025-06-23 02:10:42,953 airtable_sync 18004 26900 [SUCCESS]  Airtable connection validated successfully
INFO 2025-06-23 02:10:50,027 airtable_sync 18004 26900 [SUCCESS] Synced SKU mapping 21854691 to Airtable
INFO 2025-06-23 02:10:50,046 airtable_sync 18004 26900 [SUCCESS] Updated SKU mapping 21854691 from Airtable
INFO 2025-06-23 02:10:57,404 airtable_sync 18004 26900 [SUCCESS] Synced SKU mapping 1713595565_7 to Airtable
INFO 2025-06-23 02:10:57,414 airtable_sync 18004 26900 [SUCCESS] Updated SKU mapping 1713595565_7 from Airtable
INFO 2025-06-23 02:10:59,726 airtable_sync 18004 26900 [SUCCESS] Synced SKU mapping 1730263290_10 to Airtable
INFO 2025-06-23 02:10:59,733 airtable_sync 18004 26900 [SUCCESS] Updated SKU mapping 1730263290_10 from Airtable
INFO 2025-06-23 02:11:02,342 airtable_sync 18004 26900 [SUCCESS] Synced SKU mapping 1E-TWV2-4FQF to Airtable
INFO 2025-06-23 02:11:02,370 airtable_sync 18004 26900 [SUCCESS] Updated SKU mapping 1E-TWV2-4FQF from Airtable
INFO 2025-06-23 02:11:04,745 airtable_sync 18004 26900 [SUCCESS] Synced SKU mapping 21544779 to Airtable
INFO 2025-06-23 02:11:04,751 airtable_sync 18004 26900 [SUCCESS] Updated SKU mapping 21544779 from Airtable
INFO 2025-06-23 02:11:08,034 airtable_sync 18004 26900 [SUCCESS] Synced combo product CSTE_O0446_OT_Glue_Sand_Rubber_Pig to Airtable
INFO 2025-06-23 02:11:08,045 airtable_sync 18004 26900 [SUCCESS] Updated combo product CSTE_O0446_OT_Glue_Sand_Rubber_Pig from Airtable
INFO 2025-06-23 02:11:10,336 airtable_sync 18004 26900 [SUCCESS] Synced combo product CSTE_0358_Wands_Dumbledore_light_Sg to Airtable
INFO 2025-06-23 02:11:10,346 airtable_sync 18004 26900 [SUCCESS] Updated combo product CSTE_0358_Wands_Dumbledore_light_Sg from Airtable
INFO 2025-06-23 02:11:12,520 airtable_sync 18004 26900 [SUCCESS] Synced combo product Caaju_Compression_Travelkit_Blue to Airtable
INFO 2025-06-23 02:11:12,529 airtable_sync 18004 26900 [SUCCESS] Updated combo product Caaju_Compression_Travelkit_Blue from Airtable
INFO 2025-06-23 02:11:14,671 airtable_sync 18004 26900 [SUCCESS] Synced combo product CSTE_O0443_OT_Squeeze_Yellow to Airtable
INFO 2025-06-23 02:11:14,680 airtable_sync 18004 26900 [SUCCESS] Updated combo product CSTE_O0443_OT_Squeeze_Yellow from Airtable
INFO 2025-06-23 02:11:17,100 airtable_sync 18004 26900 [SUCCESS] Synced combo product CSTE_0481_ST_Animal_Cow_Plush_Cloths to Airtable
INFO 2025-06-23 02:11:17,110 airtable_sync 18004 26900 [SUCCESS] Updated combo product CSTE_0481_ST_Animal_Cow_Plush_Cloths from Airtable
INFO 2025-06-23 02:11:17,110 airtable_sync 18004 26900 [SUCCESS] Sync from Airtable complete: {'created': 0, 'updated': 15, 'errors': 0}
INFO 2025-06-23 02:11:17,111 sync_from_airtable 18004 26900 Airtable sync completed: {'created': 0, 'updated': 15, 'errors': 0}
INFO 2025-06-23 02:12:42,249 airtable_sync 7944 15256 [SUCCESS]  Airtable connection validated successfully
INFO 2025-06-23 02:12:54,785 airtable_sync 7944 15256 [SUCCESS] Synced SKU mapping 21854691 to Airtable
INFO 2025-06-23 02:12:54,792 airtable_sync 7944 15256 [SUCCESS] Updated SKU mapping 21854691 from Airtable
INFO 2025-06-23 02:12:57,050 airtable_sync 7944 15256 [SUCCESS] Synced SKU mapping 1713595565_7 to Airtable
INFO 2025-06-23 02:12:57,057 airtable_sync 7944 15256 [SUCCESS] Updated SKU mapping 1713595565_7 from Airtable
INFO 2025-06-23 02:12:59,435 airtable_sync 7944 15256 [SUCCESS] Synced SKU mapping 1730263290_10 to Airtable
INFO 2025-06-23 02:12:59,464 airtable_sync 7944 15256 [SUCCESS] Updated SKU mapping 1730263290_10 from Airtable
INFO 2025-06-23 02:13:01,860 airtable_sync 7944 15256 [SUCCESS] Synced SKU mapping 1E-TWV2-4FQF to Airtable
INFO 2025-06-23 02:13:01,889 airtable_sync 7944 15256 [SUCCESS] Updated SKU mapping 1E-TWV2-4FQF from Airtable
INFO 2025-06-23 02:13:04,468 airtable_sync 7944 15256 [SUCCESS] Synced SKU mapping 21544779 to Airtable
INFO 2025-06-23 02:13:04,511 airtable_sync 7944 15256 [SUCCESS] Updated SKU mapping 21544779 from Airtable
INFO 2025-06-23 02:13:06,899 airtable_sync 7944 15256 [SUCCESS] Synced SKU mapping 14646645 to Airtable
INFO 2025-06-23 02:13:06,928 airtable_sync 7944 15256 [SUCCESS] Updated SKU mapping 14646645 from Airtable
INFO 2025-06-23 02:13:09,494 airtable_sync 7944 15256 [SUCCESS] Synced SKU mapping 1360333923_21 to Airtable
INFO 2025-06-23 02:13:09,523 airtable_sync 7944 15256 [SUCCESS] Updated SKU mapping 1360333923_21 from Airtable
INFO 2025-06-23 02:13:12,146 airtable_sync 7944 15256 [SUCCESS] Synced SKU mapping 17*17_PillowCover_White_fba to Airtable
INFO 2025-06-23 02:13:12,156 airtable_sync 7944 15256 [SUCCESS] Updated SKU mapping 17*17_PillowCover_White_fba from Airtable
INFO 2025-06-23 02:13:14,358 airtable_sync 7944 15256 [SUCCESS] Synced SKU mapping 1871815601_22 to Airtable
INFO 2025-06-23 02:13:14,386 airtable_sync 7944 15256 [SUCCESS] Updated SKU mapping 1871815601_22 from Airtable
INFO 2025-06-23 02:13:16,787 airtable_sync 7944 15256 [SUCCESS] Synced SKU mapping 1003264078_18 to Airtable
INFO 2025-06-23 02:13:16,817 airtable_sync 7944 15256 [SUCCESS] Updated SKU mapping 1003264078_18 from Airtable
INFO 2025-06-23 02:13:18,835 airtable_sync 7944 15256 [SUCCESS] Synced SKU mapping 21305790 to Airtable
INFO 2025-06-23 02:13:18,847 airtable_sync 7944 15256 [SUCCESS] Updated SKU mapping 21305790 from Airtable
INFO 2025-06-23 02:13:21,469 airtable_sync 7944 15256 [SUCCESS] Synced SKU mapping 17*17_PillowCover_Combo to Airtable
INFO 2025-06-23 02:13:21,482 airtable_sync 7944 15256 [SUCCESS] Updated SKU mapping 17*17_PillowCover_Combo from Airtable
INFO 2025-06-23 02:13:23,858 airtable_sync 7944 15256 [SUCCESS] Synced SKU mapping 1143810604_4 to Airtable
INFO 2025-06-23 02:13:23,875 airtable_sync 7944 15256 [SUCCESS] Updated SKU mapping 1143810604_4 from Airtable
INFO 2025-06-23 02:13:26,336 airtable_sync 7944 15256 [SUCCESS] Synced SKU mapping 23589657 to Airtable
INFO 2025-06-23 02:13:26,366 airtable_sync 7944 15256 [SUCCESS] Updated SKU mapping 23589657 from Airtable
INFO 2025-06-23 02:13:28,670 airtable_sync 7944 15256 [SUCCESS] Synced SKU mapping 21305786 to Airtable
INFO 2025-06-23 02:13:28,703 airtable_sync 7944 15256 [SUCCESS] Updated SKU mapping 21305786 from Airtable
INFO 2025-06-23 02:13:31,029 airtable_sync 7944 15256 [SUCCESS] Synced SKU mapping 1644333045_8 to Airtable
INFO 2025-06-23 02:13:31,060 airtable_sync 7944 15256 [SUCCESS] Updated SKU mapping 1644333045_8 from Airtable
INFO 2025-06-23 02:13:33,329 airtable_sync 7944 15256 [SUCCESS] Synced SKU mapping 21notes_mahogany_darkbrown to Airtable
INFO 2025-06-23 02:13:33,360 airtable_sync 7944 15256 [SUCCESS] Updated SKU mapping 21notes_mahogany_darkbrown from Airtable
INFO 2025-06-23 02:13:35,607 airtable_sync 7944 15256 [SUCCESS] Synced SKU mapping 1912192788_24 to Airtable
INFO 2025-06-23 02:13:35,638 airtable_sync 7944 15256 [SUCCESS] Updated SKU mapping 1912192788_24 from Airtable
INFO 2025-06-23 02:13:37,811 airtable_sync 7944 15256 [SUCCESS] Synced SKU mapping 17*17_PillowCover_Maroon_fba to Airtable
INFO 2025-06-23 02:13:37,821 airtable_sync 7944 15256 [SUCCESS] Updated SKU mapping 17*17_PillowCover_Maroon_fba from Airtable
INFO 2025-06-23 02:13:40,142 airtable_sync 7944 15256 [SUCCESS] Synced SKU mapping 1805661512_9 to Airtable
INFO 2025-06-23 02:13:40,169 airtable_sync 7944 15256 [SUCCESS] Updated SKU mapping 1805661512_9 from Airtable
INFO 2025-06-23 02:13:42,540 airtable_sync 7944 15256 [SUCCESS] Synced SKU mapping 1394838850_15 to Airtable
INFO 2025-06-23 02:13:42,550 airtable_sync 7944 15256 [SUCCESS] Updated SKU mapping 1394838850_15 from Airtable
INFO 2025-06-23 02:13:44,906 airtable_sync 7944 15256 [SUCCESS] Synced SKU mapping 21-KS63-Q1QL to Airtable
INFO 2025-06-23 02:13:44,914 airtable_sync 7944 15256 [SUCCESS] Updated SKU mapping 21-KS63-Q1QL from Airtable
INFO 2025-06-23 02:13:46,940 airtable_sync 7944 15256 [SUCCESS] Synced SKU mapping 18-Musical box_04 to Airtable
INFO 2025-06-23 02:13:46,953 airtable_sync 7944 15256 [SUCCESS] Updated SKU mapping 18-Musical box_04 from Airtable
INFO 2025-06-23 02:13:49,113 airtable_sync 7944 15256 [SUCCESS] Synced SKU mapping 17notes_brown_kalimba to Airtable
INFO 2025-06-23 02:13:49,123 airtable_sync 7944 15256 [SUCCESS] Updated SKU mapping 17notes_brown_kalimba from Airtable
INFO 2025-06-23 02:13:51,205 airtable_sync 7944 15256 [SUCCESS] Synced SKU mapping 21305789 to Airtable
INFO 2025-06-23 02:13:51,218 airtable_sync 7944 15256 [SUCCESS] Updated SKU mapping 21305789 from Airtable
INFO 2025-06-23 02:13:53,675 airtable_sync 7944 15256 [SUCCESS] Synced SKU mapping -TDNw6MD to Airtable
INFO 2025-06-23 02:13:53,685 airtable_sync 7944 15256 [SUCCESS] Updated SKU mapping -TDNw6MD from Airtable
INFO 2025-06-23 02:13:56,048 airtable_sync 7944 15256 [SUCCESS] Synced SKU mapping 1691872855_5 to Airtable
INFO 2025-06-23 02:13:56,055 airtable_sync 7944 15256 [SUCCESS] Updated SKU mapping 1691872855_5 from Airtable
INFO 2025-06-23 02:13:58,063 airtable_sync 7944 15256 [SUCCESS] Synced SKU mapping 17note_mahogany_kalimbaBlue to Airtable
INFO 2025-06-23 02:13:58,073 airtable_sync 7944 15256 [SUCCESS] Updated SKU mapping 17note_mahogany_kalimbaBlue from Airtable
INFO 2025-06-23 02:14:00,446 airtable_sync 7944 15256 [SUCCESS] Synced SKU mapping 06-2PLJ-PX2A to Airtable
INFO 2025-06-23 02:14:00,476 airtable_sync 7944 15256 [SUCCESS] Updated SKU mapping 06-2PLJ-PX2A from Airtable
INFO 2025-06-23 02:14:02,891 airtable_sync 7944 15256 [SUCCESS] Synced SKU mapping 2128598469_7 to Airtable
INFO 2025-06-23 02:14:02,919 airtable_sync 7944 15256 [SUCCESS] Updated SKU mapping 2128598469_7 from Airtable
INFO 2025-06-23 02:14:05,110 airtable_sync 7944 15256 [SUCCESS] Synced SKU mapping 1480052282_26 to Airtable
INFO 2025-06-23 02:14:05,139 airtable_sync 7944 15256 [SUCCESS] Updated SKU mapping 1480052282_26 from Airtable
INFO 2025-06-23 02:14:07,400 airtable_sync 7944 15256 [SUCCESS] Synced SKU mapping $quid_Keychain to Airtable
INFO 2025-06-23 02:14:07,428 airtable_sync 7944 15256 [SUCCESS] Updated SKU mapping $quid_Keychain from Airtable
INFO 2025-06-23 02:14:09,726 airtable_sync 7944 15256 [SUCCESS] Synced SKU mapping 1F-XCQU-9DC0 to Airtable
INFO 2025-06-23 02:14:09,738 airtable_sync 7944 15256 [SUCCESS] Updated SKU mapping 1F-XCQU-9DC0 from Airtable
INFO 2025-06-23 02:14:12,198 airtable_sync 7944 15256 [SUCCESS] Synced SKU mapping 2 to Airtable
INFO 2025-06-23 02:14:12,228 airtable_sync 7944 15256 [SUCCESS] Updated SKU mapping 2 from Airtable
INFO 2025-06-23 02:14:14,644 airtable_sync 7944 15256 [SUCCESS] Synced SKU mapping 23541268 to Airtable
INFO 2025-06-23 02:14:14,656 airtable_sync 7944 15256 [SUCCESS] Updated SKU mapping 23541268 from Airtable
INFO 2025-06-23 02:14:16,911 airtable_sync 7944 15256 [SUCCESS] Synced SKU mapping 21549564 to Airtable
INFO 2025-06-23 02:14:16,943 airtable_sync 7944 15256 [SUCCESS] Updated SKU mapping 21549564 from Airtable
INFO 2025-06-23 02:14:19,383 airtable_sync 7944 15256 [SUCCESS] Synced SKU mapping 21305787 to Airtable
INFO 2025-06-23 02:14:19,413 airtable_sync 7944 15256 [SUCCESS] Updated SKU mapping 21305787 from Airtable
INFO 2025-06-23 02:14:21,736 airtable_sync 7944 15256 [SUCCESS] Synced SKU mapping 21305792 to Airtable
INFO 2025-06-23 02:14:21,747 airtable_sync 7944 15256 [SUCCESS] Updated SKU mapping 21305792 from Airtable
INFO 2025-06-23 02:14:24,070 airtable_sync 7944 15256 [SUCCESS] Synced SKU mapping 12547896 to Airtable
INFO 2025-06-23 02:14:24,097 airtable_sync 7944 15256 [SUCCESS] Updated SKU mapping 12547896 from Airtable
INFO 2025-06-23 02:14:26,528 airtable_sync 7944 15256 [SUCCESS] Synced SKU mapping 24_colour_pencil to Airtable
INFO 2025-06-23 02:14:26,559 airtable_sync 7944 15256 [SUCCESS] Updated SKU mapping 24_colour_pencil from Airtable
INFO 2025-06-23 02:14:29,001 airtable_sync 7944 15256 [SUCCESS] Synced SKU mapping 201425270_13 to Airtable
INFO 2025-06-23 02:14:29,033 airtable_sync 7944 15256 [SUCCESS] Updated SKU mapping 201425270_13 from Airtable
INFO 2025-06-23 02:14:31,608 airtable_sync 7944 15256 [SUCCESS] Synced SKU mapping 21457455 to Airtable
INFO 2025-06-23 02:14:31,617 airtable_sync 7944 15256 [SUCCESS] Updated SKU mapping 21457455 from Airtable
INFO 2025-06-23 02:14:34,109 airtable_sync 7944 15256 [SUCCESS] Synced SKU mapping 25-J008-EY79 to Airtable
INFO 2025-06-23 02:14:34,137 airtable_sync 7944 15256 [SUCCESS] Updated SKU mapping 25-J008-EY79 from Airtable
INFO 2025-06-23 02:14:36,494 airtable_sync 7944 15256 [SUCCESS] Synced SKU mapping 174643083_6 to Airtable
INFO 2025-06-23 02:14:36,523 airtable_sync 7944 15256 [SUCCESS] Updated SKU mapping 174643083_6 from Airtable
INFO 2025-06-23 02:14:38,707 airtable_sync 7944 15256 [SUCCESS] Synced SKU mapping 2034722522_19 to Airtable
INFO 2025-06-23 02:14:38,738 airtable_sync 7944 15256 [SUCCESS] Updated SKU mapping 2034722522_19 from Airtable
INFO 2025-06-23 02:14:41,291 airtable_sync 7944 15256 [SUCCESS] Synced SKU mapping 20546001 to Airtable
INFO 2025-06-23 02:14:41,319 airtable_sync 7944 15256 [SUCCESS] Updated SKU mapping 20546001 from Airtable
INFO 2025-06-23 02:14:43,755 airtable_sync 7944 15256 [SUCCESS] Synced SKU mapping 125243532_26 to Airtable
INFO 2025-06-23 02:14:43,783 airtable_sync 7944 15256 [SUCCESS] Updated SKU mapping 125243532_26 from Airtable
INFO 2025-06-23 02:14:46,301 airtable_sync 7944 15256 [SUCCESS] Synced SKU mapping 1617749754_17 to Airtable
INFO 2025-06-23 02:14:46,312 airtable_sync 7944 15256 [SUCCESS] Updated SKU mapping 1617749754_17 from Airtable
INFO 2025-06-23 02:14:48,790 airtable_sync 7944 15256 [SUCCESS] Synced SKU mapping "fk-BTS BT21 Kpop Merch Plush Large 14"" Cushion Dust Cover" to Airtable
INFO 2025-06-23 02:14:48,800 airtable_sync 7944 15256 [SUCCESS] Updated SKU mapping "fk-BTS BT21 Kpop Merch Plush Large 14"" Cushion Dust Cover" from Airtable
INFO 2025-06-23 02:14:51,181 airtable_sync 7944 15256 [SUCCESS] Synced SKU mapping 17note_deer_kalimba to Airtable
INFO 2025-06-23 02:14:51,192 airtable_sync 7944 15256 [SUCCESS] Updated SKU mapping 17note_deer_kalimba from Airtable
INFO 2025-06-23 02:14:53,691 airtable_sync 7944 15256 [SUCCESS] Synced SKU mapping 16 to Airtable
INFO 2025-06-23 02:14:53,700 airtable_sync 7944 15256 [SUCCESS] Updated SKU mapping 16 from Airtable
INFO 2025-06-23 02:14:56,141 airtable_sync 7944 15256 [SUCCESS] Synced SKU mapping 2030088958_23 to Airtable
INFO 2025-06-23 02:14:56,155 airtable_sync 7944 15256 [SUCCESS] Updated SKU mapping 2030088958_23 from Airtable
INFO 2025-06-23 02:14:58,591 airtable_sync 7944 15256 [SUCCESS] Synced SKU mapping 1805661512_6 to Airtable
INFO 2025-06-23 02:14:58,622 airtable_sync 7944 15256 [SUCCESS] Updated SKU mapping 1805661512_6 from Airtable
INFO 2025-06-23 02:15:00,780 airtable_sync 7944 15256 [SUCCESS] Synced SKU mapping 24544163 to Airtable
INFO 2025-06-23 02:15:00,810 airtable_sync 7944 15256 [SUCCESS] Updated SKU mapping 24544163 from Airtable
INFO 2025-06-23 02:15:03,108 airtable_sync 7944 15256 [SUCCESS] Synced SKU mapping 23945876 to Airtable
INFO 2025-06-23 02:15:03,118 airtable_sync 7944 15256 [SUCCESS] Updated SKU mapping 23945876 from Airtable
INFO 2025-06-23 02:15:05,310 airtable_sync 7944 15256 [SUCCESS] Synced SKU mapping 17*17_PillowCover_Maroon_fba to Airtable
INFO 2025-06-23 02:15:05,339 airtable_sync 7944 15256 [SUCCESS] Updated SKU mapping 17*17_PillowCover_Maroon_fba from Airtable
INFO 2025-06-23 02:15:07,270 airtable_sync 7944 15256 [SUCCESS] Synced SKU mapping 25411486 to Airtable
INFO 2025-06-23 02:15:07,279 airtable_sync 7944 15256 [SUCCESS] Updated SKU mapping 25411486 from Airtable
INFO 2025-06-23 02:15:09,602 airtable_sync 7944 15256 [SUCCESS] Synced SKU mapping 1779161966_14 to Airtable
INFO 2025-06-23 02:15:09,614 airtable_sync 7944 15256 [SUCCESS] Updated SKU mapping 1779161966_14 from Airtable
INFO 2025-06-23 02:15:12,201 airtable_sync 7944 15256 [SUCCESS] Synced SKU mapping 1951027540_9 to Airtable
INFO 2025-06-23 02:15:12,230 airtable_sync 7944 15256 [SUCCESS] Updated SKU mapping 1951027540_9 from Airtable
INFO 2025-06-23 02:15:14,634 airtable_sync 7944 15256 [SUCCESS] Synced SKU mapping 23015410 to Airtable
INFO 2025-06-23 02:15:14,659 airtable_sync 7944 15256 [SUCCESS] Updated SKU mapping 23015410 from Airtable
INFO 2025-06-23 02:15:17,179 airtable_sync 7944 15256 [SUCCESS] Synced SKU mapping 23425330 to Airtable
INFO 2025-06-23 02:15:17,188 airtable_sync 7944 15256 [SUCCESS] Updated SKU mapping 23425330 from Airtable
INFO 2025-06-23 02:15:19,757 airtable_sync 7944 15256 [SUCCESS] Synced SKU mapping 11-V74N-5538 to Airtable
INFO 2025-06-23 02:15:19,783 airtable_sync 7944 15256 [SUCCESS] Updated SKU mapping 11-V74N-5538 from Airtable
INFO 2025-06-23 02:15:22,164 airtable_sync 7944 15256 [SUCCESS] Synced SKU mapping 1579824623_21 to Airtable
INFO 2025-06-23 02:15:22,174 airtable_sync 7944 15256 [SUCCESS] Updated SKU mapping 1579824623_21 from Airtable
INFO 2025-06-23 02:15:24,713 airtable_sync 7944 15256 [SUCCESS] Synced SKU mapping 1545319696_15 to Airtable
INFO 2025-06-23 02:15:24,745 airtable_sync 7944 15256 [SUCCESS] Updated SKU mapping 1545319696_15 from Airtable
INFO 2025-06-23 02:15:27,214 airtable_sync 7944 15256 [SUCCESS] Synced SKU mapping 1321941710_6 to Airtable
INFO 2025-06-23 02:15:27,244 airtable_sync 7944 15256 [SUCCESS] Updated SKU mapping 1321941710_6 from Airtable
INFO 2025-06-23 02:15:29,629 airtable_sync 7944 15256 [SUCCESS] Synced SKU mapping 240862341_12 to Airtable
INFO 2025-06-23 02:15:29,641 airtable_sync 7944 15256 [SUCCESS] Updated SKU mapping 240862341_12 from Airtable
INFO 2025-06-23 02:15:32,231 airtable_sync 7944 15256 [SUCCESS] Synced SKU mapping 17notes_Kalimba _map_blue to Airtable
INFO 2025-06-23 02:15:32,260 airtable_sync 7944 15256 [SUCCESS] Updated SKU mapping 17notes_Kalimba _map_blue from Airtable
INFO 2025-06-23 02:15:34,998 airtable_sync 7944 15256 [SUCCESS] Synced SKU mapping 1644333045_5 to Airtable
INFO 2025-06-23 02:15:35,011 airtable_sync 7944 15256 [SUCCESS] Updated SKU mapping 1644333045_5 from Airtable
INFO 2025-06-23 02:15:37,516 airtable_sync 7944 15256 [SUCCESS] Synced SKU mapping 1373215342_8 to Airtable
INFO 2025-06-23 02:15:37,531 airtable_sync 7944 15256 [SUCCESS] Updated SKU mapping 1373215342_8 from Airtable
INFO 2025-06-23 02:15:39,924 airtable_sync 7944 15256 [SUCCESS] Synced SKU mapping 21305788 to Airtable
INFO 2025-06-23 02:15:39,936 airtable_sync 7944 15256 [SUCCESS] Updated SKU mapping 21305788 from Airtable
INFO 2025-06-23 02:15:42,674 airtable_sync 7944 15256 [SUCCESS] Synced SKU mapping 1595671091_12 to Airtable
INFO 2025-06-23 02:15:42,701 airtable_sync 7944 15256 [SUCCESS] Updated SKU mapping 1595671091_12 from Airtable
INFO 2025-06-23 02:15:45,239 airtable_sync 7944 15256 [SUCCESS] Synced SKU mapping 20354594 to Airtable
INFO 2025-06-23 02:15:45,252 airtable_sync 7944 15256 [SUCCESS] Updated SKU mapping 20354594 from Airtable
INFO 2025-06-23 02:15:47,525 airtable_sync 7944 15256 [SUCCESS] Synced SKU mapping 1615651036_5 to Airtable
INFO 2025-06-23 02:15:47,537 airtable_sync 7944 15256 [SUCCESS] Updated SKU mapping 1615651036_5 from Airtable
INFO 2025-06-23 02:15:49,846 airtable_sync 7944 15256 [SUCCESS] Synced SKU mapping 15-0MPY-UHQF to Airtable
INFO 2025-06-23 02:15:49,875 airtable_sync 7944 15256 [SUCCESS] Updated SKU mapping 15-0MPY-UHQF from Airtable
INFO 2025-06-23 02:15:51,996 airtable_sync 7944 15256 [SUCCESS] Synced SKU mapping 1293763777_5 to Airtable
INFO 2025-06-23 02:15:52,026 airtable_sync 7944 15256 [SUCCESS] Updated SKU mapping 1293763777_5 from Airtable
INFO 2025-06-23 02:15:54,579 airtable_sync 7944 15256 [SUCCESS] Synced SKU mapping 1965124249_7 to Airtable
INFO 2025-06-23 02:15:54,607 airtable_sync 7944 15256 [SUCCESS] Updated SKU mapping 1965124249_7 from Airtable
INFO 2025-06-23 02:15:57,087 airtable_sync 7944 15256 [SUCCESS] Synced SKU mapping 1751686562_5 to Airtable
INFO 2025-06-23 02:15:57,096 airtable_sync 7944 15256 [SUCCESS] Updated SKU mapping 1751686562_5 from Airtable
INFO 2025-06-23 02:15:59,405 airtable_sync 7944 15256 [SUCCESS] Synced SKU mapping 18-Musical box_01 to Airtable
INFO 2025-06-23 02:15:59,436 airtable_sync 7944 15256 [SUCCESS] Updated SKU mapping 18-Musical box_01 from Airtable
INFO 2025-06-23 02:16:01,880 airtable_sync 7944 15256 [SUCCESS] Synced SKU mapping 1936894468_18 to Airtable
INFO 2025-06-23 02:16:01,911 airtable_sync 7944 15256 [SUCCESS] Updated SKU mapping 1936894468_18 from Airtable
INFO 2025-06-23 02:16:04,387 airtable_sync 7944 15256 [SUCCESS] Synced SKU mapping 21305791 to Airtable
INFO 2025-06-23 02:16:04,420 airtable_sync 7944 15256 [SUCCESS] Updated SKU mapping 21305791 from Airtable
INFO 2025-06-23 02:16:06,958 airtable_sync 7944 15256 [SUCCESS] Synced SKU mapping 18-Musical box_02 to Airtable
INFO 2025-06-23 02:16:06,987 airtable_sync 7944 15256 [SUCCESS] Updated SKU mapping 18-Musical box_02 from Airtable
INFO 2025-06-23 02:16:09,058 airtable_sync 7944 15256 [SUCCESS] Synced SKU mapping 2115515125 to Airtable
INFO 2025-06-23 02:16:09,086 airtable_sync 7944 15256 [SUCCESS] Updated SKU mapping 2115515125 from Airtable
INFO 2025-06-23 02:16:11,172 airtable_sync 7944 15256 [SUCCESS] Synced SKU mapping 1036418215_4 to Airtable
INFO 2025-06-23 02:16:11,179 airtable_sync 7944 15256 [SUCCESS] Updated SKU mapping 1036418215_4 from Airtable
INFO 2025-06-23 02:16:13,665 airtable_sync 7944 15256 [SUCCESS] Synced SKU mapping 17notes_mahogany_blue to Airtable
INFO 2025-06-23 02:16:13,679 airtable_sync 7944 15256 [SUCCESS] Updated SKU mapping 17notes_mahogany_blue from Airtable
INFO 2025-06-23 02:16:15,945 airtable_sync 7944 15256 [SUCCESS] Synced SKU mapping 19-3CL2-891X to Airtable
INFO 2025-06-23 02:16:15,972 airtable_sync 7944 15256 [SUCCESS] Updated SKU mapping 19-3CL2-891X from Airtable
INFO 2025-06-23 02:16:18,456 airtable_sync 7944 15256 [SUCCESS] Synced SKU mapping 1277893228_6 to Airtable
INFO 2025-06-23 02:16:18,465 airtable_sync 7944 15256 [SUCCESS] Updated SKU mapping 1277893228_6 from Airtable
INFO 2025-06-23 02:16:21,118 airtable_sync 7944 15256 [SUCCESS] Synced SKU mapping 1153383480_13 to Airtable
INFO 2025-06-23 02:16:21,145 airtable_sync 7944 15256 [SUCCESS] Updated SKU mapping 1153383480_13 from Airtable
INFO 2025-06-23 02:16:23,456 airtable_sync 7944 15256 [SUCCESS] Synced SKU mapping 21305785 to Airtable
INFO 2025-06-23 02:16:23,484 airtable_sync 7944 15256 [SUCCESS] Updated SKU mapping 21305785 from Airtable
INFO 2025-06-23 02:16:26,123 airtable_sync 7944 15256 [SUCCESS] Synced SKU mapping -V3ptz2J to Airtable
INFO 2025-06-23 02:16:26,132 airtable_sync 7944 15256 [SUCCESS] Updated SKU mapping -V3ptz2J from Airtable
INFO 2025-06-23 02:16:28,805 airtable_sync 7944 15256 [SUCCESS] Synced SKU mapping 12568563 to Airtable
INFO 2025-06-23 02:16:28,834 airtable_sync 7944 15256 [SUCCESS] Updated SKU mapping 12568563 from Airtable
INFO 2025-06-23 02:16:31,470 airtable_sync 7944 15256 [SUCCESS] Synced SKU mapping 1B-QP41-FPLK to Airtable
INFO 2025-06-23 02:16:31,484 airtable_sync 7944 15256 [SUCCESS] Updated SKU mapping 1B-QP41-FPLK from Airtable
INFO 2025-06-23 02:16:33,686 airtable_sync 7944 15256 [SUCCESS] Synced SKU mapping 21845710 to Airtable
INFO 2025-06-23 02:16:33,718 airtable_sync 7944 15256 [SUCCESS] Updated SKU mapping 21845710 from Airtable
INFO 2025-06-23 02:16:36,104 airtable_sync 7944 15256 [SUCCESS] Synced SKU mapping 1965124249_4 to Airtable
INFO 2025-06-23 02:16:36,112 airtable_sync 7944 15256 [SUCCESS] Updated SKU mapping 1965124249_4 from Airtable
INFO 2025-06-23 02:16:38,305 airtable_sync 7944 15256 [SUCCESS] Synced SKU mapping 17*17_PillowCover_Combo to Airtable
INFO 2025-06-23 02:16:38,333 airtable_sync 7944 15256 [SUCCESS] Updated SKU mapping 17*17_PillowCover_Combo from Airtable
INFO 2025-06-23 02:16:40,826 airtable_sync 7944 15256 [SUCCESS] Synced SKU mapping 21574365 to Airtable
INFO 2025-06-23 02:16:40,854 airtable_sync 7944 15256 [SUCCESS] Updated SKU mapping 21574365 from Airtable
INFO 2025-06-23 02:16:43,096 airtable_sync 7944 15256 [SUCCESS] Synced SKU mapping 0I-GGWH-DLCL to Airtable
INFO 2025-06-23 02:16:43,105 airtable_sync 7944 15256 [SUCCESS] Updated SKU mapping 0I-GGWH-DLCL from Airtable
INFO 2025-06-23 02:16:45,553 airtable_sync 7944 15256 [SUCCESS] Synced SKU mapping 10 to Airtable
INFO 2025-06-23 02:16:45,564 airtable_sync 7944 15256 [SUCCESS] Updated SKU mapping 10 from Airtable
INFO 2025-06-23 02:16:49,228 airtable_sync 7944 15256 [SUCCESS] Synced SKU mapping 17*17_PillowCoover_White to Airtable
INFO 2025-06-23 02:16:49,255 airtable_sync 7944 15256 [SUCCESS] Updated SKU mapping 17*17_PillowCoover_White from Airtable
INFO 2025-06-23 02:16:51,641 airtable_sync 7944 15256 [SUCCESS] Synced SKU mapping 1796347942_4 to Airtable
INFO 2025-06-23 02:16:51,670 airtable_sync 7944 15256 [SUCCESS] Updated SKU mapping 1796347942_4 from Airtable
INFO 2025-06-23 02:16:53,897 airtable_sync 7944 15256 [SUCCESS] Synced SKU mapping 1921942272 to Airtable
INFO 2025-06-23 02:16:53,932 airtable_sync 7944 15256 [SUCCESS] Updated SKU mapping 1921942272 from Airtable
INFO 2025-06-23 02:16:57,627 airtable_sync 7944 15256 [SUCCESS] Synced combo product CSTE_O0446_OT_Glue_Sand_Rubber_Pig to Airtable
INFO 2025-06-23 02:16:57,661 airtable_sync 7944 15256 [SUCCESS] Updated combo product CSTE_O0446_OT_Glue_Sand_Rubber_Pig from Airtable
INFO 2025-06-23 02:17:00,304 airtable_sync 7944 15256 [SUCCESS] Synced combo product CSTE_0358_Wands_Dumbledore_light_Sg to Airtable
INFO 2025-06-23 02:17:00,312 airtable_sync 7944 15256 [SUCCESS] Updated combo product CSTE_0358_Wands_Dumbledore_light_Sg from Airtable
INFO 2025-06-23 02:17:02,575 airtable_sync 7944 15256 [SUCCESS] Synced combo product Caaju_Compression_Travelkit_Blue to Airtable
INFO 2025-06-23 02:17:02,606 airtable_sync 7944 15256 [SUCCESS] Updated combo product Caaju_Compression_Travelkit_Blue from Airtable
INFO 2025-06-23 02:17:04,996 airtable_sync 7944 15256 [SUCCESS] Synced combo product CSTE_O0443_OT_Squeeze_Yellow to Airtable
INFO 2025-06-23 02:17:05,024 airtable_sync 7944 15256 [SUCCESS] Updated combo product CSTE_O0443_OT_Squeeze_Yellow from Airtable
INFO 2025-06-23 02:17:07,362 airtable_sync 7944 15256 [SUCCESS] Synced combo product CSTE_0481_ST_Animal_Cow_Plush_Cloths to Airtable
INFO 2025-06-23 02:17:07,374 airtable_sync 7944 15256 [SUCCESS] Updated combo product CSTE_0481_ST_Animal_Cow_Plush_Cloths from Airtable
INFO 2025-06-23 02:17:09,918 airtable_sync 7944 15256 [SUCCESS] Synced combo product CSTE_0184_SG_Sqaure_small_TigerPrint_1 to Airtable
INFO 2025-06-23 02:17:09,945 airtable_sync 7944 15256 [SUCCESS] Updated combo product CSTE_0184_SG_Sqaure_small_TigerPrint_1 from Airtable
INFO 2025-06-23 02:17:12,533 airtable_sync 7944 15256 [SUCCESS] Synced combo product CSTE_0545_ST_Animal_Breathing_Dog_Brown to Airtable
INFO 2025-06-23 02:17:12,558 airtable_sync 7944 15256 [SUCCESS] Updated combo product CSTE_0545_ST_Animal_Breathing_Dog_Brown from Airtable
INFO 2025-06-23 02:17:15,091 airtable_sync 7944 15256 [SUCCESS] Synced combo product CSTE_O0367_OT_Belt_Sunglass_Combo to Airtable
INFO 2025-06-23 02:17:15,119 airtable_sync 7944 15256 [SUCCESS] Updated combo product CSTE_O0367_OT_Belt_Sunglass_Combo from Airtable
INFO 2025-06-23 02:17:17,333 airtable_sync 7944 15256 [SUCCESS] Synced combo product CSTE_0290_OT_Harrypotter_wand to Airtable
INFO 2025-06-23 02:17:17,343 airtable_sync 7944 15256 [SUCCESS] Updated combo product CSTE_0290_OT_Harrypotter_wand from Airtable
INFO 2025-06-23 02:17:19,589 airtable_sync 7944 15256 [SUCCESS] Synced combo product Breathing_Messenger_Cat_Pink to Airtable
INFO 2025-06-23 02:17:19,619 airtable_sync 7944 15256 [SUCCESS] Updated combo product Breathing_Messenger_Cat_Pink from Airtable
INFO 2025-06-23 02:17:21,895 airtable_sync 7944 15256 [SUCCESS] Synced combo product CSTE_0541_ST_Animal_Breathing_Fox to Airtable
INFO 2025-06-23 02:17:21,921 airtable_sync 7944 15256 [SUCCESS] Updated combo product CSTE_0541_ST_Animal_Breathing_Fox from Airtable
INFO 2025-06-23 02:17:24,419 airtable_sync 7944 15256 [SUCCESS] Synced combo product CSTE_0341_Wands_Hermoine_Sunglasas to Airtable
INFO 2025-06-23 02:17:24,434 airtable_sync 7944 15256 [SUCCESS] Updated combo product CSTE_0341_Wands_Hermoine_Sunglasas from Airtable
INFO 2025-06-23 02:17:27,026 airtable_sync 7944 15256 [SUCCESS] Synced combo product CSTE_0353_Wands_DumbleD_light_MB to Airtable
INFO 2025-06-23 02:17:27,039 airtable_sync 7944 15256 [SUCCESS] Updated combo product CSTE_0353_Wands_DumbleD_light_MB from Airtable
INFO 2025-06-23 02:17:29,432 airtable_sync 7944 15256 [SUCCESS] Synced combo product CSTE_0535_ST_Animal_Breathing_lamb_P_2 to Airtable
INFO 2025-06-23 02:17:29,462 airtable_sync 7944 15256 [SUCCESS] Updated combo product CSTE_0535_ST_Animal_Breathing_lamb_P_2 from Airtable
INFO 2025-06-23 02:17:32,012 airtable_sync 7944 15256 [SUCCESS] Synced combo product CSTE_0350_Wands_Hp_light_MB to Airtable
INFO 2025-06-23 02:17:32,039 airtable_sync 7944 15256 [SUCCESS] Updated combo product CSTE_0350_Wands_Hp_light_MB from Airtable
INFO 2025-06-23 02:17:34,528 airtable_sync 7944 15256 [SUCCESS] Synced combo product CSTE_O0445_OT_Glue_Sand_Rubber_Monkey to Airtable
INFO 2025-06-23 02:17:34,557 airtable_sync 7944 15256 [SUCCESS] Updated combo product CSTE_O0445_OT_Glue_Sand_Rubber_Monkey from Airtable
INFO 2025-06-23 02:17:36,812 airtable_sync 7944 15256 [SUCCESS] Synced combo product Breathing_Otter_Pink_1 to Airtable
INFO 2025-06-23 02:17:36,823 airtable_sync 7944 15256 [SUCCESS] Updated combo product Breathing_Otter_Pink_1 from Airtable
INFO 2025-06-23 02:17:39,209 airtable_sync 7944 15256 [SUCCESS] Synced combo product CSTE_0355_Wands_HP_light_Sg to Airtable
INFO 2025-06-23 02:17:39,216 airtable_sync 7944 15256 [SUCCESS] Updated combo product CSTE_0355_Wands_HP_light_Sg from Airtable
INFO 2025-06-23 02:17:41,642 airtable_sync 7944 15256 [SUCCESS] Synced combo product CSTE_0355_Wands_Harrypotter_light_SG to Airtable
INFO 2025-06-23 02:17:41,670 airtable_sync 7944 15256 [SUCCESS] Updated combo product CSTE_0355_Wands_Harrypotter_light_SG from Airtable
INFO 2025-06-23 02:17:44,183 airtable_sync 7944 15256 [SUCCESS] Synced combo product CSTE_0540_ST_Animal_Breathing_Stich_P_2 to Airtable
INFO 2025-06-23 02:17:44,209 airtable_sync 7944 15256 [SUCCESS] Updated combo product CSTE_0540_ST_Animal_Breathing_Stich_P_2 from Airtable
INFO 2025-06-23 02:17:46,410 airtable_sync 7944 15256 [SUCCESS] Synced combo product CSTE_0532_ST_Animal_Breathing_rabbit to Airtable
INFO 2025-06-23 02:17:46,421 airtable_sync 7944 15256 [SUCCESS] Updated combo product CSTE_0532_ST_Animal_Breathing_rabbit from Airtable
INFO 2025-06-23 02:17:48,800 airtable_sync 7944 15256 [SUCCESS] Synced combo product CSTE_0343_Wands_Lord Voldmort_Sunglasas to Airtable
INFO 2025-06-23 02:17:48,811 airtable_sync 7944 15256 [SUCCESS] Updated combo product CSTE_0343_Wands_Lord Voldmort_Sunglasas from Airtable
INFO 2025-06-23 02:17:51,159 airtable_sync 7944 15256 [SUCCESS] Synced combo product CSTE_0172_SG_Square_Purple to Airtable
INFO 2025-06-23 02:17:51,170 airtable_sync 7944 15256 [SUCCESS] Updated combo product CSTE_0172_SG_Square_Purple from Airtable
INFO 2025-06-23 02:17:53,794 airtable_sync 7944 15256 [SUCCESS] Synced combo product CJ_Makeup_Org_Pink_Brushes to Airtable
INFO 2025-06-23 02:17:53,804 airtable_sync 7944 15256 [SUCCESS] Updated combo product CJ_Makeup_Org_Pink_Brushes from Airtable
INFO 2025-06-23 02:17:56,174 airtable_sync 7944 15256 [SUCCESS] Synced combo product Baby Swaddle_UPD_Pink_Combo to Airtable
INFO 2025-06-23 02:17:56,185 airtable_sync 7944 15256 [SUCCESS] Updated combo product Baby Swaddle_UPD_Pink_Combo from Airtable
INFO 2025-06-23 02:17:58,660 airtable_sync 7944 15256 [SUCCESS] Synced combo product 26ltr_Sorage_combo4 to Airtable
INFO 2025-06-23 02:17:58,688 airtable_sync 7944 15256 [SUCCESS] Updated combo product 26ltr_Sorage_combo4 from Airtable
INFO 2025-06-23 02:18:00,915 airtable_sync 7944 15256 [SUCCESS] Synced combo product Caaju_Storagebox_Blue_3pk to Airtable
INFO 2025-06-23 02:18:00,945 airtable_sync 7944 15256 [SUCCESS] Updated combo product Caaju_Storagebox_Blue_3pk from Airtable
INFO 2025-06-23 02:18:03,431 airtable_sync 7944 15256 [SUCCESS] Synced combo product Brush_makeup_Blue to Airtable
INFO 2025-06-23 02:18:03,460 airtable_sync 7944 15256 [SUCCESS] Updated combo product Brush_makeup_Blue from Airtable
INFO 2025-06-23 02:18:05,878 airtable_sync 7944 15256 [SUCCESS] Synced combo product CSTE_0545_ST_Animal_Breathing_Dog_B_2 to Airtable
INFO 2025-06-23 02:18:05,910 airtable_sync 7944 15256 [SUCCESS] Updated combo product CSTE_0545_ST_Animal_Breathing_Dog_B_2 from Airtable
INFO 2025-06-23 02:18:08,378 airtable_sync 7944 15256 [SUCCESS] Synced combo product BigPillow_Combo to Airtable
INFO 2025-06-23 02:18:08,409 airtable_sync 7944 15256 [SUCCESS] Updated combo product BigPillow_Combo from Airtable
INFO 2025-06-23 02:18:10,970 airtable_sync 7944 15256 [SUCCESS] Synced combo product Breathing_Messenger_Cat to Airtable
INFO 2025-06-23 02:18:11,001 airtable_sync 7944 15256 [SUCCESS] Updated combo product Breathing_Messenger_Cat from Airtable
INFO 2025-06-23 02:18:13,521 airtable_sync 7944 15256 [SUCCESS] Synced combo product CSTE_0350_Wands_Harrypotter_light_MB to Airtable
INFO 2025-06-23 02:18:13,550 airtable_sync 7944 15256 [SUCCESS] Updated combo product CSTE_0350_Wands_Harrypotter_light_MB from Airtable
INFO 2025-06-23 02:18:16,031 airtable_sync 7944 15256 [SUCCESS] Synced combo product CSTE_0542_ST_Animal_Breathing_Lucifer_C to Airtable
INFO 2025-06-23 02:18:16,040 airtable_sync 7944 15256 [SUCCESS] Updated combo product CSTE_0542_ST_Animal_Breathing_Lucifer_C from Airtable
INFO 2025-06-23 02:18:18,639 airtable_sync 7944 15256 [SUCCESS] Synced combo product CSTE_0359_Wands_Hermoine_light_Sg to Airtable
INFO 2025-06-23 02:18:18,672 airtable_sync 7944 15256 [SUCCESS] Updated combo product CSTE_0359_Wands_Hermoine_light_Sg from Airtable
INFO 2025-06-23 02:18:21,341 airtable_sync 7944 15256 [SUCCESS] Synced combo product CSTE_0354_Wands_Hermoine_light_MB to Airtable
INFO 2025-06-23 02:18:21,369 airtable_sync 7944 15256 [SUCCESS] Updated combo product CSTE_0354_Wands_Hermoine_light_MB from Airtable
INFO 2025-06-23 02:18:23,911 airtable_sync 7944 15256 [SUCCESS] Synced combo product CJ_Makeup_Org_Purple_Brushes to Airtable
INFO 2025-06-23 02:18:23,942 airtable_sync 7944 15256 [SUCCESS] Updated combo product CJ_Makeup_Org_Purple_Brushes from Airtable
INFO 2025-06-23 02:18:26,499 airtable_sync 7944 15256 [SUCCESS] Synced combo product CSTE_0143_SG_Oval01_Black to Airtable
INFO 2025-06-23 02:18:26,531 airtable_sync 7944 15256 [SUCCESS] Updated combo product CSTE_0143_SG_Oval01_Black from Airtable
INFO 2025-06-23 02:18:28,707 airtable_sync 7944 15256 [SUCCESS] Synced combo product CSTE_0351_Wands_snape_Light_MB to Airtable
INFO 2025-06-23 02:18:28,732 airtable_sync 7944 15256 [SUCCESS] Updated combo product CSTE_0351_Wands_snape_Light_MB from Airtable
INFO 2025-06-23 02:18:31,160 airtable_sync 7944 15256 [SUCCESS] Synced combo product BTS-Mang-Chimmy to Airtable
INFO 2025-06-23 02:18:31,189 airtable_sync 7944 15256 [SUCCESS] Updated combo product BTS-Mang-Chimmy from Airtable
INFO 2025-06-23 02:18:33,806 airtable_sync 7944 15256 [SUCCESS] Synced combo product Breathing_Messenger_Cat_Blue to Airtable
INFO 2025-06-23 02:18:33,834 airtable_sync 7944 15256 [SUCCESS] Updated combo product Breathing_Messenger_Cat_Blue from Airtable
INFO 2025-06-23 02:18:36,201 airtable_sync 7944 15256 [SUCCESS] Synced combo product CSTE_0543_ST_Animal_Breathing_S_Rabbit to Airtable
INFO 2025-06-23 02:18:36,231 airtable_sync 7944 15256 [SUCCESS] Updated combo product CSTE_0543_ST_Animal_Breathing_S_Rabbit from Airtable
INFO 2025-06-23 02:18:38,547 airtable_sync 7944 15256 [SUCCESS] Synced combo product CSTE_0407_OT_HP_Scarf_SG to Airtable
INFO 2025-06-23 02:18:38,578 airtable_sync 7944 15256 [SUCCESS] Updated combo product CSTE_0407_OT_HP_Scarf_SG from Airtable
INFO 2025-06-23 02:18:41,263 airtable_sync 7944 15256 [SUCCESS] Synced combo product CSTE_O0364_SnitchBall_3dLamp to Airtable
INFO 2025-06-23 02:18:41,293 airtable_sync 7944 15256 [SUCCESS] Updated combo product CSTE_O0364_SnitchBall_3dLamp from Airtable
INFO 2025-06-23 02:18:43,771 airtable_sync 7944 15256 [SUCCESS] Synced combo product CSTE_0538_ST_Animal_Penguin_Yellow to Airtable
INFO 2025-06-23 02:18:43,799 airtable_sync 7944 15256 [SUCCESS] Updated combo product CSTE_0538_ST_Animal_Penguin_Yellow from Airtable
INFO 2025-06-23 02:18:46,175 airtable_sync 7944 15256 [SUCCESS] Synced combo product CSTE_O0442_OT_Squeeze_White to Airtable
INFO 2025-06-23 02:18:46,202 airtable_sync 7944 15256 [SUCCESS] Updated combo product CSTE_O0442_OT_Squeeze_White from Airtable
INFO 2025-06-23 02:18:48,840 airtable_sync 7944 15256 [SUCCESS] Synced combo product CSTE_0169_SG_Sqaure_Creame to Airtable
INFO 2025-06-23 02:18:48,852 airtable_sync 7944 15256 [SUCCESS] Updated combo product CSTE_0169_SG_Sqaure_Creame from Airtable
INFO 2025-06-23 02:18:51,243 airtable_sync 7944 15256 [SUCCESS] Synced combo product Caaju_Compression_Travelkit_Cream to Airtable
INFO 2025-06-23 02:18:51,251 airtable_sync 7944 15256 [SUCCESS] Updated combo product Caaju_Compression_Travelkit_Cream from Airtable
INFO 2025-06-23 02:18:53,616 airtable_sync 7944 15256 [SUCCESS] Synced combo product Breathing_Lilo_Stich_Blue to Airtable
INFO 2025-06-23 02:18:53,645 airtable_sync 7944 15256 [SUCCESS] Updated combo product Breathing_Lilo_Stich_Blue from Airtable
INFO 2025-06-23 02:18:59,149 airtable_sync 7944 15256 [SUCCESS] Synced combo product CSTE_O0444_OT_Squeeze_Purple to Airtable
INFO 2025-06-23 02:18:59,179 airtable_sync 7944 15256 [SUCCESS] Updated combo product CSTE_O0444_OT_Squeeze_Purple from Airtable
INFO 2025-06-23 02:19:01,517 airtable_sync 7944 15256 [SUCCESS] Synced combo product CJ_Makeup_Org_Black_Brushes to Airtable
INFO 2025-06-23 02:19:01,527 airtable_sync 7944 15256 [SUCCESS] Updated combo product CJ_Makeup_Org_Black_Brushes from Airtable
INFO 2025-06-23 02:19:03,731 airtable_sync 7944 15256 [SUCCESS] Synced combo product Caaju_26Lstoragebox_grey_4pk to Airtable
INFO 2025-06-23 02:19:03,745 airtable_sync 7944 15256 [SUCCESS] Updated combo product Caaju_26Lstoragebox_grey_4pk from Airtable
INFO 2025-06-23 02:19:06,069 airtable_sync 7944 15256 [SUCCESS] Synced combo product CSTE_0544_ST_Animal_Breathing_Sloth_Grey to Airtable
INFO 2025-06-23 02:19:06,098 airtable_sync 7944 15256 [SUCCESS] Updated combo product CSTE_0544_ST_Animal_Breathing_Sloth_Grey from Airtable
INFO 2025-06-23 02:19:08,539 airtable_sync 7944 15256 [SUCCESS] Synced combo product Caaju_Storagebox_Blue_2pk to Airtable
INFO 2025-06-23 02:19:08,550 airtable_sync 7944 15256 [SUCCESS] Updated combo product Caaju_Storagebox_Blue_2pk from Airtable
INFO 2025-06-23 02:19:11,133 airtable_sync 7944 15256 [SUCCESS] Synced combo product Battlegame to Airtable
INFO 2025-06-23 02:19:11,164 airtable_sync 7944 15256 [SUCCESS] Updated combo product Battlegame from Airtable
INFO 2025-06-23 02:19:13,401 airtable_sync 7944 15256 [SUCCESS] Synced combo product Caaju_Storagebox_Blue_5pk to Airtable
INFO 2025-06-23 02:19:13,416 airtable_sync 7944 15256 [SUCCESS] Updated combo product Caaju_Storagebox_Blue_5pk from Airtable
INFO 2025-06-23 02:19:16,015 airtable_sync 7944 15256 [SUCCESS] Synced combo product CTLG-01 to Airtable
INFO 2025-06-23 02:19:16,029 airtable_sync 7944 15256 [SUCCESS] Updated combo product CTLG-01 from Airtable
INFO 2025-06-23 02:19:18,575 airtable_sync 7944 15256 [SUCCESS] Synced combo product CSTE_0356_Wands_snape_Light_Sg to Airtable
INFO 2025-06-23 02:19:18,612 airtable_sync 7944 15256 [SUCCESS] Updated combo product CSTE_0356_Wands_snape_Light_Sg from Airtable
INFO 2025-06-23 02:19:21,252 airtable_sync 7944 15256 [SUCCESS] Synced combo product Caaju_26Lstoragebox_grey_2pk to Airtable
INFO 2025-06-23 02:19:21,285 airtable_sync 7944 15256 [SUCCESS] Updated combo product Caaju_26Lstoragebox_grey_2pk from Airtable
INFO 2025-06-23 02:19:23,567 airtable_sync 7944 15256 [SUCCESS] Synced combo product CSTE_0342_Wands_Dumbledore_Sunglasas to Airtable
INFO 2025-06-23 02:19:23,600 airtable_sync 7944 15256 [SUCCESS] Updated combo product CSTE_0342_Wands_Dumbledore_Sunglasas from Airtable
INFO 2025-06-23 02:19:26,111 airtable_sync 7944 15256 [SUCCESS] Synced combo product CSTE_0536_ST_Animal_Breathing_lamb_White to Airtable
INFO 2025-06-23 02:19:26,142 airtable_sync 7944 15256 [SUCCESS] Updated combo product CSTE_0536_ST_Animal_Breathing_lamb_White from Airtable
INFO 2025-06-23 02:19:28,502 airtable_sync 7944 15256 [SUCCESS] Synced combo product CSTE_Combo_Melody_Kuromi to Airtable
INFO 2025-06-23 02:19:28,535 airtable_sync 7944 15256 [SUCCESS] Updated combo product CSTE_Combo_Melody_Kuromi from Airtable
INFO 2025-06-23 02:19:30,967 airtable_sync 7944 15256 [SUCCESS] Synced combo product CSTE_0533_ST_Animal_Breathing_koala_Grey to Airtable
INFO 2025-06-23 02:19:31,004 airtable_sync 7944 15256 [SUCCESS] Updated combo product CSTE_0533_ST_Animal_Breathing_koala_Grey from Airtable
INFO 2025-06-23 02:19:33,511 airtable_sync 7944 15256 [SUCCESS] Synced combo product CSTE_0174_SG_Oval_Red to Airtable
INFO 2025-06-23 02:19:33,544 airtable_sync 7944 15256 [SUCCESS] Updated combo product CSTE_0174_SG_Oval_Red from Airtable
INFO 2025-06-23 02:19:35,916 airtable_sync 7944 15256 [SUCCESS] Synced combo product CSTE_0357_Wands_Voldemort_Light_Sg to Airtable
INFO 2025-06-23 02:19:35,947 airtable_sync 7944 15256 [SUCCESS] Updated combo product CSTE_0357_Wands_Voldemort_Light_Sg from Airtable
INFO 2025-06-23 02:19:38,145 airtable_sync 7944 15256 [SUCCESS] Synced combo product CSTE071 to Airtable
INFO 2025-06-23 02:19:38,160 airtable_sync 7944 15256 [SUCCESS] Updated combo product CSTE071 from Airtable
INFO 2025-06-23 02:19:40,804 airtable_sync 7944 15256 [SUCCESS] Synced combo product CSTE_0174_SG_Oval_Red CSTE_0143_SG_Oval01_Black to Airtable
INFO 2025-06-23 02:19:40,836 airtable_sync 7944 15256 [SUCCESS] Updated combo product CSTE_0174_SG_Oval_Red CSTE_0143_SG_Oval01_Black from Airtable
INFO 2025-06-23 02:19:43,224 airtable_sync 7944 15256 [SUCCESS] Synced combo product CSTE_0335_Wands_Hermoine_MusicBox to Airtable
INFO 2025-06-23 02:19:43,255 airtable_sync 7944 15256 [SUCCESS] Updated combo product CSTE_0335_Wands_Hermoine_MusicBox from Airtable
INFO 2025-06-23 02:19:45,813 airtable_sync 7944 15256 [SUCCESS] Synced combo product CSTE_0340_Wands_Harrypotter_Sunglasas to Airtable
INFO 2025-06-23 02:19:45,843 airtable_sync 7944 15256 [SUCCESS] Updated combo product CSTE_0340_Wands_Harrypotter_Sunglasas from Airtable
INFO 2025-06-23 02:19:47,976 airtable_sync 7944 15256 [SUCCESS] Synced combo product CTLG-02 to Airtable
INFO 2025-06-23 02:19:48,024 airtable_sync 7944 15256 [SUCCESS] Updated combo product CTLG-02 from Airtable
INFO 2025-06-23 02:19:50,482 airtable_sync 7944 15256 [SUCCESS] Synced combo product CSTE088 to Airtable
INFO 2025-06-23 02:19:50,492 airtable_sync 7944 15256 [SUCCESS] Updated combo product CSTE088 from Airtable
INFO 2025-06-23 02:19:52,737 airtable_sync 7944 15256 [SUCCESS] Synced combo product Baby Swaddle_UPD_Black_Combo to Airtable
INFO 2025-06-23 02:19:52,751 airtable_sync 7944 15256 [SUCCESS] Updated combo product Baby Swaddle_UPD_Black_Combo from Airtable
INFO 2025-06-23 02:19:55,137 airtable_sync 7944 15256 [SUCCESS] Synced combo product Caaju_Storagebox_Blue_4pk to Airtable
INFO 2025-06-23 02:19:55,168 airtable_sync 7944 15256 [SUCCESS] Updated combo product Caaju_Storagebox_Blue_4pk from Airtable
INFO 2025-06-23 02:19:57,580 airtable_sync 7944 15256 [SUCCESS] Synced combo product CSTE_0535_ST_Animal_Breathing_lamb_P to Airtable
INFO 2025-06-23 02:19:57,612 airtable_sync 7944 15256 [SUCCESS] Updated combo product CSTE_0535_ST_Animal_Breathing_lamb_P from Airtable
INFO 2025-06-23 02:20:00,314 airtable_sync 7944 15256 [SUCCESS] Synced combo product Caaju_6pc_travelkit_Pink to Airtable
INFO 2025-06-23 02:20:00,346 airtable_sync 7944 15256 [SUCCESS] Updated combo product Caaju_6pc_travelkit_Pink from Airtable
INFO 2025-06-23 02:20:02,606 airtable_sync 7944 15256 [SUCCESS] Synced combo product Caaju_DS_Clipe_Rope_Pack2 to Airtable
INFO 2025-06-23 02:20:02,622 airtable_sync 7944 15256 [SUCCESS] Updated combo product Caaju_DS_Clipe_Rope_Pack2 from Airtable
INFO 2025-06-23 02:20:05,028 airtable_sync 7944 15256 [SUCCESS] Synced combo product Caaju_6pc_travelkit_Maroon to Airtable
INFO 2025-06-23 02:20:05,066 airtable_sync 7944 15256 [SUCCESS] Updated combo product Caaju_6pc_travelkit_Maroon from Airtable
INFO 2025-06-23 02:20:07,144 airtable_sync 7944 15256 [SUCCESS] Synced combo product CSTE_0546_ST_Animal_Lucifer_Cat_Black to Airtable
INFO 2025-06-23 02:20:07,164 airtable_sync 7944 15256 [SUCCESS] Updated combo product CSTE_0546_ST_Animal_Lucifer_Cat_Black from Airtable
INFO 2025-06-23 02:20:09,409 airtable_sync 7944 15256 [SUCCESS] Synced combo product CJ_Makeup_Org_LightGreen_Brushes to Airtable
INFO 2025-06-23 02:20:09,425 airtable_sync 7944 15256 [SUCCESS] Updated combo product CJ_Makeup_Org_LightGreen_Brushes from Airtable
INFO 2025-06-23 02:20:11,787 airtable_sync 7944 15256 [SUCCESS] Synced combo product CSTE_0225_SG_Square/Big_TigerPrint to Airtable
INFO 2025-06-23 02:20:11,800 airtable_sync 7944 15256 [SUCCESS] Updated combo product CSTE_0225_SG_Square/Big_TigerPrint from Airtable
INFO 2025-06-23 02:20:14,145 airtable_sync 7944 15256 [SUCCESS] Synced combo product Caaju_24grid_Beige_2pk to Airtable
INFO 2025-06-23 02:20:14,181 airtable_sync 7944 15256 [SUCCESS] Updated combo product Caaju_24grid_Beige_2pk from Airtable
INFO 2025-06-23 02:20:16,600 airtable_sync 7944 15256 [SUCCESS] Synced combo product 17*17_PillowCover_Combo to Airtable
INFO 2025-06-23 02:20:16,634 airtable_sync 7944 15256 [SUCCESS] Updated combo product 17*17_PillowCover_Combo from Airtable
INFO 2025-06-23 02:20:19,106 airtable_sync 7944 15256 [SUCCESS] Synced combo product CSTE_0539_ST_Animal_Penguin_Green to Airtable
INFO 2025-06-23 02:20:19,125 airtable_sync 7944 15256 [SUCCESS] Updated combo product CSTE_0539_ST_Animal_Penguin_Green from Airtable
INFO 2025-06-23 02:20:21,334 airtable_sync 7944 15256 [SUCCESS] Synced combo product CSTE_0352_Wands_Voldemort_Light_MB to Airtable
INFO 2025-06-23 02:20:21,367 airtable_sync 7944 15256 [SUCCESS] Updated combo product CSTE_0352_Wands_Voldemort_Light_MB from Airtable
INFO 2025-06-23 02:20:23,931 airtable_sync 7944 15256 [SUCCESS] Synced combo product CSTE_0469_ST_Pokemon_Charizard to Airtable
INFO 2025-06-23 02:20:23,968 airtable_sync 7944 15256 [SUCCESS] Updated combo product CSTE_0469_ST_Pokemon_Charizard from Airtable
INFO 2025-06-23 02:20:26,476 airtable_sync 7944 15256 [SUCCESS] Synced combo product CSTE_0540_ST_Animal_Breathing_Stich_Pink to Airtable
INFO 2025-06-23 02:20:26,513 airtable_sync 7944 15256 [SUCCESS] Updated combo product CSTE_0540_ST_Animal_Breathing_Stich_Pink from Airtable
INFO 2025-06-23 02:20:28,834 airtable_sync 7944 15256 [SUCCESS] Synced combo product CSTE_0523_ST_Animal_Bow_Sheep to Airtable
INFO 2025-06-23 02:20:28,867 airtable_sync 7944 15256 [SUCCESS] Updated combo product CSTE_0523_ST_Animal_Bow_Sheep from Airtable
INFO 2025-06-23 02:20:31,412 airtable_sync 7944 15256 [SUCCESS] Synced combo product Caaju_24grid_Grey_2pk to Airtable
INFO 2025-06-23 02:20:31,425 airtable_sync 7944 15256 [SUCCESS] Updated combo product Caaju_24grid_Grey_2pk from Airtable
INFO 2025-06-23 02:20:33,867 airtable_sync 7944 15256 [SUCCESS] Synced combo product Breathing_Otter_D_Brown to Airtable
INFO 2025-06-23 02:20:33,903 airtable_sync 7944 15256 [SUCCESS] Updated combo product Breathing_Otter_D_Brown from Airtable
INFO 2025-06-23 02:20:36,085 airtable_sync 7944 15256 [SUCCESS] Synced combo product BTS-mang-RJ to Airtable
INFO 2025-06-23 02:20:36,123 airtable_sync 7944 15256 [SUCCESS] Updated combo product BTS-mang-RJ from Airtable
INFO 2025-06-23 02:20:38,510 airtable_sync 7944 15256 [SUCCESS] Synced combo product Caaju_6pc_travelkit_Red to Airtable
INFO 2025-06-23 02:20:38,548 airtable_sync 7944 15256 [SUCCESS] Updated combo product Caaju_6pc_travelkit_Red from Airtable
INFO 2025-06-23 02:20:40,887 airtable_sync 7944 15256 [SUCCESS] Synced combo product Breathing_Otter_Blue to Airtable
INFO 2025-06-23 02:20:40,900 airtable_sync 7944 15256 [SUCCESS] Updated combo product Breathing_Otter_Blue from Airtable
INFO 2025-06-23 02:20:43,290 airtable_sync 7944 15256 [SUCCESS] Synced combo product CSTE_0360_Wands_Snape_Light to Airtable
INFO 2025-06-23 02:20:43,307 airtable_sync 7944 15256 [SUCCESS] Updated combo product CSTE_0360_Wands_Snape_Light from Airtable
INFO 2025-06-23 02:20:45,631 airtable_sync 7944 15256 [SUCCESS] Synced combo product CSTE_0537_ST_Animal_Breathing_capyBara_1 to Airtable
INFO 2025-06-23 02:20:45,667 airtable_sync 7944 15256 [SUCCESS] Updated combo product CSTE_0537_ST_Animal_Breathing_capyBara_1 from Airtable
INFO 2025-06-23 02:20:47,830 airtable_sync 7944 15256 [SUCCESS] Synced combo product Caaju_26Lstoragebox_grey_3pk to Airtable
INFO 2025-06-23 02:20:47,866 airtable_sync 7944 15256 [SUCCESS] Updated combo product Caaju_26Lstoragebox_grey_3pk from Airtable
INFO 2025-06-23 02:20:50,296 airtable_sync 7944 15256 [SUCCESS] Synced combo product BIGSMALL_TL to Airtable
INFO 2025-06-23 02:20:50,311 airtable_sync 7944 15256 [SUCCESS] Updated combo product BIGSMALL_TL from Airtable
INFO 2025-06-23 02:20:52,689 airtable_sync 7944 15256 [SUCCESS] Synced combo product Breathing_Grey_Otter to Airtable
INFO 2025-06-23 02:20:52,703 airtable_sync 7944 15256 [SUCCESS] Updated combo product Breathing_Grey_Otter from Airtable
INFO 2025-06-23 02:20:54,948 airtable_sync 7944 15256 [SUCCESS] Synced combo product CSTE_0226_SG_Square/Big_Black to Airtable
INFO 2025-06-23 02:20:54,966 airtable_sync 7944 15256 [SUCCESS] Updated combo product CSTE_0226_SG_Square/Big_Black from Airtable
INFO 2025-06-23 02:20:57,290 airtable_sync 7944 15256 [SUCCESS] Synced combo product CSTE_0502_ST_Minecraft_Pickaxe_Foam to Airtable
INFO 2025-06-23 02:20:57,324 airtable_sync 7944 15256 [SUCCESS] Updated combo product CSTE_0502_ST_Minecraft_Pickaxe_Foam from Airtable
INFO 2025-06-23 02:21:03,057 airtable_sync 7944 15256 [SUCCESS] Synced combo product CSTE_0353_Wands_Dumbledore_light_MB to Airtable
INFO 2025-06-23 02:21:03,084 airtable_sync 7944 15256 [SUCCESS] Updated combo product CSTE_0353_Wands_Dumbledore_light_MB from Airtable
INFO 2025-06-23 02:21:05,585 airtable_sync 7944 15256 [SUCCESS] Synced combo product CSTE_0345_Wands_Snape_Sunglasas to Airtable
INFO 2025-06-23 02:21:05,615 airtable_sync 7944 15256 [SUCCESS] Updated combo product CSTE_0345_Wands_Snape_Sunglasas from Airtable
INFO 2025-06-23 02:21:05,616 airtable_sync 7944 15256 [SUCCESS] Sync from Airtable complete: {'created': 0, 'updated': 301, 'errors': 0}
INFO 2025-06-23 02:21:05,617 sync_from_airtable 7944 15256 Airtable sync completed: {'created': 0, 'updated': 301, 'errors': 0}
INFO 2025-06-23 02:22:10,978 airtable_sync 23328 22228 [SUCCESS]  Airtable connection validated successfully
INFO 2025-06-23 04:17:42,228 airtable_sync 10040 6088 [SUCCESS]  Airtable connection validated successfully
INFO 2025-06-23 04:17:45,720 airtable_sync 24716 11036 [SUCCESS]  Airtable connection validated successfully
INFO 2025-06-23 04:19:09,793 airtable_sync 17312 24140 [SUCCESS]  Airtable connection validated successfully
INFO 2025-06-23 05:30:50,884 airtable_sync 12800 6620 [SUCCESS]  Airtable connection validated successfully
INFO 2025-06-23 05:30:53,172 airtable_sync 12800 6620 [SUCCESS] Synced combo product 17*17_PillowCover_Combo to Airtable
INFO 2025-06-23 05:30:55,105 airtable_sync 12800 6620 [SUCCESS] Synced combo product 26ltr_Sorage_combo4 to Airtable
INFO 2025-06-23 05:30:57,087 airtable_sync 12800 6620 [SUCCESS] Synced combo product BIGSMALL_TL to Airtable
INFO 2025-06-23 05:30:59,090 airtable_sync 12800 6620 [SUCCESS] Synced combo product BTS-Mang-Chimmy to Airtable
INFO 2025-06-23 05:31:01,064 airtable_sync 12800 6620 [SUCCESS] Synced combo product BTS-mang-RJ to Airtable
INFO 2025-06-23 05:31:03,023 airtable_sync 12800 6620 [SUCCESS] Synced combo product Baby Swaddle_UPD_Black_Combo to Airtable
INFO 2025-06-23 05:31:05,007 airtable_sync 12800 6620 [SUCCESS] Synced combo product Baby Swaddle_UPD_Pink_Combo to Airtable
INFO 2025-06-23 05:31:06,970 airtable_sync 12800 6620 [SUCCESS] Synced combo product Battlegame to Airtable
INFO 2025-06-23 05:31:08,907 airtable_sync 12800 6620 [SUCCESS] Synced combo product BigPillow_Combo to Airtable
INFO 2025-06-23 05:31:10,967 airtable_sync 12800 6620 [SUCCESS] Synced combo product Breathing_Grey_Otter to Airtable
INFO 2025-06-23 05:31:12,863 airtable_sync 12800 6620 [SUCCESS] Synced combo product Breathing_Lilo_Stich_Blue to Airtable
INFO 2025-06-23 05:31:14,882 airtable_sync 12800 6620 [SUCCESS] Synced combo product Breathing_Messenger_Cat to Airtable
INFO 2025-06-23 05:31:16,860 airtable_sync 12800 6620 [SUCCESS] Synced combo product Breathing_Messenger_Cat_Blue to Airtable
INFO 2025-06-23 05:31:18,839 airtable_sync 12800 6620 [SUCCESS] Synced combo product Breathing_Messenger_Cat_Pink to Airtable
INFO 2025-06-23 05:31:20,805 airtable_sync 12800 6620 [SUCCESS] Synced combo product Breathing_Otter_Blue to Airtable
INFO 2025-06-23 05:31:22,786 airtable_sync 12800 6620 [SUCCESS] Synced combo product Breathing_Otter_D_Brown to Airtable
INFO 2025-06-23 05:31:24,749 airtable_sync 12800 6620 [SUCCESS] Synced combo product Breathing_Otter_Pink_1 to Airtable
INFO 2025-06-23 05:31:26,709 airtable_sync 12800 6620 [SUCCESS] Synced combo product Brush_makeup_Blue to Airtable
INFO 2025-06-23 05:31:28,690 airtable_sync 12800 6620 [SUCCESS] Synced combo product CJ_Makeup_Org_Black_Brushes to Airtable
INFO 2025-06-23 05:31:30,634 airtable_sync 12800 6620 [SUCCESS] Synced combo product CJ_Makeup_Org_LightGreen_Brushes to Airtable
INFO 2025-06-23 05:31:32,659 airtable_sync 12800 6620 [SUCCESS] Synced combo product CJ_Makeup_Org_Pink_Brushes to Airtable
INFO 2025-06-23 05:31:39,721 airtable_sync 12800 6620 [SUCCESS] Synced combo product CJ_Makeup_Org_Purple_Brushes to Airtable
INFO 2025-06-23 05:31:41,777 airtable_sync 12800 6620 [SUCCESS] Synced combo product CSTE071 to Airtable
INFO 2025-06-23 05:31:43,844 airtable_sync 12800 6620 [SUCCESS] Synced combo product CSTE088 to Airtable
INFO 2025-06-23 05:31:45,769 airtable_sync 12800 6620 [SUCCESS] Synced combo product CSTE_0143_SG_Oval01_Black to Airtable
INFO 2025-06-23 05:31:47,692 airtable_sync 12800 6620 [SUCCESS] Synced combo product CSTE_0169_SG_Sqaure_Creame to Airtable
INFO 2025-06-23 05:31:49,660 airtable_sync 12800 6620 [SUCCESS] Synced combo product CSTE_0172_SG_Square_Purple to Airtable
INFO 2025-06-23 05:31:52,750 airtable_sync 12800 6620 [SUCCESS] Synced combo product CSTE_0174_SG_Oval_Red to Airtable
INFO 2025-06-23 05:31:54,796 airtable_sync 12800 6620 [SUCCESS] Synced combo product CSTE_0174_SG_Oval_Red CSTE_0143_SG_Oval01_Black to Airtable
INFO 2025-06-23 05:31:56,884 airtable_sync 12800 6620 [SUCCESS] Synced combo product CSTE_0184_SG_Sqaure_small_TigerPrint_1 to Airtable
INFO 2025-06-23 05:31:58,794 airtable_sync 12800 6620 [SUCCESS] Synced combo product CSTE_0225_SG_Square/Big_TigerPrint to Airtable
INFO 2025-06-23 05:32:00,863 airtable_sync 12800 6620 [SUCCESS] Synced combo product CSTE_0226_SG_Square/Big_Black to Airtable
INFO 2025-06-23 05:32:02,853 airtable_sync 12800 6620 [SUCCESS] Synced combo product CSTE_0290_OT_Harrypotter_wand to Airtable
INFO 2025-06-23 05:32:04,774 airtable_sync 12800 6620 [SUCCESS] Synced combo product CSTE_0335_Wands_Hermoine_MusicBox to Airtable
INFO 2025-06-23 05:32:06,746 airtable_sync 12800 6620 [SUCCESS] Synced combo product CSTE_0340_Wands_Harrypotter_Sunglasas to Airtable
INFO 2025-06-23 05:32:08,713 airtable_sync 12800 6620 [SUCCESS] Synced combo product CSTE_0341_Wands_Hermoine_Sunglasas to Airtable
INFO 2025-06-23 05:32:10,701 airtable_sync 12800 6620 [SUCCESS] Synced combo product CSTE_0342_Wands_Dumbledore_Sunglasas to Airtable
INFO 2025-06-23 05:32:12,700 airtable_sync 12800 6620 [SUCCESS] Synced combo product CSTE_0343_Wands_Lord Voldmort_Sunglasas to Airtable
INFO 2025-06-23 05:32:14,709 airtable_sync 12800 6620 [SUCCESS] Synced combo product CSTE_0345_Wands_Snape_Sunglasas to Airtable
INFO 2025-06-23 05:32:16,700 airtable_sync 12800 6620 [SUCCESS] Synced combo product CSTE_0350_Wands_Harrypotter_light_MB to Airtable
INFO 2025-06-23 05:32:18,662 airtable_sync 12800 6620 [SUCCESS] Synced combo product CSTE_0350_Wands_Hp_light_MB to Airtable
INFO 2025-06-23 05:32:20,551 airtable_sync 12800 6620 [SUCCESS] Synced combo product CSTE_0351_Wands_snape_Light_MB to Airtable
INFO 2025-06-23 05:32:22,454 airtable_sync 12800 6620 [SUCCESS] Synced combo product CSTE_0352_Wands_Voldemort_Light_MB to Airtable
INFO 2025-06-23 05:32:24,383 airtable_sync 12800 6620 [SUCCESS] Synced combo product CSTE_0353_Wands_DumbleD_light_MB to Airtable
INFO 2025-06-23 05:32:26,292 airtable_sync 12800 6620 [SUCCESS] Synced combo product CSTE_0353_Wands_Dumbledore_light_MB to Airtable
INFO 2025-06-23 05:32:28,180 airtable_sync 12800 6620 [SUCCESS] Synced combo product CSTE_0354_Wands_Hermoine_light_MB to Airtable
INFO 2025-06-23 05:32:30,071 airtable_sync 12800 6620 [SUCCESS] Synced combo product CSTE_0355_Wands_HP_light_Sg to Airtable
INFO 2025-06-23 05:32:32,046 airtable_sync 12800 6620 [SUCCESS] Synced combo product CSTE_0355_Wands_Harrypotter_light_SG to Airtable
INFO 2025-06-23 05:32:34,001 airtable_sync 12800 6620 [SUCCESS] Synced combo product CSTE_0356_Wands_snape_Light_Sg to Airtable
INFO 2025-06-23 05:32:35,963 airtable_sync 12800 6620 [SUCCESS] Synced combo product CSTE_0357_Wands_Voldemort_Light_Sg to Airtable
INFO 2025-06-23 05:32:37,908 airtable_sync 12800 6620 [SUCCESS] Synced combo product CSTE_0358_Wands_Dumbledore_light_Sg to Airtable
INFO 2025-06-23 05:32:39,925 airtable_sync 12800 6620 [SUCCESS] Synced combo product CSTE_0359_Wands_Hermoine_light_Sg to Airtable
INFO 2025-06-23 05:32:42,084 airtable_sync 12800 6620 [SUCCESS] Synced combo product CSTE_0360_Wands_Snape_Light to Airtable
INFO 2025-06-23 05:32:44,016 airtable_sync 12800 6620 [SUCCESS] Synced combo product CSTE_0407_OT_HP_Scarf_SG to Airtable
INFO 2025-06-23 05:32:45,985 airtable_sync 12800 6620 [SUCCESS] Synced combo product CSTE_0469_ST_Pokemon_Charizard to Airtable
INFO 2025-06-23 05:32:47,912 airtable_sync 12800 6620 [SUCCESS] Synced combo product CSTE_0481_ST_Animal_Cow_Plush_Cloths to Airtable
INFO 2025-06-23 05:32:49,887 airtable_sync 12800 6620 [SUCCESS] Synced combo product CSTE_0502_ST_Minecraft_Pickaxe_Foam to Airtable
INFO 2025-06-23 05:32:51,759 airtable_sync 12800 6620 [SUCCESS] Synced combo product CSTE_0523_ST_Animal_Bow_Sheep to Airtable
INFO 2025-06-23 05:32:53,892 airtable_sync 12800 6620 [SUCCESS] Synced combo product CSTE_0532_ST_Animal_Breathing_rabbit to Airtable
INFO 2025-06-23 05:32:55,781 airtable_sync 12800 6620 [SUCCESS] Synced combo product CSTE_0533_ST_Animal_Breathing_koala_Grey to Airtable
INFO 2025-06-23 05:32:57,798 airtable_sync 12800 6620 [SUCCESS] Synced combo product CSTE_0535_ST_Animal_Breathing_lamb_P to Airtable
INFO 2025-06-23 05:32:59,826 airtable_sync 12800 6620 [SUCCESS] Synced combo product CSTE_0535_ST_Animal_Breathing_lamb_P_2 to Airtable
INFO 2025-06-23 05:33:01,835 airtable_sync 12800 6620 [SUCCESS] Synced combo product CSTE_0536_ST_Animal_Breathing_lamb_White to Airtable
INFO 2025-06-23 05:33:03,813 airtable_sync 12800 6620 [SUCCESS] Synced combo product CSTE_0537_ST_Animal_Breathing_capyBara_1 to Airtable
INFO 2025-06-23 05:33:05,791 airtable_sync 12800 6620 [SUCCESS] Synced combo product CSTE_0538_ST_Animal_Penguin_Yellow to Airtable
INFO 2025-06-23 05:33:07,749 airtable_sync 12800 6620 [SUCCESS] Synced combo product CSTE_0539_ST_Animal_Penguin_Green to Airtable
INFO 2025-06-23 05:33:09,658 airtable_sync 12800 6620 [SUCCESS] Synced combo product CSTE_0540_ST_Animal_Breathing_Stich_P_2 to Airtable
INFO 2025-06-23 05:33:11,630 airtable_sync 12800 6620 [SUCCESS] Synced combo product CSTE_0540_ST_Animal_Breathing_Stich_Pink to Airtable
INFO 2025-06-23 05:33:13,702 airtable_sync 12800 6620 [SUCCESS] Synced combo product CSTE_0541_ST_Animal_Breathing_Fox to Airtable
INFO 2025-06-23 05:33:15,844 airtable_sync 12800 6620 [SUCCESS] Synced combo product CSTE_0542_ST_Animal_Breathing_Lucifer_C to Airtable
INFO 2025-06-23 05:33:17,937 airtable_sync 12800 6620 [SUCCESS] Synced combo product CSTE_0543_ST_Animal_Breathing_S_Rabbit to Airtable
INFO 2025-06-23 05:33:19,858 airtable_sync 12800 6620 [SUCCESS] Synced combo product CSTE_0544_ST_Animal_Breathing_Sloth_Grey to Airtable
INFO 2025-06-23 05:33:21,767 airtable_sync 12800 6620 [SUCCESS] Synced combo product CSTE_0545_ST_Animal_Breathing_Dog_B_2 to Airtable
INFO 2025-06-23 05:33:23,781 airtable_sync 12800 6620 [SUCCESS] Synced combo product CSTE_0545_ST_Animal_Breathing_Dog_Brown to Airtable
INFO 2025-06-23 05:33:25,715 airtable_sync 12800 6620 [SUCCESS] Synced combo product CSTE_0546_ST_Animal_Lucifer_Cat_Black to Airtable
INFO 2025-06-23 05:33:27,686 airtable_sync 12800 6620 [SUCCESS] Synced combo product CSTE_Combo_Melody_Kuromi to Airtable
INFO 2025-06-23 05:33:29,683 airtable_sync 12800 6620 [SUCCESS] Synced combo product CSTE_O0364_SnitchBall_3dLamp to Airtable
INFO 2025-06-23 05:33:31,683 airtable_sync 12800 6620 [SUCCESS] Synced combo product CSTE_O0367_OT_Belt_Sunglass_Combo to Airtable
INFO 2025-06-23 05:33:33,697 airtable_sync 12800 6620 [SUCCESS] Synced combo product CSTE_O0442_OT_Squeeze_White to Airtable
INFO 2025-06-23 05:33:35,732 airtable_sync 12800 6620 [SUCCESS] Synced combo product CSTE_O0443_OT_Squeeze_Yellow to Airtable
INFO 2025-06-23 05:33:37,799 airtable_sync 12800 6620 [SUCCESS] Synced combo product CSTE_O0444_OT_Squeeze_Purple to Airtable
INFO 2025-06-23 05:33:39,791 airtable_sync 12800 6620 [SUCCESS] Synced combo product CSTE_O0445_OT_Glue_Sand_Rubber_Monkey to Airtable
INFO 2025-06-23 05:33:41,772 airtable_sync 12800 6620 [SUCCESS] Synced combo product CSTE_O0446_OT_Glue_Sand_Rubber_Pig to Airtable
INFO 2025-06-23 05:33:43,764 airtable_sync 12800 6620 [SUCCESS] Synced combo product CTLG-01 to Airtable
INFO 2025-06-23 05:33:45,787 airtable_sync 12800 6620 [SUCCESS] Synced combo product CTLG-02 to Airtable
INFO 2025-06-23 05:33:47,765 airtable_sync 12800 6620 [SUCCESS] Synced combo product Caaju_24grid_Beige_2pk to Airtable
INFO 2025-06-23 05:33:49,729 airtable_sync 12800 6620 [SUCCESS] Synced combo product Caaju_24grid_Grey_2pk to Airtable
INFO 2025-06-23 05:33:51,764 airtable_sync 12800 6620 [SUCCESS] Synced combo product Caaju_26Lstoragebox_grey_2pk to Airtable
INFO 2025-06-23 05:33:53,871 airtable_sync 12800 6620 [SUCCESS] Synced combo product Caaju_26Lstoragebox_grey_3pk to Airtable
INFO 2025-06-23 05:33:55,941 airtable_sync 12800 6620 [SUCCESS] Synced combo product Caaju_26Lstoragebox_grey_4pk to Airtable
INFO 2025-06-23 05:33:58,030 airtable_sync 12800 6620 [SUCCESS] Synced combo product Caaju_6pc_travelkit_Maroon to Airtable
INFO 2025-06-23 05:34:00,219 airtable_sync 12800 6620 [SUCCESS] Synced combo product Caaju_6pc_travelkit_Pink to Airtable
INFO 2025-06-23 05:34:02,139 airtable_sync 12800 6620 [SUCCESS] Synced combo product Caaju_6pc_travelkit_Red to Airtable
INFO 2025-06-23 05:34:04,083 airtable_sync 12800 6620 [SUCCESS] Synced combo product Caaju_Compression_Travelkit_Blue to Airtable
INFO 2025-06-23 05:34:06,073 airtable_sync 12800 6620 [SUCCESS] Synced combo product Caaju_Compression_Travelkit_Cream to Airtable
INFO 2025-06-23 05:34:08,173 airtable_sync 12800 6620 [SUCCESS] Synced combo product Caaju_DS_Clipe_Rope_Pack2 to Airtable
INFO 2025-06-23 05:34:10,176 airtable_sync 12800 6620 [SUCCESS] Synced combo product Caaju_Storagebox_Blue_2pk to Airtable
INFO 2025-06-23 05:34:12,226 airtable_sync 12800 6620 [SUCCESS] Synced combo product Caaju_Storagebox_Blue_3pk to Airtable
INFO 2025-06-23 05:34:14,250 airtable_sync 12800 6620 [SUCCESS] Synced combo product Caaju_Storagebox_Blue_4pk to Airtable
INFO 2025-06-23 05:34:16,231 airtable_sync 12800 6620 [SUCCESS] Synced combo product Caaju_Storagebox_Blue_5pk to Airtable
INFO 2025-06-23 05:34:18,297 airtable_sync 12800 6620 [SUCCESS] Synced combo product Caaju_Storagebox_Blue_6pk to Airtable
INFO 2025-06-23 05:34:20,307 airtable_sync 12800 6620 [SUCCESS] Synced combo product Compression_Kit_Toiletry_Bottle_Combo to Airtable
INFO 2025-06-23 05:34:22,294 airtable_sync 12800 6620 [SUCCESS] Synced combo product Compression_Sky_Blue to Airtable
INFO 2025-06-23 05:34:24,293 airtable_sync 12800 6620 [SUCCESS] Synced combo product Compression_kit_blk to Airtable
INFO 2025-06-23 05:34:26,543 airtable_sync 12800 6620 [SUCCESS] Synced combo product DOUBLE SHADES HEART MELT_SG to Airtable
INFO 2025-06-23 05:34:29,102 airtable_sync 12800 6620 [SUCCESS] Synced combo product Dinosaur Doll to Airtable
INFO 2025-06-23 05:34:31,733 airtable_sync 12800 6620 [SUCCESS] Synced combo product Duck_Keychain_Flower_Duck to Airtable
INFO 2025-06-23 05:34:34,333 airtable_sync 12800 6620 [SUCCESS] Synced combo product Dumbledore_Stand to Airtable
INFO 2025-06-23 05:34:36,567 airtable_sync 12800 6620 [SUCCESS] Synced combo product Dumbledore_sunglass_wand to Airtable
INFO 2025-06-23 05:34:38,631 airtable_sync 12800 6620 [SUCCESS] Synced combo product Dumbledore_wand_musicbox to Airtable
INFO 2025-06-23 05:34:40,770 airtable_sync 12800 6620 [SUCCESS] Synced combo product FLY_PENCIL_6_SET_MULTI to Airtable
INFO 2025-06-23 05:34:42,822 airtable_sync 12800 6620 [SUCCESS] Synced combo product FUSKED Chimmy & Cooky Plush Pillow, Animal Stuffed Toy to Airtable
INFO 2025-06-23 05:34:44,977 airtable_sync 12800 6620 [SUCCESS] Synced combo product FUSKED Cooky & Tata Plush Pillow, Animal Stuffed Toys Throw to Airtable
INFO 2025-06-23 05:34:47,053 airtable_sync 12800 6620 [SUCCESS] Synced combo product FUSKED- BOBBLEHEAD DOG-WHITE-CAR AND HOME DECOR to Airtable
INFO 2025-06-23 05:34:49,163 airtable_sync 12800 6620 [SUCCESS] Synced combo product FUSKED-COMBO-REVERSIBLE OCTOPUS-14 to Airtable
INFO 2025-06-23 05:34:51,199 airtable_sync 12800 6620 [SUCCESS] Synced combo product FUSKED-COMBO-REVERSIBLEOCTOPUSTOYS-6 to Airtable
INFO 2025-06-23 05:34:53,326 airtable_sync 12800 6620 [SUCCESS] Synced combo product Fireglass_Green_Map to Airtable
INFO 2025-06-23 05:34:55,382 airtable_sync 12800 6620 [SUCCESS] Synced combo product Friends New Music Box to Airtable
INFO 2025-06-23 05:34:57,360 airtable_sync 12800 6620 [SUCCESS] Synced combo product Fur Chair Mat-White to Airtable
INFO 2025-06-23 05:34:59,362 airtable_sync 12800 6620 [SUCCESS] Synced combo product Fusked Red Tata Eye Mask | Soft Breathable Cotton Eye Mask | Sleeping eye shade mask for Insomnia, Meditation, Puffy Eyes and Dark Circles (Red) to Airtable
INFO 2025-06-23 05:35:01,498 airtable_sync 12800 6620 [SUCCESS] Synced combo product Fusked Wool Floor Mat (White, Small) to Airtable
INFO 2025-06-23 05:35:03,625 airtable_sync 12800 6620 [SUCCESS] Synced combo product Goku blue hair to Airtable
INFO 2025-06-23 05:35:05,694 airtable_sync 12800 6620 [SUCCESS] Synced combo product HOC_A9_MB_MH to Airtable
INFO 2025-06-23 05:35:07,749 airtable_sync 12800 6620 [SUCCESS] Synced combo product HOC_Bella_Ciao_MH_Black to Airtable
INFO 2025-06-23 05:35:09,796 airtable_sync 12800 6620 [SUCCESS] Synced combo product HOC_Brown-La-Vie-Rose-Brown to Airtable
INFO 2025-06-23 05:35:11,946 airtable_sync 12800 6620 [SUCCESS] Synced combo product HOC_CSTE_0073_MB_ILoveToTheMoon_Black to Airtable
INFO 2025-06-23 05:35:14,003 airtable_sync 12800 6620 [SUCCESS] Synced combo product HOC_Caribbean-Pirates to Airtable
INFO 2025-06-23 05:35:16,117 airtable_sync 12800 6620 [SUCCESS] Synced combo product HOC_FK- MUSIC BOX -HAPPY BIRTHDAY FOR SPECIAL ONES- PINK to Airtable
INFO 2025-06-23 05:35:18,111 airtable_sync 12800 6620 [SUCCESS] Synced combo product HOC_Four-Head-Brown-Beatles to Airtable
INFO 2025-06-23 05:35:20,210 airtable_sync 12800 6620 [SUCCESS] Synced combo product HOC_Happy_birthday_white to Airtable
INFO 2025-06-23 05:35:22,294 airtable_sync 12800 6620 [SUCCESS] Synced combo product HOC_MB_Queen_Black to Airtable
INFO 2025-06-23 05:35:24,325 airtable_sync 12800 6620 [SUCCESS] Synced combo product HOC_MH A14 Brown MB to Airtable
INFO 2025-06-23 05:35:26,308 airtable_sync 12800 6620 [SUCCESS] Synced combo product HOC_MHAll_Black_MB to Airtable
INFO 2025-06-23 05:35:28,364 airtable_sync 12800 6620 [SUCCESS] Synced combo product HOC_MH_A5_BLACK MB to Airtable
INFO 2025-06-23 05:35:30,492 airtable_sync 12800 6620 [SUCCESS] Synced combo product HOC_MH_Mask_Brown to Airtable
INFO 2025-06-23 05:35:32,565 airtable_sync 12800 6620 [SUCCESS] Synced combo product HOC_MusicBox_Queen to Airtable
INFO 2025-06-23 05:35:34,660 airtable_sync 12800 6620 [SUCCESS] Synced combo product HOC_Pirate_DavyJones_mb to Airtable
INFO 2025-06-23 05:35:36,770 airtable_sync 12800 6620 [SUCCESS] Synced combo product HOC_Pirates of The Caribbean_BLACK to Airtable
INFO 2025-06-23 05:35:38,835 airtable_sync 12800 6620 [SUCCESS] Synced combo product HOC_Simpsons_Music_Box_Brown to Airtable
INFO 2025-06-23 05:35:40,924 airtable_sync 12800 6620 [SUCCESS] Synced combo product HOC_TO MY WIFE WITH PHOTO_BROWN to Airtable
INFO 2025-06-23 05:35:43,050 airtable_sync 12800 6620 [SUCCESS] Synced combo product HOC_Tree_MB_MerryChristmas to Airtable
INFO 2025-06-23 05:35:45,142 airtable_sync 12800 6620 [SUCCESS] Synced combo product HOC_YOU ARE MY SUNSHINE_BLACK to Airtable
INFO 2025-06-23 05:35:47,111 airtable_sync 12800 6620 [SUCCESS] Synced combo product HOC_birthdaytunered01 to Airtable
INFO 2025-06-23 05:35:49,162 airtable_sync 12800 6620 [SUCCESS] Synced combo product HOC_hbd_black_mb to Airtable
INFO 2025-06-23 05:35:51,243 airtable_sync 12800 6620 [SUCCESS] Synced combo product HOC_moneyhiestA15 to Airtable
INFO 2025-06-23 05:35:53,329 airtable_sync 12800 6620 [SUCCESS] Synced combo product HP_Wand_Stand to Airtable
INFO 2025-06-23 05:35:55,366 airtable_sync 12800 6620 [SUCCESS] Synced combo product Haary_Round_SG to Airtable
INFO 2025-06-23 05:35:57,435 airtable_sync 12800 6620 [SUCCESS] Synced combo product Harry_stand to Airtable
INFO 2025-06-23 05:35:59,481 airtable_sync 12800 6620 [SUCCESS] Synced combo product Harrypotter_wand to Airtable
INFO 2025-06-23 05:36:01,870 airtable_sync 12800 6620 [SUCCESS] Synced combo product Harrypotter_wands_musicbox to Airtable
INFO 2025-06-23 05:36:03,882 airtable_sync 12800 6620 [SUCCESS] Synced combo product HeartShape_SlingBag_Pink to Airtable
INFO 2025-06-23 05:36:05,874 airtable_sync 12800 6620 [SUCCESS] Synced combo product Hermoine_light_SG to Airtable
INFO 2025-06-23 05:36:07,962 airtable_sync 12800 6620 [SUCCESS] Synced combo product Hermoine_stand to Airtable
INFO 2025-06-23 05:36:10,056 airtable_sync 12800 6620 [SUCCESS] Synced combo product JS_DeerStand_Pink to Airtable
INFO 2025-06-23 05:36:12,071 airtable_sync 12800 6620 [SUCCESS] Synced combo product Jade Holder-Green to Airtable
INFO 2025-06-23 05:36:14,036 airtable_sync 12800 6620 [SUCCESS] Synced combo product Koala_Hugging_Duck to Airtable
INFO 2025-06-23 05:36:15,975 airtable_sync 12800 6620 [SUCCESS] Synced combo product Koya_Pillow to Airtable
INFO 2025-06-23 05:36:18,050 airtable_sync 12800 6620 [SUCCESS] Synced combo product Kuromi_My Melody to Airtable
INFO 2025-06-23 05:36:20,087 airtable_sync 12800 6620 [SUCCESS] Synced combo product Kuromi_My_Melody to Airtable
INFO 2025-06-23 05:36:22,142 airtable_sync 12800 6620 [SUCCESS] Synced combo product Lama_Creeper_Combo to Airtable
INFO 2025-06-23 05:36:24,271 airtable_sync 12800 6620 [SUCCESS] Synced combo product Lama_Ghast_Combo to Airtable
INFO 2025-06-23 05:36:26,482 airtable_sync 12800 6620 [SUCCESS] Synced combo product Lilo_Stitch_Breathing_Stitch to Airtable
INFO 2025-06-23 05:36:28,525 airtable_sync 12800 6620 [SUCCESS] Synced combo product LordVoldmort_wand_musicbox to Airtable
INFO 2025-06-23 05:36:30,598 airtable_sync 12800 6620 [SUCCESS] Synced combo product MB_COMBO_BB_GOT_Black to Airtable
INFO 2025-06-23 05:36:32,576 airtable_sync 12800 6620 [SUCCESS] Synced combo product MB_COMBO_BB_HBD_Brown to Airtable
INFO 2025-06-23 05:36:34,618 airtable_sync 12800 6620 [SUCCESS] Synced combo product MB_COMBO_BB_HP_White to Airtable
INFO 2025-06-23 05:36:36,717 airtable_sync 12800 6620 [SUCCESS] Synced combo product MB_COMBO_BB_Money3Joker to Airtable
INFO 2025-06-23 05:36:38,758 airtable_sync 12800 6620 [SUCCESS] Synced combo product MB_COMBO_BB_MoneyHeist3 to Airtable
INFO 2025-06-23 05:36:40,862 airtable_sync 12800 6620 [SUCCESS] Synced combo product MB_COMBO_BB_MoneyHeist7 to Airtable
INFO 2025-06-23 05:36:42,869 airtable_sync 12800 6620 [SUCCESS] Synced combo product MB_COMBO_BB_MoneyHeist8 to Airtable
INFO 2025-06-23 05:36:44,899 airtable_sync 12800 6620 [SUCCESS] Synced combo product MB_COMBO_BB_Pirate to Airtable
INFO 2025-06-23 05:36:47,049 airtable_sync 12800 6620 [SUCCESS] Synced combo product MB_COMBO_BB_StarWarsBlue to Airtable
INFO 2025-06-23 05:36:49,179 airtable_sync 12800 6620 [SUCCESS] Synced combo product MB_COMBO_BB_StarWarsBrown to Airtable
INFO 2025-06-23 05:36:51,227 airtable_sync 12800 6620 [SUCCESS] Synced combo product MB_COMBO_FRIENDS_STARWARS to Airtable
INFO 2025-06-23 05:36:53,300 airtable_sync 12800 6620 [SUCCESS] Synced combo product MB_COMBO_FRIEND_CASTLEINTHESKY to Airtable
INFO 2025-06-23 05:36:55,331 airtable_sync 12800 6620 [SUCCESS] Synced combo product MB_COMBO_HBDBLACK_LETITGO to Airtable
INFO 2025-06-23 05:36:57,350 airtable_sync 12800 6620 [SUCCESS] Synced combo product MB_COMBO_HBDBLACK_MH to Airtable
INFO 2025-06-23 05:36:59,333 airtable_sync 12800 6620 [SUCCESS] Synced combo product MB_COMBO_HBDBLK_SUNSHINE to Airtable
INFO 2025-06-23 05:37:01,484 airtable_sync 12800 6620 [SUCCESS] Synced combo product MB_COMBO_HBDBROWN-HPWHITE to Airtable
INFO 2025-06-23 05:37:03,762 airtable_sync 12800 6620 [SUCCESS] Synced combo product MB_COMBO_HBDBROWN_STARWAERBLACK to Airtable
INFO 2025-06-23 05:37:05,767 airtable_sync 12800 6620 [SUCCESS] Synced combo product MB_COMBO_HBDBROWN_UAREMYSUNSHINE to Airtable
INFO 2025-06-23 05:37:07,813 airtable_sync 12800 6620 [SUCCESS] Synced combo product MB_COMBO_HBDPINK_BEATLES to Airtable
INFO 2025-06-23 05:37:09,845 airtable_sync 12800 6620 [SUCCESS] Synced combo product MB_COMBO_HPBLACK_HBDBROWN to Airtable
INFO 2025-06-23 05:37:11,918 airtable_sync 12800 6620 [SUCCESS] Synced combo product MB_COMBO_HPGREEN_HBDPINK to Airtable
INFO 2025-06-23 05:37:14,016 airtable_sync 12800 6620 [SUCCESS] Synced combo product MB_COMBO_HPGREEN_HBDRED to Airtable
INFO 2025-06-23 05:37:16,072 airtable_sync 12800 6620 [SUCCESS] Synced combo product MB_COMBO_HPGREEN_HBDWHITE to Airtable
INFO 2025-06-23 05:37:18,138 airtable_sync 12800 6620 [SUCCESS] Synced combo product MB_COMBO_HPGREEN_LETITGO to Airtable
INFO 2025-06-23 05:37:20,229 airtable_sync 12800 6620 [SUCCESS] Synced combo product MB_COMBO_HPGREEN_MH2 to Airtable
INFO 2025-06-23 05:37:22,316 airtable_sync 12800 6620 [SUCCESS] Synced combo product MB_COMBO_HPGREEN_MH3 to Airtable
INFO 2025-06-23 05:37:24,671 airtable_sync 12800 6620 [SUCCESS] Synced combo product MB_COMBO_HPGREEN_MHBLACK to Airtable
INFO 2025-06-23 05:37:26,757 airtable_sync 12800 6620 [SUCCESS] Synced combo product MB_COMBO_LALALAND_GODFATHER to Airtable
INFO 2025-06-23 05:37:28,885 airtable_sync 12800 6620 [SUCCESS] Synced combo product MB_COMBO_LALALAND_LETITGO to Airtable
INFO 2025-06-23 05:37:30,882 airtable_sync 12800 6620 [SUCCESS] Synced combo product MB_COMBO_LALALAND_PP to Airtable
INFO 2025-06-23 05:37:32,932 airtable_sync 12800 6620 [SUCCESS] Synced combo product MB_COMBO_LALALAND_THEBEATLES to Airtable
INFO 2025-06-23 05:37:34,899 airtable_sync 12800 6620 [SUCCESS] Synced combo product MB_COMBO_LALALAND_URMYSUNSHINE to Airtable
INFO 2025-06-23 05:37:36,916 airtable_sync 12800 6620 [SUCCESS] Synced combo product MB_COMBO_TWINKLE_HBDPPINK to Airtable
INFO 2025-06-23 05:37:38,884 airtable_sync 12800 6620 [SUCCESS] Synced combo product MB_COMBO_TWINKLE_PINKPANTHER to Airtable
INFO 2025-06-23 05:37:40,965 airtable_sync 12800 6620 [SUCCESS] Synced combo product MB_COMBO_WINTERBROWN_BEAUTYBEST to Airtable
INFO 2025-06-23 05:37:43,036 airtable_sync 12800 6620 [SUCCESS] Synced combo product MK11AF MB_COMBO_BB_DBALL to Airtable
INFO 2025-06-23 05:37:44,992 airtable_sync 12800 6620 [SUCCESS] Synced combo product MONEYHEIST A-8_BROWN to Airtable
INFO 2025-06-23 05:37:47,116 airtable_sync 12800 6620 [SUCCESS] Synced combo product Maru_Bear_Love_a_Lot_Bear to Airtable
INFO 2025-06-23 05:37:49,148 airtable_sync 12800 6620 [SUCCESS] Synced combo product Messanger_Cat_Combo to Airtable
INFO 2025-06-23 05:37:51,278 airtable_sync 12800 6620 [SUCCESS] Synced combo product Messenger_Cat_UPD_Black to Airtable
INFO 2025-06-23 05:37:53,371 airtable_sync 12800 6620 [SUCCESS] Synced combo product Messenger_Cat_UPD_Pink to Airtable
INFO 2025-06-23 05:37:55,491 airtable_sync 12800 6620 [SUCCESS] Synced combo product Minecraft_Small_Sword_Steve to Airtable
INFO 2025-06-23 05:37:57,610 airtable_sync 12800 6620 [SUCCESS] Synced combo product Minecraft_Spider_Creeper to Airtable
INFO 2025-06-23 05:37:59,585 airtable_sync 12800 6620 [SUCCESS] Synced combo product Music Box Star Wars- Black to Airtable
INFO 2025-06-23 05:38:01,653 airtable_sync 12800 6620 [SUCCESS] Synced combo product MusicBoxDragonBall-Z-Red to Airtable
INFO 2025-06-23 05:38:03,880 airtable_sync 12800 6620 [SUCCESS] Synced combo product NEW_HARRY_POTTER_MUSIC_BOX to Airtable
INFO 2025-06-23 05:38:05,860 airtable_sync 12800 6620 [SUCCESS] Synced combo product Nit-v-Combo_Box_02 to Airtable
INFO 2025-06-23 05:38:07,841 airtable_sync 12800 6620 [SUCCESS] Synced combo product Nit-v-Combo_Box_03 to Airtable
INFO 2025-06-23 05:38:09,888 airtable_sync 12800 6620 [SUCCESS] Synced combo product Nit-v-Combo_Box_04 to Airtable
INFO 2025-06-23 05:38:11,945 airtable_sync 12800 6620 [SUCCESS] Synced combo product Nit-v-Combo_Box_05 to Airtable
INFO 2025-06-23 05:38:13,995 airtable_sync 12800 6620 [SUCCESS] Synced combo product Nit-v-Combo_Box_06 to Airtable
INFO 2025-06-23 05:38:16,058 airtable_sync 12800 6620 [SUCCESS] Synced combo product Oval_Red&Black_SG to Airtable
INFO 2025-06-23 05:38:18,107 airtable_sync 12800 6620 [SUCCESS] Synced combo product Oval_Sg_Combo to Airtable
INFO 2025-06-23 05:38:20,148 airtable_sync 12800 6620 [SUCCESS] Synced combo product Owl_Keyholder_Purple to Airtable
INFO 2025-06-23 05:38:22,277 airtable_sync 12800 6620 [SUCCESS] Synced combo product PILLOW_PACK-4 to Airtable
INFO 2025-06-23 05:38:24,367 airtable_sync 12800 6620 [SUCCESS] Synced combo product PILLOW_PACK2 to Airtable
INFO 2025-06-23 05:38:26,506 airtable_sync 12800 6620 [SUCCESS] Synced combo product PILLOW_PACK3 to Airtable
INFO 2025-06-23 05:38:28,571 airtable_sync 12800 6620 [SUCCESS] Synced combo product PILLOW_PACK4 to Airtable
INFO 2025-06-23 05:38:30,557 airtable_sync 12800 6620 [SUCCESS] Synced combo product PILLOW_PACK5 to Airtable
INFO 2025-06-23 05:38:32,547 airtable_sync 12800 6620 [SUCCESS] Synced combo product PILLOW_PACKOF2 to Airtable
INFO 2025-06-23 05:38:34,567 airtable_sync 12800 6620 [SUCCESS] Synced combo product Playful_Swaddles_4 to Airtable
INFO 2025-06-23 05:38:36,625 airtable_sync 12800 6620 [SUCCESS] Synced combo product RUDRAV_RJ, Shooky, Van & Tata Plush Pillow, Animal Stuffed Toys to Airtable
INFO 2025-06-23 05:38:38,723 airtable_sync 12800 6620 [SUCCESS] Synced combo product Rudrav BT21 Rj Ball Pen Multi-function Pen (Multicolor) to Airtable
INFO 2025-06-23 05:38:40,786 airtable_sync 12800 6620 [SUCCESS] Synced combo product Rudrav BTS Pen Multi-function Pen (Blue) to Airtable
INFO 2025-06-23 05:38:42,837 airtable_sync 12800 6620 [SUCCESS] Synced combo product Rudrav_10 Colors in _1 BT21 Koya Ball Pen (Blue) Ball Pen (Multicolor) to Airtable
INFO 2025-06-23 05:38:44,770 airtable_sync 12800 6620 [SUCCESS] Synced combo product Rudrav_Chimmy & Cooky Plush Pillow, Animal Stuffed Toys to Airtable
INFO 2025-06-23 05:38:47,483 airtable_sync 12800 6620 [SUCCESS] Synced combo product Rudrav_Cute Mini Memo Note Pad Memo Note Book with Pen for Kids to Airtable
INFO 2025-06-23 05:38:49,492 airtable_sync 12800 6620 [SUCCESS] Synced combo product Rudrav_Pulse OXIMETER | Oxygen Saturation Level SPO2 and Heart Pulse Rate Monitor PR to Airtable
INFO 2025-06-23 05:38:51,634 airtable_sync 12800 6620 [SUCCESS] Synced combo product Rudrav_RJ & Tata Plush Pillow, Animal Stuffed Toys Throw Pillow to Airtable
INFO 2025-06-23 05:38:53,708 airtable_sync 12800 6620 [SUCCESS] Synced combo product ST-BTS-Chimmy-RJ-FBA to Airtable
INFO 2025-06-23 05:38:56,010 airtable_sync 12800 6620 [SUCCESS] Synced combo product ST-BTS-Chimmy-Shooky-FBA to Airtable
INFO 2025-06-23 05:38:58,072 airtable_sync 12800 6620 [SUCCESS] Synced combo product ST-BTS-Cooky-RJ-FBA to Airtable
INFO 2025-06-23 05:39:00,114 airtable_sync 12800 6620 [SUCCESS] Synced combo product ST-BTS-KOYA-Cooky-FBA to Airtable
INFO 2025-06-23 05:39:02,177 airtable_sync 12800 6620 [SUCCESS] Synced combo product ST-BTS-Koya-Chimmy-FBA to Airtable
INFO 2025-06-23 05:39:04,365 airtable_sync 12800 6620 [SUCCESS] Synced combo product ST-BTS-Koya-Shooky-FBA to Airtable
INFO 2025-06-23 05:39:06,439 airtable_sync 12800 6620 [SUCCESS] Synced combo product ST-BTS-Koya-tata-FBA to Airtable
INFO 2025-06-23 05:39:08,437 airtable_sync 12800 6620 [SUCCESS] Synced combo product ST-BTS-Koya-van-FBA to Airtable
INFO 2025-06-23 05:39:10,480 airtable_sync 12800 6620 [SUCCESS] Synced combo product ST-BTS-RJ-tata-FBA to Airtable
INFO 2025-06-23 05:39:12,459 airtable_sync 12800 6620 [SUCCESS] Synced combo product ST-BTS-RJ-van-FBA to Airtable
INFO 2025-06-23 05:39:14,515 airtable_sync 12800 6620 [SUCCESS] Synced combo product ST-BTS-chimmy-cooky-koya-Shooky to Airtable
INFO 2025-06-23 05:39:16,510 airtable_sync 12800 6620 [SUCCESS] Synced combo product ST-BTS-chimmy-cooky-koya-rj-FBA to Airtable
INFO 2025-06-23 05:39:18,481 airtable_sync 12800 6620 [SUCCESS] Synced combo product ST-BTS-chimmy-cooky-koya-tata-FBA to Airtable
INFO 2025-06-23 05:39:20,596 airtable_sync 12800 6620 [SUCCESS] Synced combo product ST-BTS-chimmy-cooky-koya-van-FBA to Airtable
INFO 2025-06-23 05:39:22,640 airtable_sync 12800 6620 [SUCCESS] Synced combo product ST-BTS-chimmy-tata-FBA to Airtable
INFO 2025-06-23 05:39:24,714 airtable_sync 12800 6620 [SUCCESS] Synced combo product ST-BTS-chimmy-van-FBA to Airtable
INFO 2025-06-23 05:39:26,808 airtable_sync 12800 6620 [SUCCESS] Synced combo product ST-BTS-cooky-Chimmy-FBA to Airtable
INFO 2025-06-23 05:39:28,850 airtable_sync 12800 6620 [SUCCESS] Synced combo product ST-BTS-cooky-koya-rj-tata-FBA to Airtable
INFO 2025-06-23 05:39:31,005 airtable_sync 12800 6620 [SUCCESS] Synced combo product ST-BTS-cooky-shooky-FBA to Airtable
INFO 2025-06-23 05:39:32,994 airtable_sync 12800 6620 [SUCCESS] Synced combo product ST-BTS-cooky-tata-FBA to Airtable
INFO 2025-06-23 05:39:35,056 airtable_sync 12800 6620 [SUCCESS] Synced combo product ST-BTS-cooky-van-FBA to Airtable
INFO 2025-06-23 05:39:37,111 airtable_sync 12800 6620 [SUCCESS] Synced combo product ST-BTS-koya-rj-FBA to Airtable
INFO 2025-06-23 05:39:39,127 airtable_sync 12800 6620 [SUCCESS] Synced combo product ST-BTS-koya-rj-shooky-chimmy-FBA to Airtable
INFO 2025-06-23 05:39:41,163 airtable_sync 12800 6620 [SUCCESS] Synced combo product ST-BTS-koya-rj-shooky-cooky-FBA to Airtable
INFO 2025-06-23 05:39:43,189 airtable_sync 12800 6620 [SUCCESS] Synced combo product ST-BTS-koya-rj-shooky-tata-FBA to Airtable
INFO 2025-06-23 05:39:45,201 airtable_sync 12800 6620 [SUCCESS] Synced combo product ST-BTS-koya-rj-shooky-van-FBA to Airtable
INFO 2025-06-23 05:39:47,278 airtable_sync 12800 6620 [SUCCESS] Synced combo product ST-BTS-rj-shooky-FBA to Airtable
INFO 2025-06-23 05:39:49,312 airtable_sync 12800 6620 [SUCCESS] Synced combo product ST-BTS-rj-shooky-van-tata-FBA to Airtable
INFO 2025-06-23 05:39:51,316 airtable_sync 12800 6620 [SUCCESS] Synced combo product ST-BTS-shooky-tata-FBA to Airtable
INFO 2025-06-23 05:39:53,339 airtable_sync 12800 6620 [SUCCESS] Synced combo product ST-BTS-shooky-tata-chimmy-cooky to Airtable
INFO 2025-06-23 05:39:55,423 airtable_sync 12800 6620 [SUCCESS] Synced combo product ST-BTS-shooky-van-FBA to Airtable
INFO 2025-06-23 05:39:57,565 airtable_sync 12800 6620 [SUCCESS] Synced combo product ST-BTS-van-chimmy-cooky-koya-FBA to Airtable
INFO 2025-06-23 05:39:59,679 airtable_sync 12800 6620 [SUCCESS] Synced combo product ST-BTS-van-tata-FBA to Airtable
INFO 2025-06-23 05:40:01,754 airtable_sync 12800 6620 [SUCCESS] Synced combo product ST-bts-throw-Army to Airtable
INFO 2025-06-23 05:40:03,848 airtable_sync 12800 6620 [SUCCESS] Synced combo product Snape_Sunglass_wand to Airtable
INFO 2025-06-23 05:40:05,886 airtable_sync 12800 6620 [SUCCESS] Synced combo product Snape_stand to Airtable
INFO 2025-06-23 05:40:07,957 airtable_sync 12800 6620 [SUCCESS] Synced combo product Stitch_Hugging_Duck to Airtable
INFO 2025-06-23 05:40:10,163 airtable_sync 12800 6620 [SUCCESS] Synced combo product Stitch_Hugging_Duck_2 to Airtable
INFO 2025-06-23 05:40:12,326 airtable_sync 12800 6620 [SUCCESS] Synced combo product StorageBox_3 to Airtable
INFO 2025-06-23 05:40:14,380 airtable_sync 12800 6620 [SUCCESS] Synced combo product StorageBox_4 to Airtable
INFO 2025-06-23 05:40:16,379 airtable_sync 12800 6620 [SUCCESS] Synced combo product StorageBox_5 to Airtable
INFO 2025-06-23 05:40:18,415 airtable_sync 12800 6620 [SUCCESS] Synced combo product Storage_Box_Brown_1 to Airtable
INFO 2025-06-23 05:40:20,451 airtable_sync 12800 6620 [SUCCESS] Synced combo product Storage_Box_Brown_2 to Airtable
INFO 2025-06-23 05:40:22,444 airtable_sync 12800 6620 [SUCCESS] Synced combo product Storage_Box_Brown_3 to Airtable
INFO 2025-06-23 05:40:24,442 airtable_sync 12800 6620 [SUCCESS] Synced combo product Storage_Box_Brown_4 to Airtable
INFO 2025-06-23 05:40:26,543 airtable_sync 12800 6620 [SUCCESS] Synced combo product Storage_Box_Green_1 to Airtable
INFO 2025-06-23 05:40:28,564 airtable_sync 12800 6620 [SUCCESS] Synced combo product Storage_Box_Green_2 to Airtable
INFO 2025-06-23 05:40:30,671 airtable_sync 12800 6620 [SUCCESS] Synced combo product Storage_Box_Green_3 to Airtable
INFO 2025-06-23 05:40:32,729 airtable_sync 12800 6620 [SUCCESS] Synced combo product Storage_Box_Green_4 to Airtable
INFO 2025-06-23 05:40:34,776 airtable_sync 12800 6620 [SUCCESS] Synced combo product Storage_Box_white_1 to Airtable
INFO 2025-06-23 05:40:36,815 airtable_sync 12800 6620 [SUCCESS] Synced combo product Storage_Box_white_2 to Airtable
INFO 2025-06-23 05:40:38,879 airtable_sync 12800 6620 [SUCCESS] Synced combo product Storage_Box_white_3 to Airtable
INFO 2025-06-23 05:40:40,859 airtable_sync 12800 6620 [SUCCESS] Synced combo product Storage_Box_white_4 to Airtable
INFO 2025-06-23 05:40:42,839 airtable_sync 12800 6620 [SUCCESS] Synced combo product Storage_box_Black_2 to Airtable
INFO 2025-06-23 05:40:44,798 airtable_sync 12800 6620 [SUCCESS] Synced combo product Storage_box_Black_3 to Airtable
INFO 2025-06-23 05:40:46,765 airtable_sync 12800 6620 [SUCCESS] Synced combo product Storage_box_Black_4 to Airtable
INFO 2025-06-23 05:40:48,872 airtable_sync 12800 6620 [SUCCESS] Synced combo product Swaddle_3 to Airtable
INFO 2025-06-23 05:40:50,883 airtable_sync 12800 6620 [SUCCESS] Synced combo product Swaddle_4 to Airtable
INFO 2025-06-23 05:40:52,977 airtable_sync 12800 6620 [SUCCESS] Synced combo product Swaddle_5 to Airtable
INFO 2025-06-23 05:40:54,996 airtable_sync 12800 6620 [SUCCESS] Synced combo product Swaddles_Pack3 to Airtable
INFO 2025-06-23 05:40:57,114 airtable_sync 12800 6620 [SUCCESS] Synced combo product Swaddles_Pack4 to Airtable
INFO 2025-06-23 05:40:59,154 airtable_sync 12800 6620 [SUCCESS] Synced combo product Swaddles_Pack5 to Airtable
INFO 2025-06-23 05:41:01,233 airtable_sync 12800 6620 [SUCCESS] Synced combo product Swaddles_pack3 to Airtable
INFO 2025-06-23 05:41:03,269 airtable_sync 12800 6620 [SUCCESS] Synced combo product Van Bts Soft Toy Full Body to Airtable
INFO 2025-06-23 05:41:05,386 airtable_sync 12800 6620 [SUCCESS] Synced combo product Van_Mang_Combo to Airtable
INFO 2025-06-23 05:41:07,350 airtable_sync 12800 6620 [SUCCESS] Synced combo product Voldemort_stand to Airtable
INFO 2025-06-23 05:41:09,347 airtable_sync 12800 6620 [SUCCESS] Synced combo product Voldmort_sunglass_wand to Airtable
INFO 2025-06-23 05:41:12,568 airtable_sync 12800 6620 [SUCCESS] Synced combo product WB-IEVN-6335 to Airtable
INFO 2025-06-23 05:41:14,578 airtable_sync 12800 6620 [SUCCESS] Synced combo product Wands_Dumbledore_Sunglasas to Airtable
INFO 2025-06-23 05:41:16,672 airtable_sync 12800 6620 [SUCCESS] Synced combo product Wands_HarryPotter_Sunglass to Airtable
INFO 2025-06-23 05:41:18,589 airtable_sync 12800 6620 [SUCCESS] Synced combo product Wands_Lord Voldmort_Sunglasas to Airtable
INFO 2025-06-23 05:41:20,599 airtable_sync 12800 6620 [SUCCESS] Synced combo product Wands_Snape_Sunglass to Airtable
INFO 2025-06-23 05:41:22,569 airtable_sync 12800 6620 [SUCCESS] Synced combo product Wands_Stand_HP to Airtable
INFO 2025-06-23 05:41:24,616 airtable_sync 12800 6620 [SUCCESS] Synced combo product Wands_hermoine_sunglass to Airtable
INFO 2025-06-23 05:41:26,604 airtable_sync 12800 6620 [SUCCESS] Synced combo product White_cushion fillers_5P to Airtable
INFO 2025-06-23 05:41:28,654 airtable_sync 12800 6620 [SUCCESS] Synced combo product XEXY_0001_Accs_Bamboo_Socks_Pink_2Pack to Airtable
INFO 2025-06-23 05:41:30,631 airtable_sync 12800 6620 [SUCCESS] Synced combo product XEXY_0001_Accs_Bamboo_Socks_Pink_3Pack to Airtable
INFO 2025-06-23 05:41:32,656 airtable_sync 12800 6620 [SUCCESS] Synced combo product XEXY_0001_Accs_Bamboo_Socks_Pink_6Pack to Airtable
INFO 2025-06-23 05:41:34,622 airtable_sync 12800 6620 [SUCCESS] Synced combo product butterfly_redgreen_SG to Airtable
INFO 2025-06-23 05:41:36,689 airtable_sync 12800 6620 [SUCCESS] Synced combo product circle brown to Airtable
INFO 2025-06-23 05:41:38,748 airtable_sync 12800 6620 [SUCCESS] Synced combo product clip rope pack of 2 to Airtable
INFO 2025-06-23 05:41:40,768 airtable_sync 12800 6620 [SUCCESS] Synced combo product cliperope_packof2 to Airtable
INFO 2025-06-23 05:41:42,753 airtable_sync 12800 6620 [SUCCESS] Synced combo product combo_square_watches_black-pink to Airtable
INFO 2025-06-23 05:41:44,772 airtable_sync 12800 6620 [SUCCESS] Synced combo product dumbledore_sunglasses_wand to Airtable
INFO 2025-06-23 05:41:46,805 airtable_sync 12800 6620 [SUCCESS] Synced combo product harry_dumbledore_sunglass to Airtable
INFO 2025-06-23 05:41:48,927 airtable_sync 12800 6620 [SUCCESS] Synced combo product harry_musicbox_wand_new to Airtable
INFO 2025-06-23 05:41:50,959 airtable_sync 12800 6620 [SUCCESS] Synced combo product harry_potter_newwand_music to Airtable
INFO 2025-06-23 05:41:53,097 airtable_sync 12800 6620 [SUCCESS] Synced combo product harry_potter_sunglasses to Airtable
INFO 2025-06-23 05:41:55,078 airtable_sync 12800 6620 [SUCCESS] Synced combo product harry_voldmort_sunglass to Airtable
INFO 2025-06-23 05:41:57,118 airtable_sync 12800 6620 [SUCCESS] Synced combo product harrypotter_sunglass_wand to Airtable
INFO 2025-06-23 05:41:59,132 airtable_sync 12800 6620 [SUCCESS] Synced combo product harrypotter_sunglasses_wand to Airtable
INFO 2025-06-23 05:42:01,145 airtable_sync 12800 6620 [SUCCESS] Synced combo product hermoine_sunglass_wand to Airtable
INFO 2025-06-23 05:42:03,113 airtable_sync 12800 6620 [SUCCESS] Synced combo product hermoine_wand_musicbox to Airtable
INFO 2025-06-23 05:42:05,070 airtable_sync 12800 6620 [SUCCESS] Synced combo product musicBoxBabyYoda-Brown to Airtable
INFO 2025-06-23 05:42:07,038 airtable_sync 12800 6620 [SUCCESS] Synced combo product musicbox_harry_wand to Airtable
INFO 2025-06-23 05:42:09,114 airtable_sync 12800 6620 [SUCCESS] Synced combo product musicbox_volmort_wand to Airtable
INFO 2025-06-23 05:42:11,105 airtable_sync 12800 6620 [SUCCESS] Synced combo product new_harrypotter_wand_musicbox to Airtable
INFO 2025-06-23 05:42:13,140 airtable_sync 12800 6620 [SUCCESS] Synced combo product newwand_harry_musicbox to Airtable
INFO 2025-06-23 05:42:15,140 airtable_sync 12800 6620 [SUCCESS] Synced combo product nylon _ rope 02 to Airtable
INFO 2025-06-23 05:42:17,192 airtable_sync 12800 6620 [SUCCESS] Synced combo product nylon_rope_3 to Airtable
INFO 2025-06-23 05:42:19,169 airtable_sync 12800 6620 [SUCCESS] Synced combo product oval_sunglass_combo to Airtable
INFO 2025-06-23 05:42:21,156 airtable_sync 12800 6620 [SUCCESS] Synced combo product plant holder to Airtable
INFO 2025-06-23 05:42:23,140 airtable_sync 12800 6620 [SUCCESS] Synced combo product potter_hermoine_sunglasses to Airtable
INFO 2025-06-23 05:42:25,070 airtable_sync 12800 6620 [SUCCESS] Synced combo product potter_sunglass_voldmort to Airtable
INFO 2025-06-23 05:42:27,099 airtable_sync 12800 6620 [SUCCESS] Synced combo product square_watch_combo_black_pink to Airtable
INFO 2025-06-23 05:42:29,118 airtable_sync 12800 6620 [SUCCESS] Synced combo product square_watches_combo_blakc-pink to Airtable
INFO 2025-06-23 05:42:31,191 airtable_sync 12800 6620 [SUCCESS] Synced combo product squeeze_toy_3 to Airtable
INFO 2025-06-23 05:42:33,208 airtable_sync 12800 6620 [SUCCESS] Synced combo product steve_creeper to Airtable
INFO 2025-06-23 05:42:35,247 airtable_sync 12800 6620 [SUCCESS] Synced combo product steve_lama to Airtable
INFO 2025-06-23 05:42:37,272 airtable_sync 12800 6620 [SUCCESS] Synced combo product steve_zombie to Airtable
INFO 2025-06-23 05:42:39,289 airtable_sync 12800 6620 [SUCCESS] Synced combo product sunglasses_harry_hermoine to Airtable
INFO 2025-06-23 05:42:41,299 airtable_sync 12800 6620 [SUCCESS] Synced combo product sunglasses_harry_potter to Airtable
INFO 2025-06-23 05:42:43,269 airtable_sync 12800 6620 [SUCCESS] Synced combo product sunglasses_wand_harrypotter to Airtable
INFO 2025-06-23 05:42:45,268 airtable_sync 12800 6620 [SUCCESS] Synced combo product sunglasses_wandlord_voldmort to Airtable
INFO 2025-06-23 05:42:47,280 airtable_sync 12800 6620 [SUCCESS] Synced combo product thuglife_smallcombo to Airtable
INFO 2025-06-23 05:42:49,303 airtable_sync 12800 6620 [SUCCESS] Synced combo product travel_organizer_black_map to Airtable
INFO 2025-06-23 05:42:51,293 airtable_sync 12800 6620 [SUCCESS] Synced combo product travel_organizer_blue_map to Airtable
INFO 2025-06-23 05:42:53,333 airtable_sync 12800 6620 [SUCCESS] Synced combo product travel_organizer_grey_map to Airtable
INFO 2025-06-23 05:42:55,414 airtable_sync 12800 6620 [SUCCESS] Synced combo product van pillow white green to Airtable
INFO 2025-06-23 05:42:57,434 airtable_sync 12800 6620 [SUCCESS] Synced combo product voldmort_wand_musicbox to Airtable
INFO 2025-06-23 05:42:59,506 airtable_sync 12800 6620 [SUCCESS] Synced combo product wand_harrypotter_musicbox to Airtable
INFO 2025-06-23 05:43:01,577 airtable_sync 12800 6620 [SUCCESS] Synced combo product wand_music_box_harry_new to Airtable
INFO 2025-06-23 05:43:03,611 airtable_sync 12800 6620 [SUCCESS] Synced combo product wand_new_harrypotter_musicbox to Airtable
INFO 2025-06-23 05:43:05,603 airtable_sync 12800 6620 [SUCCESS] Synced combo product wand_volmort_musicbox to Airtable
INFO 2025-06-23 05:43:07,684 airtable_sync 12800 6620 [SUCCESS] Synced combo product wands_Dumbledore_Musicbox to Airtable
INFO 2025-06-23 05:43:09,606 airtable_sync 12800 6620 [SUCCESS] Synced combo product wands_harryPotter_musicbox to Airtable
INFO 2025-06-23 05:43:11,563 airtable_sync 12800 6620 [SUCCESS] Synced combo product wands_hermoine_musicbox to Airtable
INFO 2025-06-23 05:43:13,605 airtable_sync 12800 6620 [SUCCESS] Synced combo product zombie_creeper to Airtable
INFO 2025-06-23 05:48:06,743 airtable_sync 11124 9868 [SUCCESS]  Airtable connection validated successfully
INFO 2025-06-23 05:48:09,433 airtable_sync 11124 9868 [SUCCESS] Synced inventory for CSTE#0433_ST_Pokemon_Charmander_Red to Airtable
INFO 2025-06-23 05:48:11,428 airtable_sync 11124 9868 [SUCCESS] Synced inventory for CSTE_0001_ST_Bts_Pillow_Chimmy to Airtable
INFO 2025-06-23 05:48:13,433 airtable_sync 11124 9868 [SUCCESS] Synced inventory for CSTE_0002_ST_Bts_Pillow_Tata to Airtable
INFO 2025-06-23 05:48:15,378 airtable_sync 11124 9868 [SUCCESS] Synced inventory for CSTE_0003_ST_Bts_Pillow_Koya to Airtable
INFO 2025-06-23 05:48:17,378 airtable_sync 11124 9868 [SUCCESS] Synced inventory for CSTE_0004_ST_Bts_Pillow_Mang to Airtable
INFO 2025-06-23 05:48:19,470 airtable_sync 11124 9868 [SUCCESS] Synced inventory for CSTE_0005_ST_Bts_Pillow_Shooky to Airtable
INFO 2025-06-23 05:48:21,383 airtable_sync 11124 9868 [SUCCESS] Synced inventory for CSTE_0006_ST_Bts_Pillow_Van to Airtable
INFO 2025-06-23 05:48:23,365 airtable_sync 11124 9868 [SUCCESS] Synced inventory for CSTE_0007_ST_Bts_Pillow_Cooky to Airtable
INFO 2025-06-23 05:48:25,297 airtable_sync 11124 9868 [SUCCESS] Synced inventory for CSTE_0008_ST_Bts_Pillow_Rj to Airtable
INFO 2025-06-23 05:48:27,251 airtable_sync 11124 9868 [SUCCESS] Synced inventory for CSTE_0009_ST_Bts_LongPillow_Chimmy to Airtable
INFO 2025-06-23 05:48:29,254 airtable_sync 11124 9868 [SUCCESS] Synced inventory for CSTE_0010_ST_Bts_LongPillow_Tata to Airtable
INFO 2025-06-23 05:48:31,256 airtable_sync 11124 9868 [SUCCESS] Synced inventory for CSTE_0011_ST_Bts_LongPillow_Koya to Airtable
INFO 2025-06-23 05:48:33,319 airtable_sync 11124 9868 [SUCCESS] Synced inventory for CSTE_0012_ST_Bts_LongPillow_Cooky to Airtable
INFO 2025-06-23 05:48:35,385 airtable_sync 11124 9868 [SUCCESS] Synced inventory for CSTE_0013_MB_HBD_Red to Airtable
INFO 2025-06-23 05:48:37,405 airtable_sync 11124 9868 [SUCCESS] Synced inventory for CSTE_0014_MB_HBD_Brown to Airtable
INFO 2025-06-23 05:48:39,426 airtable_sync 11124 9868 [SUCCESS] Synced inventory for CSTE_0015_MB_HBD_Black to Airtable
INFO 2025-06-23 05:48:41,339 airtable_sync 11124 9868 [SUCCESS] Synced inventory for CSTE_0016_MB_HBD_Pink to Airtable
INFO 2025-06-23 05:48:43,267 airtable_sync 11124 9868 [SUCCESS] Synced inventory for CSTE_0017_MB_HP_Brown to Airtable
INFO 2025-06-23 05:48:45,216 airtable_sync 11124 9868 [SUCCESS] Synced inventory for CSTE_0018_MB_HP_Green to Airtable
INFO 2025-06-23 05:48:47,221 airtable_sync 11124 9868 [SUCCESS] Synced inventory for CSTE_0019_MB_HP_Blue to Airtable
INFO 2025-06-23 05:48:49,207 airtable_sync 11124 9868 [SUCCESS] Synced inventory for CSTE_0020_MB_HP_Black to Airtable
INFO 2025-06-23 05:48:51,286 airtable_sync 11124 9868 [SUCCESS] Synced inventory for CSTE_0021_MB_Beatles_Black to Airtable
INFO 2025-06-23 05:48:53,281 airtable_sync 11124 9868 [SUCCESS] Synced inventory for CSTE_0022_MB_Beatles_Brown to Airtable
INFO 2025-06-23 05:48:55,307 airtable_sync 11124 9868 [SUCCESS] Synced inventory for CSTE_0023_MB_BeautyandBeast_Black to Airtable
INFO 2025-06-23 05:48:57,293 airtable_sync 11124 9868 [SUCCESS] Synced inventory for CSTE_0024_MB_BeautyandBeast_Brown to Airtable
INFO 2025-06-23 05:48:59,353 airtable_sync 11124 9868 [SUCCESS] Synced inventory for CSTE_0025_MB_Castle_Brown to Airtable
INFO 2025-06-23 05:49:01,338 airtable_sync 11124 9868 [SUCCESS] Synced inventory for CSTE_0026_MB_Castle_Unicorn to Airtable
INFO 2025-06-23 05:49:16,146 airtable_sync 21776 20156 [SUCCESS]  Airtable connection validated successfully
INFO 2025-06-23 05:49:18,569 airtable_sync 21776 20156 [SUCCESS] Synced inventory for CSTE#0433_ST_Pokemon_Charmander_Red to Airtable
INFO 2025-06-23 05:49:20,520 airtable_sync 21776 20156 [SUCCESS] Synced inventory for CSTE_0001_ST_Bts_Pillow_Chimmy to Airtable
INFO 2025-06-23 05:49:22,486 airtable_sync 21776 20156 [SUCCESS] Synced inventory for CSTE_0002_ST_Bts_Pillow_Tata to Airtable
INFO 2025-06-23 05:49:24,490 airtable_sync 21776 20156 [SUCCESS] Synced inventory for CSTE_0003_ST_Bts_Pillow_Koya to Airtable
INFO 2025-06-23 05:49:26,473 airtable_sync 21776 20156 [SUCCESS] Synced inventory for CSTE_0004_ST_Bts_Pillow_Mang to Airtable
INFO 2025-06-23 05:49:28,487 airtable_sync 21776 20156 [SUCCESS] Synced inventory for CSTE_0005_ST_Bts_Pillow_Shooky to Airtable
INFO 2025-06-23 05:49:30,445 airtable_sync 21776 20156 [SUCCESS] Synced inventory for CSTE_0006_ST_Bts_Pillow_Van to Airtable
INFO 2025-06-23 05:49:32,519 airtable_sync 21776 20156 [SUCCESS] Synced inventory for CSTE_0007_ST_Bts_Pillow_Cooky to Airtable
INFO 2025-06-23 05:49:34,570 airtable_sync 21776 20156 [SUCCESS] Synced inventory for CSTE_0008_ST_Bts_Pillow_Rj to Airtable
INFO 2025-06-23 05:49:36,614 airtable_sync 21776 20156 [SUCCESS] Synced inventory for CSTE_0009_ST_Bts_LongPillow_Chimmy to Airtable
INFO 2025-06-23 05:49:38,725 airtable_sync 21776 20156 [SUCCESS] Synced inventory for CSTE_0010_ST_Bts_LongPillow_Tata to Airtable
INFO 2025-06-23 05:49:40,781 airtable_sync 21776 20156 [SUCCESS] Synced inventory for CSTE_0011_ST_Bts_LongPillow_Koya to Airtable
INFO 2025-06-23 05:49:42,922 airtable_sync 21776 20156 [SUCCESS] Synced inventory for CSTE_0012_ST_Bts_LongPillow_Cooky to Airtable
INFO 2025-06-23 05:49:44,973 airtable_sync 21776 20156 [SUCCESS] Synced inventory for CSTE_0013_MB_HBD_Red to Airtable
INFO 2025-06-23 05:49:47,009 airtable_sync 21776 20156 [SUCCESS] Synced inventory for CSTE_0014_MB_HBD_Brown to Airtable
INFO 2025-06-23 05:49:49,081 airtable_sync 21776 20156 [SUCCESS] Synced inventory for CSTE_0015_MB_HBD_Black to Airtable
INFO 2025-06-23 05:49:51,139 airtable_sync 21776 20156 [SUCCESS] Synced inventory for CSTE_0016_MB_HBD_Pink to Airtable
INFO 2025-06-23 05:49:53,170 airtable_sync 21776 20156 [SUCCESS] Synced inventory for CSTE_0017_MB_HP_Brown to Airtable
INFO 2025-06-23 05:49:55,188 airtable_sync 21776 20156 [SUCCESS] Synced inventory for CSTE_0018_MB_HP_Green to Airtable
INFO 2025-06-23 05:49:57,175 airtable_sync 21776 20156 [SUCCESS] Synced inventory for CSTE_0019_MB_HP_Blue to Airtable
INFO 2025-06-23 05:49:59,186 airtable_sync 21776 20156 [SUCCESS] Synced inventory for CSTE_0020_MB_HP_Black to Airtable
INFO 2025-06-23 05:50:01,322 airtable_sync 21776 20156 [SUCCESS] Synced inventory for CSTE_0021_MB_Beatles_Black to Airtable
INFO 2025-06-23 05:50:03,404 airtable_sync 21776 20156 [SUCCESS] Synced inventory for CSTE_0022_MB_Beatles_Brown to Airtable
INFO 2025-06-23 05:50:05,363 airtable_sync 21776 20156 [SUCCESS] Synced inventory for CSTE_0023_MB_BeautyandBeast_Black to Airtable
INFO 2025-06-23 05:50:07,341 airtable_sync 21776 20156 [SUCCESS] Synced inventory for CSTE_0024_MB_BeautyandBeast_Brown to Airtable
INFO 2025-06-23 05:50:09,341 airtable_sync 21776 20156 [SUCCESS] Synced inventory for CSTE_0025_MB_Castle_Brown to Airtable
INFO 2025-06-23 05:50:11,314 airtable_sync 21776 20156 [SUCCESS] Synced inventory for CSTE_0026_MB_Castle_Unicorn to Airtable
INFO 2025-06-23 05:50:13,388 airtable_sync 21776 20156 [SUCCESS] Synced inventory for CSTE_0027_MB_Friends_Black to Airtable
INFO 2025-06-23 05:50:15,488 airtable_sync 21776 20156 [SUCCESS] Synced inventory for CSTE_0028_MB_Friends_NewBrown to Airtable
INFO 2025-06-23 05:50:17,523 airtable_sync 21776 20156 [SUCCESS] Synced inventory for CSTE_0029_MB_Friends_OldBrown to Airtable
INFO 2025-06-23 05:50:19,683 airtable_sync 21776 20156 [SUCCESS] Synced inventory for CSTE_0030_MB_Got_Black to Airtable
INFO 2025-06-23 05:50:21,660 airtable_sync 21776 20156 [SUCCESS] Synced inventory for CSTE_0031_MB_Got_Blue to Airtable
INFO 2025-06-23 05:50:23,683 airtable_sync 21776 20156 [SUCCESS] Synced inventory for CSTE_0032_MB_Got_Brown to Airtable
INFO 2025-06-23 05:50:25,707 airtable_sync 21776 20156 [SUCCESS] Synced inventory for CSTE_0033_MB_GodFather_Brown to Airtable
INFO 2025-06-23 05:50:27,854 airtable_sync 21776 20156 [SUCCESS] Synced inventory for CSTE_0034_MB_GodFather_Black to Airtable
INFO 2025-06-23 05:50:29,879 airtable_sync 21776 20156 [SUCCESS] Synced inventory for CSTE_0035_MB_Gorgeous_Brown to Airtable
INFO 2025-06-23 05:50:31,920 airtable_sync 21776 20156 [SUCCESS] Synced inventory for CSTE_0036_MB_HBD_White to Airtable
INFO 2025-06-23 05:50:34,052 airtable_sync 21776 20156 [SUCCESS] Synced inventory for CSTE_0037_MB_HBD_Transparent to Airtable
INFO 2025-06-23 05:50:36,112 airtable_sync 21776 20156 [SUCCESS] Synced inventory for CSTE_0038_MB_HP_Red to Airtable
INFO 2025-06-23 05:50:38,133 airtable_sync 21776 20156 [SUCCESS] Synced inventory for CSTE_0039_MB_HP_White to Airtable
INFO 2025-06-23 05:50:40,159 airtable_sync 21776 20156 [SUCCESS] Synced inventory for CSTE_0040_MB_HP_DarkBlue to Airtable
INFO 2025-06-23 05:50:42,105 airtable_sync 21776 20156 [SUCCESS] Synced inventory for CSTE_0041_MB_JurassicPark_Black to Airtable
INFO 2025-06-23 05:50:44,069 airtable_sync 21776 20156 [SUCCESS] Synced inventory for CSTE_0042_MB_JurassicPark_Brown to Airtable
INFO 2025-06-23 05:50:46,062 airtable_sync 21776 20156 [SUCCESS] Synced inventory for CSTE_0043_MB_Lalaland_Brown to Airtable
INFO 2025-06-23 05:50:48,113 airtable_sync 21776 20156 [SUCCESS] Synced inventory for CSTE_0044_MB_LaVienRose_Black to Airtable
INFO 2025-06-23 05:50:50,190 airtable_sync 21776 20156 [SUCCESS] Synced inventory for CSTE_0045_MB_LavienRose_Brown to Airtable
INFO 2025-06-23 05:50:52,220 airtable_sync 21776 20156 [SUCCESS] Synced inventory for CSTE_0046_MB_LetItGo_Black to Airtable
INFO 2025-06-23 05:50:54,198 airtable_sync 21776 20156 [SUCCESS] Synced inventory for CSTE_0047_MB_LetItGo_Brown to Airtable
INFO 2025-06-23 05:50:56,171 airtable_sync 21776 20156 [SUCCESS] Synced inventory for CSTE_0048_MB_LittleStar_Brown to Airtable
INFO 2025-06-23 05:50:58,205 airtable_sync 21776 20156 [SUCCESS] Synced inventory for CSTE_0049_MB_Littlestar_BrownUnicorn to Airtable
INFO 2025-06-23 05:51:00,244 airtable_sync 21776 20156 [SUCCESS] Synced inventory for CSTE_0050_MB_PinkPanther_Brown to Airtable
INFO 2025-06-23 05:51:02,197 airtable_sync 21776 20156 [SUCCESS] Synced inventory for CSTE_0051_MB_PinkPanther_Black to Airtable
INFO 2025-06-23 05:51:04,372 airtable_sync 21776 20156 [SUCCESS] Synced inventory for CSTE_0052_MB_PiratesofCarribean_Black to Airtable
INFO 2025-06-23 05:51:06,437 airtable_sync 21776 20156 [SUCCESS] Synced inventory for CSTE_0053_MB_PiratesofCarribean_Brown to Airtable
INFO 2025-06-23 05:51:08,456 airtable_sync 21776 20156 [SUCCESS] Synced inventory for CSTE_0054_MB_Starwar_Black to Airtable
INFO 2025-06-23 05:51:10,472 airtable_sync 21776 20156 [SUCCESS] Synced inventory for CSTE_0055_MB_Starwar_Brown to Airtable
INFO 2025-06-23 05:51:12,666 airtable_sync 21776 20156 [SUCCESS] Synced inventory for CSTE_0056_MB_Starwar_Blue to Airtable
INFO 2025-06-23 05:51:14,686 airtable_sync 21776 20156 [SUCCESS] Synced inventory for CSTE_0057_MB_ToMyWife_Brown to Airtable
INFO 2025-06-23 05:51:16,651 airtable_sync 21776 20156 [SUCCESS] Synced inventory for CSTE_0058_MB_ToMyWife_BrownWithPhoto to Airtable
INFO 2025-06-23 05:51:18,722 airtable_sync 21776 20156 [SUCCESS] Synced inventory for CSTE_0059_MB_YouAreMySunshine_Black to Airtable
INFO 2025-06-23 05:51:20,828 airtable_sync 21776 20156 [SUCCESS] Synced inventory for CSTE_0060_MB_YouAreMySunshine_Brown to Airtable
INFO 2025-06-23 05:51:22,903 airtable_sync 21776 20156 [SUCCESS] Synced inventory for CSTE_0061_MB_ToMyDad_Brown to Airtable
INFO 2025-06-23 05:51:24,932 airtable_sync 21776 20156 [SUCCESS] Synced inventory for CSTE_0062_MB_ToMyMom_Brown to Airtable
INFO 2025-06-23 05:51:27,001 airtable_sync 21776 20156 [SUCCESS] Synced inventory for CSTE_0063_MB_SisterAreLikeStars_Brown to Airtable
INFO 2025-06-23 05:51:29,030 airtable_sync 21776 20156 [SUCCESS] Synced inventory for CSTE_0064_MB_YouAreMySunshineSon_White to Airtable
INFO 2025-06-23 05:51:31,070 airtable_sync 21776 20156 [SUCCESS] Synced inventory for CSTE_0065_MB_YouAreMySunshine_AutoBrown to Airtable
INFO 2025-06-23 05:51:33,317 airtable_sync 21776 20156 [SUCCESS] Synced inventory for CSTE_0066_MB_Zelda_Black to Airtable
INFO 2025-06-23 05:51:35,349 airtable_sync 21776 20156 [SUCCESS] Synced inventory for CSTE_0067_MB_Zelda_Brown to Airtable
INFO 2025-06-23 05:51:37,400 airtable_sync 21776 20156 [SUCCESS] Synced inventory for CSTE_0068_MB_Acrylic_Cirle to Airtable
INFO 2025-06-23 05:51:39,429 airtable_sync 21776 20156 [SUCCESS] Synced inventory for CSTE_0069_MB_Acrylic_Heart to Airtable
INFO 2025-06-23 05:51:41,434 airtable_sync 21776 20156 [SUCCESS] Synced inventory for CSTE_0070_MB_DragonBallZ_Red to Airtable
INFO 2025-06-23 05:51:43,495 airtable_sync 21776 20156 [SUCCESS] Synced inventory for CSTE_0071_MB_CantFallingInLove_Brown to Airtable
INFO 2025-06-23 05:51:45,507 airtable_sync 21776 20156 [SUCCESS] Synced inventory for CSTE_0072_MB_FlyMeToTheMoon_Brown to Airtable
INFO 2025-06-23 05:51:47,523 airtable_sync 21776 20156 [SUCCESS] Synced inventory for CSTE_0073_MB_ILoveToTheMoon_Black to Airtable
INFO 2025-06-23 05:51:49,601 airtable_sync 21776 20156 [SUCCESS] Synced inventory for CSTE_0074_MB_Imagine_Brown to Airtable
INFO 2025-06-23 05:51:51,584 airtable_sync 21776 20156 [SUCCESS] Synced inventory for CSTE_0075_MB_Jesus_Brown to Airtable
INFO 2025-06-23 05:51:53,639 airtable_sync 21776 20156 [SUCCESS] Synced inventory for CSTE_0076_MB_LordOfRing_Brown to Airtable
INFO 2025-06-23 05:51:55,574 airtable_sync 21776 20156 [SUCCESS] Synced inventory for CSTE_0077_MB_MerryChristmas_Brown to Airtable
INFO 2025-06-23 05:51:57,534 airtable_sync 21776 20156 [SUCCESS] Synced inventory for CSTE_0078_MB_Naruto_Brown to Airtable
INFO 2025-06-23 05:51:59,536 airtable_sync 21776 20156 [SUCCESS] Synced inventory for CSTE_0079_MB_Pooh_Black to Airtable
INFO 2025-06-23 05:52:01,548 airtable_sync 21776 20156 [SUCCESS] Synced inventory for CSTE_0080_MB_Pooh_Brown to Airtable
INFO 2025-06-23 05:52:03,591 airtable_sync 21776 20156 [SUCCESS] Synced inventory for CSTE_0081_MB_Pooh_BrownWithPhoto to Airtable
INFO 2025-06-23 05:52:05,592 airtable_sync 21776 20156 [SUCCESS] Synced inventory for CSTE_0082_MB_Queen_Brown to Airtable
INFO 2025-06-23 05:52:07,502 airtable_sync 21776 20156 [SUCCESS] Synced inventory for CSTE_0083_MB_Simpsons_Brown to Airtable
INFO 2025-06-23 05:52:09,589 airtable_sync 21776 20156 [SUCCESS] Synced inventory for CSTE_0084_MB_Spirated_Black to Airtable
INFO 2025-06-23 05:52:11,646 airtable_sync 21776 20156 [SUCCESS] Synced inventory for CSTE_0085_MB_Titanic_Brown to Airtable
INFO 2025-06-23 05:52:13,716 airtable_sync 21776 20156 [SUCCESS] Synced inventory for CSTE_0086_MB_Naruto_BrownWithPhoto to Airtable
INFO 2025-06-23 05:52:15,752 airtable_sync 21776 20156 [SUCCESS] Synced inventory for CSTE_0087_MB_PromiseNeverLand_Brown to Airtable
INFO 2025-06-23 05:52:17,835 airtable_sync 21776 20156 [SUCCESS] Synced inventory for CSTE_0088_MB_Queen_Black to Airtable
INFO 2025-06-23 05:52:19,872 airtable_sync 21776 20156 [SUCCESS] Synced inventory for CSTE_0089_MB_Beatles4Head_ to Airtable
INFO 2025-06-23 05:52:21,919 airtable_sync 21776 20156 [SUCCESS] Synced inventory for CSTE_0090_MB_Narruto_AllCharacter to Airtable
INFO 2025-06-23 05:52:23,886 airtable_sync 21776 20156 [SUCCESS] Synced inventory for CSTE_0091_MB_Starwar_Yoda to Airtable
INFO 2025-06-23 05:52:25,836 airtable_sync 21776 20156 [SUCCESS] Synced inventory for CSTE_0092_MB_Totro_Chinese to Airtable
INFO 2025-06-23 05:52:27,802 airtable_sync 21776 20156 [SUCCESS] Synced inventory for CSTE_0093_ST_Unicorn_NP_Blue to Airtable
INFO 2025-06-23 05:52:29,745 airtable_sync 21776 20156 [SUCCESS] Synced inventory for CSTE_0094_ST_Unicorn_NP_Purple to Airtable
INFO 2025-06-23 05:52:31,745 airtable_sync 21776 20156 [SUCCESS] Synced inventory for CSTE_0095_ST_Unicorn_NP_Pink to Airtable
INFO 2025-06-23 05:52:33,856 airtable_sync 21776 20156 [SUCCESS] Synced inventory for CSTE_0096_ST_Bts_NP_Chimmy to Airtable
INFO 2025-06-23 05:52:35,966 airtable_sync 21776 20156 [SUCCESS] Synced inventory for CSTE_0097_ST_Bts_NP_Cooky to Airtable
INFO 2025-06-23 05:52:38,010 airtable_sync 21776 20156 [SUCCESS] Synced inventory for CSTE_0098_ST_Bts_NP_Koya to Airtable
INFO 2025-06-23 05:52:40,102 airtable_sync 21776 20156 [SUCCESS] Synced inventory for CSTE_0099_ST_Bts_NP_Tata to Airtable
INFO 2025-06-23 05:52:42,244 airtable_sync 21776 20156 [SUCCESS] Synced inventory for CSTE_0100_HD_Rug_CircleFurmat_Black to Airtable
INFO 2025-06-23 05:52:44,332 airtable_sync 21776 20156 [SUCCESS] Synced inventory for CSTE_0101_HD_Rug_SquareFurmat_Black to Airtable
INFO 2025-06-23 05:52:46,614 airtable_sync 21776 20156 [SUCCESS] Synced inventory for CSTE_0102_HD_Rug_CircleFurmat_Blue to Airtable
INFO 2025-06-23 05:52:48,821 airtable_sync 21776 20156 [SUCCESS] Synced inventory for CSTE_0103_HD_Rug_CircleFurmat_Brown to Airtable
INFO 2025-06-23 05:52:50,960 airtable_sync 21776 20156 [SUCCESS] Synced inventory for CSTE_0104_HD_Rug_CircleFurmat_OrangeAndWhite to Airtable
INFO 2025-06-23 05:52:53,036 airtable_sync 21776 20156 [SUCCESS] Synced inventory for CSTE_0105_HD_Rug_HeartFurmat_Red to Airtable
INFO 2025-06-23 05:52:55,071 airtable_sync 21776 20156 [SUCCESS] Synced inventory for CSTE_0106_HD_Rug_CircleFurmat_Orange to Airtable
INFO 2025-06-23 05:52:57,055 airtable_sync 21776 20156 [SUCCESS] Synced inventory for CSTE_0107_HD_Rug_CircleFurmat_Pink to Airtable
INFO 2025-06-23 05:52:59,084 airtable_sync 21776 20156 [SUCCESS] Synced inventory for CSTE_0108_HD_Rug_CircleFurmat_Purple to Airtable
INFO 2025-06-23 05:53:01,159 airtable_sync 21776 20156 [SUCCESS] Synced inventory for CSTE_0109_HD_Rug_CircleFurmat_Red to Airtable
INFO 2025-06-23 05:53:03,188 airtable_sync 21776 20156 [SUCCESS] Synced inventory for CSTE_0110_HD_Rug_SquareFurmat_Brown to Airtable
INFO 2025-06-23 05:53:05,215 airtable_sync 21776 20156 [SUCCESS] Synced inventory for CSTE_0111_HD_Rug_CircleFurmat_White to Airtable
INFO 2025-06-23 05:53:07,401 airtable_sync 21776 20156 [SUCCESS] Synced inventory for CSTE_0112_HD_Rug_StarFurmat_White to Airtable
INFO 2025-06-23 05:53:09,459 airtable_sync 21776 20156 [SUCCESS] Synced inventory for CSTE_0113_HD_Rug_CircleFurmat_Yellow to Airtable
INFO 2025-06-23 05:53:11,573 airtable_sync 21776 20156 [SUCCESS] Synced inventory for CSTE_0114_HD_Rug_CircleChairMat_White to Airtable
INFO 2025-06-23 05:53:13,693 airtable_sync 21776 20156 [SUCCESS] Synced inventory for CSTE_0115_ST_Rev_Oct_BlueOrange to Airtable
INFO 2025-06-23 05:53:15,784 airtable_sync 21776 20156 [SUCCESS] Synced inventory for CSTE_0116_ST_Rev_Oct_BluePurple to Airtable
INFO 2025-06-23 05:53:17,836 airtable_sync 21776 20156 [SUCCESS] Synced inventory for CSTE_0117_ST_Rev_Oct_BrownWhite to Airtable
INFO 2025-06-23 05:53:19,912 airtable_sync 21776 20156 [SUCCESS] Synced inventory for CSTE_0118_ST_Rev_Oct_DarkBluePink to Airtable
INFO 2025-06-23 05:53:21,960 airtable_sync 21776 20156 [SUCCESS] Synced inventory for CSTE_0119_ST_Rev_Oct_GreenYellow to Airtable
INFO 2025-06-23 05:53:24,012 airtable_sync 21776 20156 [SUCCESS] Synced inventory for CSTE_0120_ST_Rev_Oct_PurpleGreen to Airtable
INFO 2025-06-23 05:53:26,113 airtable_sync 21776 20156 [SUCCESS] Synced inventory for CSTE_0121_ST_Rev_Oct_RedPink to Airtable
INFO 2025-06-23 05:53:28,163 airtable_sync 21776 20156 [SUCCESS] Synced inventory for CSTE_0122_ST_Rev_Oct_RedYellow to Airtable
INFO 2025-06-23 05:53:30,168 airtable_sync 21776 20156 [SUCCESS] Synced inventory for CSTE_0123_ST_Rev_Oct_SkyBluePink to Airtable
INFO 2025-06-23 05:53:32,218 airtable_sync 21776 20156 [SUCCESS] Synced inventory for CSTE_0124_ST_Rev_Yoda_ to Airtable
INFO 2025-06-23 05:53:34,302 airtable_sync 21776 20156 [SUCCESS] Synced inventory for CSTE_0125_ST_Rev_Cat_BlueOerange to Airtable
INFO 2025-06-23 05:53:37,362 airtable_sync 21776 20156 [SUCCESS] Synced inventory for CSTE_0126_ST_Rev_Cat_RedYellow to Airtable
INFO 2025-06-23 05:53:39,532 airtable_sync 21776 20156 [SUCCESS] Synced inventory for CSTE_0127_ST_Rev_Cat_SkyBluePink to Airtable
INFO 2025-06-23 05:53:41,617 airtable_sync 21776 20156 [SUCCESS] Synced inventory for CSTE_0128_ST_Rev_Tiger_RedYellow to Airtable
INFO 2025-06-23 05:53:43,684 airtable_sync 21776 20156 [SUCCESS] Synced inventory for CSTE_0129_ST_Rev_Tiger_OrangeYellow to Airtable
INFO 2025-06-23 05:53:45,686 airtable_sync 21776 20156 [SUCCESS] Synced inventory for CSTE_0130_ST_Rev_Rabbit_RedYellow to Airtable
INFO 2025-06-23 05:53:47,735 airtable_sync 21776 20156 [SUCCESS] Synced inventory for CSTE_0131_SG_FireGlass_Black to Airtable
INFO 2025-06-23 05:53:49,881 airtable_sync 21776 20156 [SUCCESS] Synced inventory for CSTE_0132_SG_FireGlass_Blue to Airtable
INFO 2025-06-23 05:53:51,954 airtable_sync 21776 20156 [SUCCESS] Synced inventory for CSTE_0133_SG_FireGlass_Pink to Airtable
INFO 2025-06-23 05:53:54,041 airtable_sync 21776 20156 [SUCCESS] Synced inventory for CSTE_0134_SG_Bat_Black to Airtable
INFO 2025-06-23 05:53:56,128 airtable_sync 21776 20156 [SUCCESS] Synced inventory for CSTE_0135_SG_Bat_Pink to Airtable
INFO 2025-06-23 05:53:58,211 airtable_sync 21776 20156 [SUCCESS] Synced inventory for CSTE_0136_SG_Bat_Puple to Airtable
INFO 2025-06-23 05:54:00,258 airtable_sync 21776 20156 [SUCCESS] Synced inventory for CSTE_0137_SG_Bat_Red to Airtable
INFO 2025-06-23 05:54:02,339 airtable_sync 21776 20156 [SUCCESS] Synced inventory for CSTE_0138_SG_Bat_Yelllow to Airtable
INFO 2025-06-23 05:54:04,441 airtable_sync 21776 20156 [SUCCESS] Synced inventory for CSTE_0139_SG_Fur_Black to Airtable
INFO 2025-06-23 05:54:06,463 airtable_sync 21776 20156 [SUCCESS] Synced inventory for CSTE_0140_SG_Heart_Black to Airtable
INFO 2025-06-23 05:54:08,510 airtable_sync 21776 20156 [SUCCESS] Synced inventory for CSTE_0141_SG_Thunder_Black to Airtable
INFO 2025-06-23 05:54:10,561 airtable_sync 21776 20156 [SUCCESS] Synced inventory for CSTE_0142_SG_FireGlass_Black to Airtable
INFO 2025-06-23 05:54:12,592 airtable_sync 21776 20156 [SUCCESS] Synced inventory for CSTE_0143_SG_Oval01_Black to Airtable
INFO 2025-06-23 05:54:14,670 airtable_sync 21776 20156 [SUCCESS] Synced inventory for CSTE_0144_SG_Square_BlackGolden-GreenShades to Airtable
INFO 2025-06-23 05:54:16,754 airtable_sync 21776 20156 [SUCCESS] Synced inventory for CSTE_0145_SG_Fur_Pink to Airtable
INFO 2025-06-23 05:54:18,821 airtable_sync 21776 20156 [SUCCESS] Synced inventory for CSTE_0146_SG_Wings_Blue to Airtable
INFO 2025-06-23 05:54:20,868 airtable_sync 21776 20156 [SUCCESS] Synced inventory for CSTE_0147_SG_ButterFly_Green to Airtable
INFO 2025-06-23 05:54:23,052 airtable_sync 21776 20156 [SUCCESS] Synced inventory for CSTE_0148_SG_ButterFly_RedGreen to Airtable
INFO 2025-06-23 05:54:25,099 airtable_sync 21776 20156 [SUCCESS] Synced inventory for CSTE_0149_SG_ButterFly_Pink to Airtable
INFO 2025-06-23 05:54:27,149 airtable_sync 21776 20156 [SUCCESS] Synced inventory for CSTE_0150_SG_ButterFly_BluePurple to Airtable
INFO 2025-06-23 05:54:29,214 airtable_sync 21776 20156 [SUCCESS] Synced inventory for CSTE_0151_SG_CloudChain_Yellow to Airtable
INFO 2025-06-23 05:54:31,340 airtable_sync 21776 20156 [SUCCESS] Synced inventory for CSTE_0152_SG_CloudChain_Pink to Airtable
INFO 2025-06-23 05:54:33,425 airtable_sync 21776 20156 [SUCCESS] Synced inventory for CSTE_0153_SG_FireFlame_Red to Airtable
INFO 2025-06-23 05:54:35,522 airtable_sync 21776 20156 [SUCCESS] Synced inventory for CSTE_0154_SG_FireGlass_Purple to Airtable
INFO 2025-06-23 05:54:37,568 airtable_sync 21776 20156 [SUCCESS] Synced inventory for CSTE_0155_SG_FireGlass_Red to Airtable
INFO 2025-06-23 05:54:39,670 airtable_sync 21776 20156 [SUCCESS] Synced inventory for CSTE_0156_SG_FireGlass_Yellow to Airtable
INFO 2025-06-23 05:54:41,729 airtable_sync 21776 20156 [SUCCESS] Synced inventory for CSTE_0157_SG_FireGlass_Green to Airtable
INFO 2025-06-23 05:54:43,742 airtable_sync 21776 20156 [SUCCESS] Synced inventory for CSTE_0158_SG_Thunder_Red to Airtable
INFO 2025-06-23 05:54:45,837 airtable_sync 21776 20156 [SUCCESS] Synced inventory for CSTE_0159_SG_IceMelt_Black to Airtable
INFO 2025-06-23 05:54:47,894 airtable_sync 21776 20156 [SUCCESS] Synced inventory for CSTE_0160_SG_FireGlass_MercuryGreen to Airtable
INFO 2025-06-23 05:54:49,974 airtable_sync 21776 20156 [SUCCESS] Synced inventory for CSTE_0161_SG_FireGlass_MercuryOrange to Airtable
INFO 2025-06-23 05:54:52,003 airtable_sync 21776 20156 [SUCCESS] Synced inventory for CSTE_0162_SG_FireGlass_MercuryPink to Airtable
INFO 2025-06-23 05:54:54,079 airtable_sync 21776 20156 [SUCCESS] Synced inventory for CSTE_0163_SG_FireGlass_MercuryPurple to Airtable
INFO 2025-06-23 05:54:56,182 airtable_sync 21776 20156 [SUCCESS] Synced inventory for CSTE_0164_SG_FireGlass_MercuryRed to Airtable
INFO 2025-06-23 05:54:58,255 airtable_sync 21776 20156 [SUCCESS] Synced inventory for CSTE_0165_SG_Square_OffWhite to Airtable
INFO 2025-06-23 05:55:00,310 airtable_sync 21776 20156 [SUCCESS] Synced inventory for CSTE_0166_SG_FireGlass_Orange to Airtable
INFO 2025-06-23 05:55:02,391 airtable_sync 21776 20156 [SUCCESS] Synced inventory for CSTE_0167_SG_Oval_Pink to Airtable
INFO 2025-06-23 05:55:04,401 airtable_sync 21776 20156 [SUCCESS] Synced inventory for CSTE_0168_SG_Heart_Pink to Airtable
INFO 2025-06-23 05:55:06,383 airtable_sync 21776 20156 [SUCCESS] Synced inventory for CSTE_0169_SG_Sqaure_Creame to Airtable
INFO 2025-06-23 05:55:08,411 airtable_sync 21776 20156 [SUCCESS] Synced inventory for CSTE_0170_SG_Thunder_Purple to Airtable
INFO 2025-06-23 05:55:10,489 airtable_sync 21776 20156 [SUCCESS] Synced inventory for CSTE_0171_SG_TransparentHeart_Purple to Airtable
INFO 2025-06-23 05:55:12,519 airtable_sync 21776 20156 [SUCCESS] Synced inventory for CSTE_0172_SG_Square_Purple to Airtable
INFO 2025-06-23 05:55:14,509 airtable_sync 21776 20156 [SUCCESS] Synced inventory for CSTE_0173_SG_Heart_Red to Airtable
INFO 2025-06-23 05:55:16,551 airtable_sync 21776 20156 [SUCCESS] Synced inventory for CSTE_0174_SG_Oval_Red to Airtable
INFO 2025-06-23 05:55:18,576 airtable_sync 21776 20156 [SUCCESS] Synced inventory for CSTE_0175_SG_FireGlass_Silver to Airtable
INFO 2025-06-23 05:55:20,603 airtable_sync 21776 20156 [SUCCESS] Synced inventory for CSTE_0176_SG_SmallSquare_White to Airtable
INFO 2025-06-23 05:55:22,648 airtable_sync 21776 20156 [SUCCESS] Synced inventory for CSTE_0177_SG_Square/Golden_Black to Airtable
INFO 2025-06-23 05:55:24,726 airtable_sync 21776 20156 [SUCCESS] Synced inventory for CSTE_0178_SG_Square_Pink to Airtable
INFO 2025-06-23 05:55:26,754 airtable_sync 21776 20156 [SUCCESS] Synced inventory for CSTE_0179_SG_Star_Pink to Airtable
INFO 2025-06-23 05:55:28,799 airtable_sync 21776 20156 [SUCCESS] Synced inventory for CSTE_0180_SG_Star_Purple to Airtable
INFO 2025-06-23 05:55:30,912 airtable_sync 21776 20156 [SUCCESS] Synced inventory for CSTE_0181_SG_Star_Blue to Airtable
INFO 2025-06-23 05:55:32,959 airtable_sync 21776 20156 [SUCCESS] Synced inventory for CSTE_0182_SG_Star_Red to Airtable
INFO 2025-06-23 05:55:35,048 airtable_sync 21776 20156 [SUCCESS] Synced inventory for CSTE_0183_SG_Star_Black to Airtable
INFO 2025-06-23 05:55:37,108 airtable_sync 21776 20156 [SUCCESS] Synced inventory for CSTE_0184_SG_Sqaure/small_TigerPrint to Airtable
INFO 2025-06-23 05:55:39,206 airtable_sync 21776 20156 [SUCCESS] Synced inventory for CSTE_0185_SG_TransparentHeart_Red to Airtable
INFO 2025-06-23 05:55:41,454 airtable_sync 21776 20156 [SUCCESS] Synced inventory for CSTE_0186_SG_TransparentSqaure_Pink to Airtable
INFO 2025-06-23 05:55:43,631 airtable_sync 21776 20156 [SUCCESS] Synced inventory for CSTE_0187_SG_BigHeart_Yellow to Airtable
INFO 2025-06-23 05:55:45,765 airtable_sync 21776 20156 [SUCCESS] Synced inventory for CSTE_0188_SG_LittleStar_Yellow to Airtable
INFO 2025-06-23 05:55:47,806 airtable_sync 21776 20156 [SUCCESS] Synced inventory for CSTE_0189_MB_Transparent_Circle to Airtable
INFO 2025-06-23 05:55:49,802 airtable_sync 21776 20156 [SUCCESS] Synced inventory for CSTE_0190_MB_MHA5_Black to Airtable
INFO 2025-06-23 05:55:51,881 airtable_sync 21776 20156 [SUCCESS] Synced inventory for CSTE_0191_MB_MHA2_Brown to Airtable
INFO 2025-06-23 05:55:53,883 airtable_sync 21776 20156 [SUCCESS] Synced inventory for CSTE_0192_MB_MHA3_Black to Airtable
INFO 2025-06-23 05:55:56,012 airtable_sync 21776 20156 [SUCCESS] Synced inventory for CSTE_0193_MB_MHA6_Black to Airtable
INFO 2025-06-23 05:55:58,077 airtable_sync 21776 20156 [SUCCESS] Synced inventory for CSTE_0194_MB_MH3Joker_Brown to Airtable
INFO 2025-06-23 05:56:00,136 airtable_sync 21776 20156 [SUCCESS] Synced inventory for CSTE_0195_MB_MHA13_Brown to Airtable
INFO 2025-06-23 05:56:02,252 airtable_sync 21776 20156 [SUCCESS] Synced inventory for CSTE_0196_MB_MHA2_Black to Airtable
INFO 2025-06-23 05:56:04,301 airtable_sync 21776 20156 [SUCCESS] Synced inventory for CSTE_0197_MB_MHAll_Black to Airtable
INFO 2025-06-23 05:56:06,487 airtable_sync 21776 20156 [SUCCESS] Synced inventory for CSTE_0198_MB_MHA15_Brown to Airtable
INFO 2025-06-23 05:56:08,603 airtable_sync 21776 20156 [SUCCESS] Synced inventory for CSTE_0199_MB_MHA8_Brown to Airtable
INFO 2025-06-23 05:56:10,710 airtable_sync 21776 20156 [SUCCESS] Synced inventory for CSTE_0200_MB_MHLasaCasaDePapel_Brown to Airtable
INFO 2025-06-23 05:56:12,795 airtable_sync 21776 20156 [SUCCESS] Synced inventory for CSTE_0201_MB_MHLasaCasaDePapel_Black to Airtable
INFO 2025-06-23 05:56:14,790 airtable_sync 21776 20156 [SUCCESS] Synced inventory for CSTE_0202_MB_MHA16_Brown to Airtable
INFO 2025-06-23 05:56:16,869 airtable_sync 21776 20156 [SUCCESS] Synced inventory for CSTE_0203_MB_MHA14_Brown to Airtable
INFO 2025-06-23 05:56:19,005 airtable_sync 21776 20156 [SUCCESS] Synced inventory for CSTE_0204_MB_MHA12_Brown to Airtable
INFO 2025-06-23 05:56:21,020 airtable_sync 21776 20156 [SUCCESS] Synced inventory for CSTE_0205_MB_MHA10_Brown to Airtable
INFO 2025-06-23 05:56:23,028 airtable_sync 21776 20156 [SUCCESS] Synced inventory for CSTE_0206_MB_MHA9_Brown to Airtable
INFO 2025-06-23 05:56:25,023 airtable_sync 21776 20156 [SUCCESS] Synced inventory for CSTE_0207_MB_BellaCiao_Black to Airtable
INFO 2025-06-23 05:56:27,059 airtable_sync 21776 20156 [SUCCESS] Synced inventory for CSTE_0208_MB_BellaCiao_Brown to Airtable
INFO 2025-06-23 05:56:29,233 airtable_sync 21776 20156 [SUCCESS] Synced inventory for CSTE_0209_MB_YouAreMySunshine_Transparent to Airtable
INFO 2025-06-23 05:56:31,325 airtable_sync 21776 20156 [SUCCESS] Synced inventory for CSTE_0210_MB_MHA17_Tokyo to Airtable
INFO 2025-06-23 05:56:33,339 airtable_sync 21776 20156 [SUCCESS] Synced inventory for CSTE_0211_SG_Feather_Blue to Airtable
INFO 2025-06-23 05:56:35,326 airtable_sync 21776 20156 [SUCCESS] Synced inventory for CSTE_0212_SG_Feather_Yellow to Airtable
INFO 2025-06-23 05:56:37,449 airtable_sync 21776 20156 [SUCCESS] Synced inventory for CSTE_0213_SG_ButterFly_Black to Airtable
INFO 2025-06-23 05:56:39,548 airtable_sync 21776 20156 [SUCCESS] Synced inventory for CSTE_0214_SG_ButterFly_BluePink to Airtable
INFO 2025-06-23 05:56:41,678 airtable_sync 21776 20156 [SUCCESS] Synced inventory for CSTE_0215_SG_Wings_Green to Airtable
INFO 2025-06-23 05:56:44,863 airtable_sync 21776 20156 [SUCCESS] Synced inventory for CSTE_0216_SG_Wings_Black to Airtable
INFO 2025-06-23 05:56:46,953 airtable_sync 21776 20156 [SUCCESS] Synced inventory for CSTE_0217_SG_ThugLife_Thin to Airtable
INFO 2025-06-23 05:56:49,046 airtable_sync 21776 20156 [SUCCESS] Synced inventory for CSTE_0218_SG_ThugLife_Big to Airtable
INFO 2025-06-23 05:56:51,154 airtable_sync 21776 20156 [SUCCESS] Synced inventory for CSTE_0219_SG_ThugLife_Red to Airtable
INFO 2025-06-23 05:56:53,175 airtable_sync 21776 20156 [SUCCESS] Synced inventory for CSTE_0220_SG_ThugLife_Blue to Airtable
INFO 2025-06-23 05:56:55,227 airtable_sync 21776 20156 [SUCCESS] Synced inventory for CSTE_0221_SG_Fireflame_Black to Airtable
INFO 2025-06-23 05:56:57,298 airtable_sync 21776 20156 [SUCCESS] Synced inventory for CSTE_0222_SG_Oval_Black_Big to Airtable
INFO 2025-06-23 05:56:59,374 airtable_sync 21776 20156 [SUCCESS] Synced inventory for CSTE_0223_SG_Oval_Cream_brown to Airtable
INFO 2025-06-23 05:57:01,500 airtable_sync 21776 20156 [SUCCESS] Synced inventory for CSTE_0224_SG_BigSquare_Pink to Airtable
INFO 2025-06-23 05:57:03,586 airtable_sync 21776 20156 [SUCCESS] Synced inventory for CSTE_0225_SG_Square/Big_TigerPrint to Airtable
INFO 2025-06-23 05:57:05,695 airtable_sync 21776 20156 [SUCCESS] Synced inventory for CSTE_0226_SG_Square/Big_Black to Airtable
INFO 2025-06-23 05:57:07,736 airtable_sync 21776 20156 [SUCCESS] Synced inventory for CSTE_0227_SG_Square/Transparent_Purple to Airtable
INFO 2025-06-23 05:57:09,752 airtable_sync 21776 20156 [SUCCESS] Synced inventory for CSTE_0228_SG_Star_DoubleShade to Airtable
INFO 2025-06-23 05:57:11,866 airtable_sync 21776 20156 [SUCCESS] Synced inventory for CSTE_0229_HD_Chairmat_Round_Brown to Airtable
INFO 2025-06-23 05:57:14,013 airtable_sync 21776 20156 [SUCCESS] Synced inventory for CSTE_0230_HD_Rug_Furmat_RedFlower to Airtable
INFO 2025-06-23 05:57:16,037 airtable_sync 21776 20156 [SUCCESS] Synced inventory for CSTE_0231_HD_Rug_Furmat_RoundCowPrint to Airtable
INFO 2025-06-23 05:57:18,126 airtable_sync 21776 20156 [SUCCESS] Synced inventory for CSTE_0232_HD_Rug_Furmat_RedSqaure to Airtable
INFO 2025-06-23 05:57:20,148 airtable_sync 21776 20156 [SUCCESS] Synced inventory for CSTE_0233_HD_Rug_Furmat_PeachCircle to Airtable
INFO 2025-06-23 05:57:22,238 airtable_sync 21776 20156 [SUCCESS] Synced inventory for CSTE_0234_HD_Chairmat_Round_Grey to Airtable
INFO 2025-06-23 05:57:24,291 airtable_sync 21776 20156 [SUCCESS] Synced inventory for CSTE_0235_HD_Pillow_GreySquare to Airtable
INFO 2025-06-23 05:57:26,369 airtable_sync 21776 20156 [SUCCESS] Synced inventory for CSTE_0236_HD_Pillow_Red Heart to Airtable
INFO 2025-06-23 05:57:28,506 airtable_sync 21776 20156 [SUCCESS] Synced inventory for CSTE_0237_HD_PillowCover_Brown to Airtable
INFO 2025-06-23 05:57:30,611 airtable_sync 21776 20156 [SUCCESS] Synced inventory for CSTE_0238_HD_PiillowCover_Pink to Airtable
INFO 2025-06-23 05:57:32,610 airtable_sync 21776 20156 [SUCCESS] Synced inventory for CSTE_0239_SG_Heart_White to Airtable
INFO 2025-06-23 05:57:34,647 airtable_sync 21776 20156 [SUCCESS] Synced inventory for CSTE_0240_SG_Wings_Red to Airtable
INFO 2025-06-23 05:57:36,773 airtable_sync 21776 20156 [SUCCESS] Synced inventory for CSTE_0241_MB_iloveyoudaddy_Brown to Airtable
INFO 2025-06-23 05:57:38,924 airtable_sync 21776 20156 [SUCCESS] Synced inventory for CSTE_0242_SG_ButterFly_White to Airtable
INFO 2025-06-23 05:57:40,973 airtable_sync 21776 20156 [SUCCESS] Synced inventory for CSTE_0243_SG_Wings_Yellow to Airtable
INFO 2025-06-23 05:57:43,049 airtable_sync 21776 20156 [SUCCESS] Synced inventory for CSTE_0244_SG_SideStar_Black to Airtable
INFO 2025-06-23 05:57:45,403 airtable_sync 21776 20156 [SUCCESS] Synced inventory for CSTE_0245_SG_SideStar_Yellow to Airtable
INFO 2025-06-23 05:57:48,593 airtable_sync 21776 20156 [SUCCESS] Synced inventory for CSTE_0246_SG_SideStar_Pink to Airtable
INFO 2025-06-23 05:57:50,707 airtable_sync 21776 20156 [SUCCESS] Synced inventory for CSTE_0247_SG_Thunder_Green to Airtable
INFO 2025-06-23 05:57:52,739 airtable_sync 21776 20156 [SUCCESS] Synced inventory for CSTE_0248_SG_Cateye_Onion to Airtable
INFO 2025-06-23 05:57:54,795 airtable_sync 21776 20156 [SUCCESS] Synced inventory for CSTE_0249_SG_Round_Black to Airtable
INFO 2025-06-23 05:57:56,939 airtable_sync 21776 20156 [SUCCESS] Synced inventory for CSTE_0250_SG_ButterFly_RedYellow to Airtable
INFO 2025-06-23 05:57:58,937 airtable_sync 21776 20156 [SUCCESS] Synced inventory for CSTE_0251_SG_ButterFly_LightgreenPink to Airtable
INFO 2025-06-23 05:58:00,929 airtable_sync 21776 20156 [SUCCESS] Synced inventory for CSTE_0252_SG_Jaguar_ to Airtable
INFO 2025-06-23 05:58:02,928 airtable_sync 21776 20156 [SUCCESS] Synced inventory for CSTE_0253_SG_MeltedHeart_Red to Airtable
INFO 2025-06-23 05:58:04,963 airtable_sync 21776 20156 [SUCCESS] Synced inventory for CSTE_0254_SG_ButterFly_Pinkyellow to Airtable
INFO 2025-06-23 05:58:07,004 airtable_sync 21776 20156 [SUCCESS] Synced inventory for CSTE_0255_SG_ButterFly_Red to Airtable
INFO 2025-06-23 05:58:09,142 airtable_sync 21776 20156 [SUCCESS] Synced inventory for CSTE_0256_SG_ButterFly_Blue to Airtable
INFO 2025-06-23 05:58:11,143 airtable_sync 21776 20156 [SUCCESS] Synced inventory for CSTE_0257_SG_Thunder_Blue to Airtable
INFO 2025-06-23 05:58:13,132 airtable_sync 21776 20156 [SUCCESS] Synced inventory for CSTE_0258_MB_Avengers to Airtable
INFO 2025-06-23 05:58:15,152 airtable_sync 21776 20156 [SUCCESS] Synced inventory for CSTE_0259_MB_PromiseNL_Character to Airtable
INFO 2025-06-23 05:58:17,263 airtable_sync 21776 20156 [SUCCESS] Synced inventory for CSTE_0260_MB_Pirate_DavyJones to Airtable
INFO 2025-06-23 05:58:19,282 airtable_sync 21776 20156 [SUCCESS] Synced inventory for CSTE_0261_MB_Pirate_JackSparrow to Airtable
INFO 2025-06-23 05:58:21,304 airtable_sync 21776 20156 [SUCCESS] Synced inventory for CSTE_0262_MB_Brave WIfe to Airtable
INFO 2025-06-23 05:58:23,394 airtable_sync 21776 20156 [SUCCESS] Synced inventory for CSTE_0263_ST_chimmy_van to Airtable
INFO 2025-06-23 05:58:25,336 airtable_sync 21776 20156 [SUCCESS] Synced inventory for CSTE_0264_ST_rj_shooky to Airtable
INFO 2025-06-23 05:58:27,340 airtable_sync 21776 20156 [SUCCESS] Synced inventory for CSTE_0265_ST_rj_shooky_van to Airtable
INFO 2025-06-23 05:58:29,373 airtable_sync 21776 20156 [SUCCESS] Synced inventory for CSTE_0266_ST_RJ_tata to Airtable
INFO 2025-06-23 05:58:31,462 airtable_sync 21776 20156 [SUCCESS] Synced inventory for CSTE_0267_ST_shooky_tata to Airtable
INFO 2025-06-23 05:58:33,545 airtable_sync 21776 20156 [SUCCESS] Synced inventory for CSTE_0268_ST_cooky_Chimmy to Airtable
INFO 2025-06-23 05:58:35,624 airtable_sync 21776 20156 [SUCCESS] Synced inventory for CSTE_0269_ST_KOYA_Cooky to Airtable
INFO 2025-06-23 05:58:37,710 airtable_sync 21776 20156 [SUCCESS] Synced inventory for CSTE_0270_ST_Chimmy_RJ to Airtable
INFO 2025-06-23 05:58:39,722 airtable_sync 21776 20156 [SUCCESS] Synced inventory for CSTE_0271_ST_koya_rj_shooky_cooky to Airtable
INFO 2025-06-23 05:58:41,792 airtable_sync 21776 20156 [SUCCESS] Synced inventory for CSTE_0272_ST_cooky_van to Airtable
INFO 2025-06-23 05:58:43,879 airtable_sync 21776 20156 [SUCCESS] Synced inventory for CSTE_0273_ST_koya_rj_shooky_chimmy to Airtable
INFO 2025-06-23 05:58:45,895 airtable_sync 21776 20156 [SUCCESS] Synced inventory for CSTE_0274_ST_koya_rj_shooky_tata to Airtable
INFO 2025-06-23 05:58:47,977 airtable_sync 21776 20156 [SUCCESS] Synced inventory for CSTE_0275_ST_cooky_koya_rj_tata to Airtable
INFO 2025-06-23 05:58:49,994 airtable_sync 21776 20156 [SUCCESS] Synced inventory for CSTE_0276_ST_cooky_shooky to Airtable
INFO 2025-06-23 05:58:52,213 airtable_sync 21776 20156 [SUCCESS] Synced inventory for CSTE_0277_ST_chimmy_cooky_koya_Shooky to Airtable
INFO 2025-06-23 05:58:54,270 airtable_sync 21776 20156 [SUCCESS] Synced inventory for CSTE_0278_ST_cooky_tata to Airtable
INFO 2025-06-23 05:58:56,378 airtable_sync 21776 20156 [SUCCESS] Synced inventory for CSTE_0279_ST_shooky_van to Airtable
INFO 2025-06-23 05:58:58,413 airtable_sync 21776 20156 [SUCCESS] Synced inventory for CSTE_0280_ST_Koya_van to Airtable
INFO 2025-06-23 05:59:00,555 airtable_sync 21776 20156 [SUCCESS] Synced inventory for CSTE_0281_ST_shooky_tata_chimmy_cooky to Airtable
INFO 2025-06-23 05:59:02,611 airtable_sync 21776 20156 [SUCCESS] Synced inventory for CSTE_0282_ST_Koya_tata to Airtable
INFO 2025-06-23 05:59:04,602 airtable_sync 21776 20156 [SUCCESS] Synced inventory for CSTE_0283_ST_chimmy_cooky_koya_tata to Airtable
INFO 2025-06-23 05:59:06,664 airtable_sync 21776 20156 [SUCCESS] Synced inventory for CSTE_0284_ST_Chimmy_Shooky to Airtable
INFO 2025-06-23 05:59:08,668 airtable_sync 21776 20156 [SUCCESS] Synced inventory for CSTE_0285_ST_Cooky_RJ to Airtable
INFO 2025-06-23 05:59:10,716 airtable_sync 21776 20156 [SUCCESS] Synced inventory for CSTE_0286_ST_Koya_Shooky to Airtable
INFO 2025-06-23 05:59:12,769 airtable_sync 21776 20156 [SUCCESS] Synced inventory for CSTE_0287_ST_van_tata to Airtable
INFO 2025-06-23 05:59:14,834 airtable_sync 21776 20156 [SUCCESS] Synced inventory for CSTE_0288_ST_chimmy_tata to Airtable
INFO 2025-06-23 05:59:17,071 airtable_sync 21776 20156 [SUCCESS] Synced inventory for CSTE_0289_ST_Koya_Chimmy to Airtable
INFO 2025-06-23 05:59:19,119 airtable_sync 21776 20156 [SUCCESS] Synced inventory for CSTE_0290_OT_Harrypotter_wand to Airtable
INFO 2025-06-23 05:59:21,301 airtable_sync 21776 20156 [SUCCESS] Synced inventory for CSTE_0291_OT_Hermoine_wand to Airtable
INFO 2025-06-23 05:59:23,299 airtable_sync 21776 20156 [SUCCESS] Synced inventory for CSTE_0292_OT_Dumbledore_wand to Airtable
INFO 2025-06-23 05:59:25,291 airtable_sync 21776 20156 [SUCCESS] Synced inventory for CSTE_0293_OT_Voldemort_wand to Airtable
INFO 2025-06-23 05:59:27,295 airtable_sync 21776 20156 [SUCCESS] Synced inventory for CSTE_0294_OT_Harrypotter_new_wand to Airtable
INFO 2025-06-23 05:59:29,296 airtable_sync 21776 20156 [SUCCESS] Synced inventory for CSTE_0295_OT_Snape_wand to Airtable
INFO 2025-06-23 05:59:31,385 airtable_sync 21776 20156 [SUCCESS] Synced inventory for CSTE_0296_MB_Merrygo_Blue to Airtable
INFO 2025-06-23 05:59:33,489 airtable_sync 21776 20156 [SUCCESS] Synced inventory for CSTE_0297_MB_Merrygo_Pink to Airtable
INFO 2025-06-23 05:59:35,573 airtable_sync 21776 20156 [SUCCESS] Synced inventory for CSTE_0298_ST_Mang_Chimmy to Airtable
INFO 2025-06-23 05:59:37,574 airtable_sync 21776 20156 [SUCCESS] Synced inventory for CSTE_0299_ST_chimmy_cooky_koya_rj to Airtable
INFO 2025-06-23 05:59:54,751 airtable_sync 4840 22384 [SUCCESS]  Airtable connection validated successfully
INFO 2025-06-23 05:59:56,990 airtable_sync 4840 22384 [SUCCESS] Synced SKU mapping "fk-BTS BT21 Kpop Merch Plush Large 14"" Cushion Dust Cover" to Airtable
INFO 2025-06-23 05:59:58,931 airtable_sync 4840 22384 [SUCCESS] Synced SKU mapping $quid_Keychain to Airtable
INFO 2025-06-23 06:00:00,904 airtable_sync 4840 22384 [SUCCESS] Synced SKU mapping -TDNw6MD to Airtable
INFO 2025-06-23 06:00:02,840 airtable_sync 4840 22384 [SUCCESS] Synced SKU mapping -V3ptz2J to Airtable
INFO 2025-06-23 06:00:04,695 airtable_sync 4840 22384 [SUCCESS] Synced SKU mapping 06-2PLJ-PX2A to Airtable
INFO 2025-06-23 06:00:06,632 airtable_sync 4840 22384 [SUCCESS] Synced SKU mapping 0I-GGWH-DLCL to Airtable
INFO 2025-06-23 06:00:08,647 airtable_sync 4840 22384 [SUCCESS] Synced SKU mapping 10 to Airtable
INFO 2025-06-23 06:00:10,659 airtable_sync 4840 22384 [SUCCESS] Synced SKU mapping 1003264078_18 to Airtable
INFO 2025-06-23 06:00:12,661 airtable_sync 4840 22384 [SUCCESS] Synced SKU mapping 1036418215_4 to Airtable
INFO 2025-06-23 06:00:14,566 airtable_sync 4840 22384 [SUCCESS] Synced SKU mapping 11-V74N-5538 to Airtable
INFO 2025-06-23 06:00:16,509 airtable_sync 4840 22384 [SUCCESS] Synced SKU mapping 1143810604_4 to Airtable
INFO 2025-06-23 06:00:18,614 airtable_sync 4840 22384 [SUCCESS] Synced SKU mapping 1153383480_13 to Airtable
INFO 2025-06-23 06:00:20,573 airtable_sync 4840 22384 [SUCCESS] Synced SKU mapping 125243532_26 to Airtable
INFO 2025-06-23 06:00:22,623 airtable_sync 4840 22384 [SUCCESS] Synced SKU mapping 12547896 to Airtable
INFO 2025-06-23 06:00:24,613 airtable_sync 4840 22384 [SUCCESS] Synced SKU mapping 12568563 to Airtable
INFO 2025-06-23 06:00:26,625 airtable_sync 4840 22384 [SUCCESS] Synced SKU mapping 1277893228_6 to Airtable
INFO 2025-06-23 06:00:28,660 airtable_sync 4840 22384 [SUCCESS] Synced SKU mapping 1293763777_5 to Airtable
INFO 2025-06-23 06:00:30,697 airtable_sync 4840 22384 [SUCCESS] Synced SKU mapping 1321941710_6 to Airtable
INFO 2025-06-23 06:00:32,812 airtable_sync 4840 22384 [SUCCESS] Synced SKU mapping 1360333923_21 to Airtable
INFO 2025-06-23 06:00:34,811 airtable_sync 4840 22384 [SUCCESS] Synced SKU mapping 1373215342_8 to Airtable
INFO 2025-06-23 06:00:36,753 airtable_sync 4840 22384 [SUCCESS] Synced SKU mapping 1394838850_15 to Airtable
INFO 2025-06-23 06:00:38,680 airtable_sync 4840 22384 [SUCCESS] Synced SKU mapping 14646645 to Airtable
INFO 2025-06-23 06:00:40,644 airtable_sync 4840 22384 [SUCCESS] Synced SKU mapping 1480052282_26 to Airtable
INFO 2025-06-23 06:00:42,555 airtable_sync 4840 22384 [SUCCESS] Synced SKU mapping 15-0MPY-UHQF to Airtable
INFO 2025-06-23 06:00:44,485 airtable_sync 4840 22384 [SUCCESS] Synced SKU mapping 1545319696_15 to Airtable
INFO 2025-06-23 06:00:46,451 airtable_sync 4840 22384 [SUCCESS] Synced SKU mapping 1579824623_21 to Airtable
INFO 2025-06-23 06:00:48,324 airtable_sync 4840 22384 [SUCCESS] Synced SKU mapping 1595671091_12 to Airtable
INFO 2025-06-23 06:00:50,259 airtable_sync 4840 22384 [SUCCESS] Synced SKU mapping 16 to Airtable
INFO 2025-06-23 06:00:52,280 airtable_sync 4840 22384 [SUCCESS] Synced SKU mapping 1615651036_5 to Airtable
INFO 2025-06-23 06:00:54,322 airtable_sync 4840 22384 [SUCCESS] Synced SKU mapping 1617749754_17 to Airtable
INFO 2025-06-23 06:00:56,408 airtable_sync 4840 22384 [SUCCESS] Synced SKU mapping 1644333045_5 to Airtable
INFO 2025-06-23 06:00:58,415 airtable_sync 4840 22384 [SUCCESS] Synced SKU mapping 1644333045_8 to Airtable
INFO 2025-06-23 06:01:00,367 airtable_sync 4840 22384 [SUCCESS] Synced SKU mapping 1691872855_5 to Airtable
INFO 2025-06-23 06:01:02,317 airtable_sync 4840 22384 [SUCCESS] Synced SKU mapping 17*17_PillowCoover_White to Airtable
INFO 2025-06-23 06:01:04,263 airtable_sync 4840 22384 [SUCCESS] Synced SKU mapping 17*17_PillowCover_Combo to Airtable
INFO 2025-06-23 06:01:06,342 airtable_sync 4840 22384 [SUCCESS] Synced SKU mapping 17*17_PillowCover_Combo to Airtable
INFO 2025-06-23 06:01:08,248 airtable_sync 4840 22384 [SUCCESS] Synced SKU mapping 17*17_PillowCover_Maroon_fba to Airtable
INFO 2025-06-23 06:01:10,310 airtable_sync 4840 22384 [SUCCESS] Synced SKU mapping 17*17_PillowCover_Maroon_fba to Airtable
INFO 2025-06-23 06:01:12,293 airtable_sync 4840 22384 [SUCCESS] Synced SKU mapping 17*17_PillowCover_White_fba to Airtable
INFO 2025-06-23 06:01:14,318 airtable_sync 4840 22384 [SUCCESS] Synced SKU mapping 1713595565_7 to Airtable
INFO 2025-06-23 06:01:16,321 airtable_sync 4840 22384 [SUCCESS] Synced SKU mapping 1730263290_10 to Airtable
INFO 2025-06-23 06:01:18,329 airtable_sync 4840 22384 [SUCCESS] Synced SKU mapping 174643083_6 to Airtable
INFO 2025-06-23 06:01:20,276 airtable_sync 4840 22384 [SUCCESS] Synced SKU mapping 1751686562_5 to Airtable
INFO 2025-06-23 06:01:22,300 airtable_sync 4840 22384 [SUCCESS] Synced SKU mapping 1779161966_14 to Airtable
INFO 2025-06-23 06:01:24,253 airtable_sync 4840 22384 [SUCCESS] Synced SKU mapping 1796347942_4 to Airtable
INFO 2025-06-23 06:01:26,189 airtable_sync 4840 22384 [SUCCESS] Synced SKU mapping 17note_deer_kalimba to Airtable
INFO 2025-06-23 06:01:28,274 airtable_sync 4840 22384 [SUCCESS] Synced SKU mapping 17note_mahogany_kalimbaBlue to Airtable
INFO 2025-06-23 06:01:30,344 airtable_sync 4840 22384 [SUCCESS] Synced SKU mapping 17notes_Kalimba _map_blue to Airtable
INFO 2025-06-23 06:01:32,429 airtable_sync 4840 22384 [SUCCESS] Synced SKU mapping 17notes_brown_kalimba to Airtable
INFO 2025-06-23 06:01:34,469 airtable_sync 4840 22384 [SUCCESS] Synced SKU mapping 17notes_mahogany_blue to Airtable
INFO 2025-06-23 06:01:36,458 airtable_sync 4840 22384 [SUCCESS] Synced SKU mapping 18-Musical box_01 to Airtable
INFO 2025-06-23 06:01:38,500 airtable_sync 4840 22384 [SUCCESS] Synced SKU mapping 18-Musical box_02 to Airtable
INFO 2025-06-23 06:01:40,378 airtable_sync 4840 22384 [SUCCESS] Synced SKU mapping 18-Musical box_04 to Airtable
INFO 2025-06-23 06:01:42,267 airtable_sync 4840 22384 [SUCCESS] Synced SKU mapping 1805661512_6 to Airtable
INFO 2025-06-23 06:01:44,178 airtable_sync 4840 22384 [SUCCESS] Synced SKU mapping 1805661512_9 to Airtable
INFO 2025-06-23 06:01:46,217 airtable_sync 4840 22384 [SUCCESS] Synced SKU mapping 1871815601_22 to Airtable
INFO 2025-06-23 06:01:48,165 airtable_sync 4840 22384 [SUCCESS] Synced SKU mapping 19-3CL2-891X to Airtable
INFO 2025-06-23 06:01:50,133 airtable_sync 4840 22384 [SUCCESS] Synced SKU mapping 1912192788_24 to Airtable
INFO 2025-06-23 06:01:52,128 airtable_sync 4840 22384 [SUCCESS] Synced SKU mapping 1921942272 to Airtable
INFO 2025-06-23 06:01:54,081 airtable_sync 4840 22384 [SUCCESS] Synced SKU mapping 1936894468_18 to Airtable
INFO 2025-06-23 06:01:56,195 airtable_sync 4840 22384 [SUCCESS] Synced SKU mapping 1951027540_9 to Airtable
INFO 2025-06-23 06:01:58,168 airtable_sync 4840 22384 [SUCCESS] Synced SKU mapping 1965124249_4 to Airtable
INFO 2025-06-23 06:02:00,193 airtable_sync 4840 22384 [SUCCESS] Synced SKU mapping 1965124249_7 to Airtable
INFO 2025-06-23 06:02:02,359 airtable_sync 4840 22384 [SUCCESS] Synced SKU mapping 1B-QP41-FPLK to Airtable
INFO 2025-06-23 06:02:04,339 airtable_sync 4840 22384 [SUCCESS] Synced SKU mapping 1E-TWV2-4FQF to Airtable
INFO 2025-06-23 06:02:06,245 airtable_sync 4840 22384 [SUCCESS] Synced SKU mapping 1F-XCQU-9DC0 to Airtable
INFO 2025-06-23 06:02:08,287 airtable_sync 4840 22384 [SUCCESS] Synced SKU mapping 2 to Airtable
INFO 2025-06-23 06:02:10,515 airtable_sync 4840 22384 [SUCCESS] Synced SKU mapping 201425270_13 to Airtable
INFO 2025-06-23 06:02:12,431 airtable_sync 4840 22384 [SUCCESS] Synced SKU mapping 2030088958_23 to Airtable
INFO 2025-06-23 06:02:14,407 airtable_sync 4840 22384 [SUCCESS] Synced SKU mapping 2034722522_19 to Airtable
INFO 2025-06-23 06:02:16,419 airtable_sync 4840 22384 [SUCCESS] Synced SKU mapping 20354594 to Airtable
INFO 2025-06-23 06:02:18,447 airtable_sync 4840 22384 [SUCCESS] Synced SKU mapping 20546001 to Airtable
INFO 2025-06-23 06:02:20,361 airtable_sync 4840 22384 [SUCCESS] Synced SKU mapping 21-KS63-Q1QL to Airtable
INFO 2025-06-23 06:02:22,334 airtable_sync 4840 22384 [SUCCESS] Synced SKU mapping 2115515125 to Airtable
INFO 2025-06-23 06:02:24,443 airtable_sync 4840 22384 [SUCCESS] Synced SKU mapping 2128598469_7 to Airtable
INFO 2025-06-23 06:02:26,521 airtable_sync 4840 22384 [SUCCESS] Synced SKU mapping 21305785 to Airtable
INFO 2025-06-23 06:02:28,472 airtable_sync 4840 22384 [SUCCESS] Synced SKU mapping 21305786 to Airtable
INFO 2025-06-23 06:02:30,466 airtable_sync 4840 22384 [SUCCESS] Synced SKU mapping 21305787 to Airtable
INFO 2025-06-23 06:02:32,531 airtable_sync 4840 22384 [SUCCESS] Synced SKU mapping 21305788 to Airtable
INFO 2025-06-23 06:02:34,497 airtable_sync 4840 22384 [SUCCESS] Synced SKU mapping 21305789 to Airtable
INFO 2025-06-23 06:02:36,469 airtable_sync 4840 22384 [SUCCESS] Synced SKU mapping 21305790 to Airtable
INFO 2025-06-23 06:02:38,488 airtable_sync 4840 22384 [SUCCESS] Synced SKU mapping 21305791 to Airtable
INFO 2025-06-23 06:02:40,564 airtable_sync 4840 22384 [SUCCESS] Synced SKU mapping 21305792 to Airtable
INFO 2025-06-23 06:02:42,512 airtable_sync 4840 22384 [SUCCESS] Synced SKU mapping 21457455 to Airtable
INFO 2025-06-23 06:02:44,443 airtable_sync 4840 22384 [SUCCESS] Synced SKU mapping 21544779 to Airtable
INFO 2025-06-23 06:02:46,426 airtable_sync 4840 22384 [SUCCESS] Synced SKU mapping 21549564 to Airtable
INFO 2025-06-23 06:02:48,413 airtable_sync 4840 22384 [SUCCESS] Synced SKU mapping 21574365 to Airtable
INFO 2025-06-23 06:02:50,358 airtable_sync 4840 22384 [SUCCESS] Synced SKU mapping 21845710 to Airtable
INFO 2025-06-23 06:02:52,292 airtable_sync 4840 22384 [SUCCESS] Synced SKU mapping 21854691 to Airtable
INFO 2025-06-23 06:02:54,289 airtable_sync 4840 22384 [SUCCESS] Synced SKU mapping 21notes_mahogany_darkbrown to Airtable
INFO 2025-06-23 06:02:56,253 airtable_sync 4840 22384 [SUCCESS] Synced SKU mapping 23015410 to Airtable
INFO 2025-06-23 06:02:58,197 airtable_sync 4840 22384 [SUCCESS] Synced SKU mapping 23425330 to Airtable
INFO 2025-06-23 06:03:00,235 airtable_sync 4840 22384 [SUCCESS] Synced SKU mapping 23541268 to Airtable
INFO 2025-06-23 06:03:02,257 airtable_sync 4840 22384 [SUCCESS] Synced SKU mapping 23589657 to Airtable
INFO 2025-06-23 06:03:04,234 airtable_sync 4840 22384 [SUCCESS] Synced SKU mapping 23945876 to Airtable
INFO 2025-06-23 06:03:06,308 airtable_sync 4840 22384 [SUCCESS] Synced SKU mapping 240862341_12 to Airtable
INFO 2025-06-23 06:03:08,191 airtable_sync 4840 22384 [SUCCESS] Synced SKU mapping 24544163 to Airtable
INFO 2025-06-23 06:03:10,142 airtable_sync 4840 22384 [SUCCESS] Synced SKU mapping 24_colour_pencil to Airtable
INFO 2025-06-23 06:03:12,125 airtable_sync 4840 22384 [SUCCESS] Synced SKU mapping 25-J008-EY79 to Airtable
INFO 2025-06-23 06:03:14,047 airtable_sync 4840 22384 [SUCCESS] Synced SKU mapping 25411486 to Airtable
INFO 2025-06-23 06:03:16,289 airtable_sync 4840 22384 [SUCCESS] Synced SKU mapping 254316616_11 to Airtable
INFO 2025-06-23 06:03:18,493 airtable_sync 4840 22384 [SUCCESS] Synced SKU mapping 25465045 to Airtable
INFO 2025-06-23 06:03:20,651 airtable_sync 4840 22384 [SUCCESS] Synced SKU mapping 25468471 to Airtable
INFO 2025-06-23 06:03:22,583 airtable_sync 4840 22384 [SUCCESS] Synced SKU mapping 25478436 to Airtable
INFO 2025-06-23 06:03:24,666 airtable_sync 4840 22384 [SUCCESS] Synced SKU mapping 25647836 to Airtable
INFO 2025-06-23 06:03:26,677 airtable_sync 4840 22384 [SUCCESS] Synced SKU mapping 25846971 to Airtable
INFO 2025-06-23 06:03:28,705 airtable_sync 4840 22384 [SUCCESS] Synced SKU mapping 260842286_5 to Airtable
INFO 2025-06-23 06:03:30,754 airtable_sync 4840 22384 [SUCCESS] Synced SKU mapping 263547802_4 to Airtable
INFO 2025-06-23 06:03:32,732 airtable_sync 4840 22384 [SUCCESS] Synced SKU mapping 26934569 to Airtable
INFO 2025-06-23 06:03:34,826 airtable_sync 4840 22384 [SUCCESS] Synced SKU mapping 28-VZ8N-OA4A to Airtable
INFO 2025-06-23 06:03:36,806 airtable_sync 4840 22384 [SUCCESS] Synced SKU mapping 29q8zplJ to Airtable
INFO 2025-06-23 06:03:38,777 airtable_sync 4840 22384 [SUCCESS] Synced SKU mapping 2J_VLjSH to Airtable
INFO 2025-06-23 06:03:40,718 airtable_sync 4840 22384 [SUCCESS] Synced SKU mapping 2bp32GMp to Airtable
INFO 2025-06-23 06:03:42,779 airtable_sync 4840 22384 [SUCCESS] Synced SKU mapping 2h9SvvQv to Airtable
INFO 2025-06-23 06:03:44,740 airtable_sync 4840 22384 [SUCCESS] Synced SKU mapping 30124570 to Airtable
INFO 2025-06-23 06:03:46,732 airtable_sync 4840 22384 [SUCCESS] Synced SKU mapping 30144262 to Airtable
INFO 2025-06-23 06:03:48,707 airtable_sync 4840 22384 [SUCCESS] Synced SKU mapping 30213012 to Airtable
INFO 2025-06-23 06:03:50,696 airtable_sync 4840 22384 [SUCCESS] Synced SKU mapping 30215412 to Airtable
INFO 2025-06-23 06:03:52,709 airtable_sync 4840 22384 [SUCCESS] Synced SKU mapping 30215474 to Airtable
INFO 2025-06-23 06:03:54,702 airtable_sync 4840 22384 [SUCCESS] Synced SKU mapping 30546756 to Airtable
INFO 2025-06-23 06:03:56,736 airtable_sync 4840 22384 [SUCCESS] Synced SKU mapping 30548720 to Airtable
INFO 2025-06-23 06:03:58,809 airtable_sync 4840 22384 [SUCCESS] Synced SKU mapping 31-BMMI-FJWV to Airtable
INFO 2025-06-23 06:04:00,892 airtable_sync 4840 22384 [SUCCESS] Synced SKU mapping 31256890 to Airtable
INFO 2025-06-23 06:04:02,906 airtable_sync 4840 22384 [SUCCESS] Synced SKU mapping 31256891 to Airtable
INFO 2025-06-23 06:04:04,910 airtable_sync 4840 22384 [SUCCESS] Synced SKU mapping 31256892 to Airtable
INFO 2025-06-23 06:04:07,731 airtable_sync 4840 22384 [SUCCESS] Synced SKU mapping 31256893 to Airtable
INFO 2025-06-23 06:04:09,705 airtable_sync 4840 22384 [SUCCESS] Synced SKU mapping 31256894 to Airtable
INFO 2025-06-23 06:04:11,747 airtable_sync 4840 22384 [SUCCESS] Synced SKU mapping 31256895 to Airtable
INFO 2025-06-23 06:04:13,746 airtable_sync 4840 22384 [SUCCESS] Synced SKU mapping 31256896 to Airtable
INFO 2025-06-23 06:04:15,766 airtable_sync 4840 22384 [SUCCESS] Synced SKU mapping 31256897 to Airtable
INFO 2025-06-23 06:04:17,802 airtable_sync 4840 22384 [SUCCESS] Synced SKU mapping 31256898 to Airtable
INFO 2025-06-23 06:04:19,747 airtable_sync 4840 22384 [SUCCESS] Synced SKU mapping 31256899 to Airtable
INFO 2025-06-23 06:04:21,753 airtable_sync 4840 22384 [SUCCESS] Synced SKU mapping 31256900 to Airtable
INFO 2025-06-23 06:04:23,695 airtable_sync 4840 22384 [SUCCESS] Synced SKU mapping 31256901 to Airtable
INFO 2025-06-23 06:04:25,632 airtable_sync 4840 22384 [SUCCESS] Synced SKU mapping 31256902 to Airtable
INFO 2025-06-23 06:04:27,630 airtable_sync 4840 22384 [SUCCESS] Synced SKU mapping 31256903 to Airtable
INFO 2025-06-23 06:04:29,691 airtable_sync 4840 22384 [SUCCESS] Synced SKU mapping 31258461 to Airtable
INFO 2025-06-23 06:04:31,754 airtable_sync 4840 22384 [SUCCESS] Synced SKU mapping 313474363_6 to Airtable
INFO 2025-06-23 06:04:33,865 airtable_sync 4840 22384 [SUCCESS] Synced SKU mapping 31440080 to Airtable
INFO 2025-06-23 06:04:35,903 airtable_sync 4840 22384 [SUCCESS] Synced SKU mapping 32002561 to Airtable
INFO 2025-06-23 06:04:38,005 airtable_sync 4840 22384 [SUCCESS] Synced SKU mapping 32012054 to Airtable
INFO 2025-06-23 06:04:39,989 airtable_sync 4840 22384 [SUCCESS] Synced SKU mapping 32014106 to Airtable
INFO 2025-06-23 06:04:41,995 airtable_sync 4840 22384 [SUCCESS] Synced SKU mapping 32014121 to Airtable
INFO 2025-06-23 06:04:44,166 airtable_sync 4840 22384 [SUCCESS] Synced SKU mapping 32015482 to Airtable
INFO 2025-06-23 06:04:46,189 airtable_sync 4840 22384 [SUCCESS] Synced SKU mapping 32025450 to Airtable
INFO 2025-06-23 06:04:48,206 airtable_sync 4840 22384 [SUCCESS] Synced SKU mapping 32034187 to Airtable
INFO 2025-06-23 06:04:50,265 airtable_sync 4840 22384 [SUCCESS] Synced SKU mapping 32052087 to Airtable
INFO 2025-06-23 06:04:52,303 airtable_sync 4840 22384 [SUCCESS] Synced SKU mapping 32056421 to Airtable
INFO 2025-06-23 06:04:54,316 airtable_sync 4840 22384 [SUCCESS] Synced SKU mapping 32123650 to Airtable
INFO 2025-06-23 06:04:56,338 airtable_sync 4840 22384 [SUCCESS] Synced SKU mapping 32123651 to Airtable
INFO 2025-06-23 06:04:58,354 airtable_sync 4840 22384 [SUCCESS] Synced SKU mapping 32145695 to Airtable
INFO 2025-06-23 06:05:00,396 airtable_sync 4840 22384 [SUCCESS] Synced SKU mapping 32432311 to Airtable
INFO 2025-06-23 06:05:02,424 airtable_sync 4840 22384 [SUCCESS] Synced SKU mapping 32434609 to Airtable
INFO 2025-06-23 06:05:04,383 airtable_sync 4840 22384 [SUCCESS] Synced SKU mapping 32465180 to Airtable
INFO 2025-06-23 06:05:06,440 airtable_sync 4840 22384 [SUCCESS] Synced SKU mapping 32487561 to Airtable
INFO 2025-06-23 06:05:09,574 airtable_sync 4840 22384 [SUCCESS] Synced SKU mapping 32502544 to Airtable
INFO 2025-06-23 06:05:11,686 airtable_sync 4840 22384 [SUCCESS] Synced SKU mapping 32504125 to Airtable
INFO 2025-06-23 06:05:13,721 airtable_sync 4840 22384 [SUCCESS] Synced SKU mapping 32546410 to Airtable
INFO 2025-06-23 06:05:15,754 airtable_sync 4840 22384 [SUCCESS] Synced SKU mapping 32546542 to Airtable
INFO 2025-06-23 06:05:17,799 airtable_sync 4840 22384 [SUCCESS] Synced SKU mapping 32546971 to Airtable
INFO 2025-06-23 06:05:19,804 airtable_sync 4840 22384 [SUCCESS] Synced SKU mapping 32546987 to Airtable
INFO 2025-06-23 06:05:21,806 airtable_sync 4840 22384 [SUCCESS] Synced SKU mapping 32654025 to Airtable
INFO 2025-06-23 06:05:23,742 airtable_sync 4840 22384 [SUCCESS] Synced SKU mapping 32754695 to Airtable
INFO 2025-06-23 06:05:25,757 airtable_sync 4840 22384 [SUCCESS] Synced SKU mapping 32825601 to Airtable
INFO 2025-06-23 06:05:27,842 airtable_sync 4840 22384 [SUCCESS] Synced SKU mapping 32845472 to Airtable
INFO 2025-06-23 06:05:29,833 airtable_sync 4840 22384 [SUCCESS] Synced SKU mapping 32845665 to Airtable
INFO 2025-06-23 06:05:31,822 airtable_sync 4840 22384 [SUCCESS] Synced SKU mapping 32847570 to Airtable
INFO 2025-06-23 06:05:33,880 airtable_sync 4840 22384 [SUCCESS] Synced SKU mapping 32856410 to Airtable
INFO 2025-06-23 06:05:35,932 airtable_sync 4840 22384 [SUCCESS] Synced SKU mapping 329055524 to Airtable
INFO 2025-06-23 06:05:37,879 airtable_sync 4840 22384 [SUCCESS] Synced SKU mapping 33212330 to Airtable
INFO 2025-06-23 06:05:39,927 airtable_sync 4840 22384 [SUCCESS] Synced SKU mapping 34144650 to Airtable
INFO 2025-06-23 06:05:41,987 airtable_sync 4840 22384 [SUCCESS] Synced SKU mapping 34587261 to Airtable
INFO 2025-06-23 06:05:43,972 airtable_sync 4840 22384 [SUCCESS] Synced SKU mapping 34857698 to Airtable
INFO 2025-06-23 06:05:45,995 airtable_sync 4840 22384 [SUCCESS] Synced SKU mapping 35406112 to Airtable
INFO 2025-06-23 06:05:47,975 airtable_sync 4840 22384 [SUCCESS] Synced SKU mapping 35412010 to Airtable
INFO 2025-06-23 06:05:50,011 airtable_sync 4840 22384 [SUCCESS] Synced SKU mapping 35641010 to Airtable
INFO 2025-06-23 06:05:52,030 airtable_sync 4840 22384 [SUCCESS] Synced SKU mapping 36-RXIF-RMOY to Airtable
INFO 2025-06-23 06:05:54,025 airtable_sync 4840 22384 [SUCCESS] Synced SKU mapping 36541259 to Airtable
INFO 2025-06-23 06:05:56,003 airtable_sync 4840 22384 [SUCCESS] Synced SKU mapping 36543233 to Airtable
INFO 2025-06-23 06:05:58,062 airtable_sync 4840 22384 [SUCCESS] Synced SKU mapping 36564455 to Airtable
INFO 2025-06-23 06:06:00,005 airtable_sync 4840 22384 [SUCCESS] Synced SKU mapping 375454540_10 to Airtable
INFO 2025-06-23 06:06:01,987 airtable_sync 4840 22384 [SUCCESS] Synced SKU mapping 383696826_8 to Airtable
INFO 2025-06-23 06:06:04,070 airtable_sync 4840 22384 [SUCCESS] Synced SKU mapping 38479622 to Airtable
INFO 2025-06-23 06:06:06,147 airtable_sync 4840 22384 [SUCCESS] Synced SKU mapping 38546589 to Airtable
INFO 2025-06-23 06:06:08,254 airtable_sync 4840 22384 [SUCCESS] Synced SKU mapping 38554693 to Airtable
INFO 2025-06-23 06:06:10,316 airtable_sync 4840 22384 [SUCCESS] Synced SKU mapping 38765895 to Airtable
INFO 2025-06-23 06:06:12,360 airtable_sync 4840 22384 [SUCCESS] Synced SKU mapping 38774501 to Airtable
INFO 2025-06-23 06:06:15,255 airtable_sync 4840 22384 [SUCCESS] Synced SKU mapping 3B-GIJ4-ICN8 to Airtable
INFO 2025-06-23 06:06:17,227 airtable_sync 4840 22384 [SUCCESS] Synced SKU mapping 3D_ERASER to Airtable
INFO 2025-06-23 06:06:19,227 airtable_sync 4840 22384 [SUCCESS] Synced SKU mapping 3D_ERASER to Airtable
INFO 2025-06-23 06:06:21,324 airtable_sync 4840 22384 [SUCCESS] Synced SKU mapping 3D_UNICORN_MUG WHITE to Airtable
INFO 2025-06-23 06:06:23,333 airtable_sync 4840 22384 [SUCCESS] Synced SKU mapping 3Mgn5JPD to Airtable
INFO 2025-06-23 06:06:25,326 airtable_sync 4840 22384 [SUCCESS] Synced SKU mapping 3dEraser to Airtable
INFO 2025-06-23 06:06:27,247 airtable_sync 4840 22384 [SUCCESS] Synced SKU mapping 3dEraser to Airtable
INFO 2025-06-23 06:06:29,214 airtable_sync 4840 22384 [SUCCESS] Synced SKU mapping 4 to Airtable
INFO 2025-06-23 06:06:31,234 airtable_sync 4840 22384 [SUCCESS] Synced SKU mapping 41256823 to Airtable
INFO 2025-06-23 06:06:33,218 airtable_sync 4840 22384 [SUCCESS] Synced SKU mapping 41256824 to Airtable
INFO 2025-06-23 06:06:35,226 airtable_sync 4840 22384 [SUCCESS] Synced SKU mapping 41256825 to Airtable
INFO 2025-06-23 06:06:37,239 airtable_sync 4840 22384 [SUCCESS] Synced SKU mapping 424353216_14 to Airtable
INFO 2025-06-23 06:06:39,239 airtable_sync 4840 22384 [SUCCESS] Synced SKU mapping 45932678 to Airtable
INFO 2025-06-23 06:06:41,318 airtable_sync 4840 22384 [SUCCESS] Synced SKU mapping 45963215 to Airtable
INFO 2025-06-23 06:06:43,367 airtable_sync 4840 22384 [SUCCESS] Synced SKU mapping 4C-YWJK-52OA to Airtable
INFO 2025-06-23 06:06:45,402 airtable_sync 4840 22384 [SUCCESS] Synced SKU mapping 4EEJM7mo to Airtable
INFO 2025-06-23 06:06:47,381 airtable_sync 4840 22384 [SUCCESS] Synced SKU mapping 4T-19Z4-OHJZ to Airtable
INFO 2025-06-23 06:06:49,383 airtable_sync 4840 22384 [SUCCESS] Synced SKU mapping 4YyV3r_1 to Airtable
INFO 2025-06-23 06:06:51,475 airtable_sync 4840 22384 [SUCCESS] Synced SKU mapping 4vmLCvSC to Airtable
INFO 2025-06-23 06:06:53,479 airtable_sync 4840 22384 [SUCCESS] Synced SKU mapping 5 to Airtable
INFO 2025-06-23 06:06:55,525 airtable_sync 4840 22384 [SUCCESS] Synced SKU mapping 506882555_25 to Airtable
INFO 2025-06-23 06:06:57,566 airtable_sync 4840 22384 [SUCCESS] Synced SKU mapping 517006851_22 to Airtable
INFO 2025-06-23 06:06:59,501 airtable_sync 4840 22384 [SUCCESS] Synced SKU mapping 557384038_24 to Airtable
INFO 2025-06-23 06:07:01,452 airtable_sync 4840 22384 [SUCCESS] Synced SKU mapping 586379476_16 to Airtable
INFO 2025-06-23 06:07:03,463 airtable_sync 4840 22384 [SUCCESS] Synced SKU mapping 5M-ZJV3-6CGU to Airtable
INFO 2025-06-23 06:07:05,568 airtable_sync 4840 22384 [SUCCESS] Synced SKU mapping 5QGsPrwg to Airtable
INFO 2025-06-23 06:07:07,629 airtable_sync 4840 22384 [SUCCESS] Synced SKU mapping 5YDdAt7X to Airtable
INFO 2025-06-23 06:07:09,634 airtable_sync 4840 22384 [SUCCESS] Synced SKU mapping 5dEyelashes to Airtable
INFO 2025-06-23 06:07:11,746 airtable_sync 4840 22384 [SUCCESS] Synced SKU mapping 5dzbpJS4 to Airtable
INFO 2025-06-23 06:07:13,785 airtable_sync 4840 22384 [SUCCESS] Synced SKU mapping 6 to Airtable
INFO 2025-06-23 06:07:15,836 airtable_sync 4840 22384 [SUCCESS] Synced SKU mapping 640584367_4 to Airtable
INFO 2025-06-23 06:07:17,857 airtable_sync 4840 22384 [SUCCESS] Synced SKU mapping 679913772_19 to Airtable
INFO 2025-06-23 06:07:19,991 airtable_sync 4840 22384 [SUCCESS] Synced SKU mapping 68-ZGDY-URDU to Airtable
INFO 2025-06-23 06:07:22,001 airtable_sync 4840 22384 [SUCCESS] Synced SKU mapping 69UfqNAh to Airtable
INFO 2025-06-23 06:07:24,113 airtable_sync 4840 22384 [SUCCESS] Synced SKU mapping 6CKGxkiA to Airtable
INFO 2025-06-23 06:07:26,077 airtable_sync 4840 22384 [SUCCESS] Synced SKU mapping 6U2ft-sn to Airtable
INFO 2025-06-23 06:07:28,060 airtable_sync 4840 22384 [SUCCESS] Synced SKU mapping 6fzZnWN3 to Airtable
INFO 2025-06-23 06:07:30,083 airtable_sync 4840 22384 [SUCCESS] Synced SKU mapping 6pc Demon Slayer to Airtable
INFO 2025-06-23 06:07:32,078 airtable_sync 4840 22384 [SUCCESS] Synced SKU mapping 6pc Demon Slayer to Airtable
INFO 2025-06-23 06:07:34,112 airtable_sync 4840 22384 [SUCCESS] Synced SKU mapping 6pc Demon Slayer to Airtable
INFO 2025-06-23 06:07:36,176 airtable_sync 4840 22384 [SUCCESS] Synced SKU mapping 6pc Demon Slayer01 to Airtable
INFO 2025-06-23 06:07:38,184 airtable_sync 4840 22384 [SUCCESS] Synced SKU mapping 6pc Demon Slayer02 to Airtable
INFO 2025-06-23 06:07:40,196 airtable_sync 4840 22384 [SUCCESS] Synced SKU mapping 6pcs_travelkit_grey_map to Airtable
INFO 2025-06-23 06:07:42,216 airtable_sync 4840 22384 [SUCCESS] Synced SKU mapping 6rwJ9CPK to Airtable
INFO 2025-06-23 06:07:44,198 airtable_sync 4840 22384 [SUCCESS] Synced SKU mapping 7 to Airtable
INFO 2025-06-23 06:07:46,152 airtable_sync 4840 22384 [SUCCESS] Synced SKU mapping 752742591_7 to Airtable
INFO 2025-06-23 06:07:48,123 airtable_sync 4840 22384 [SUCCESS] Synced SKU mapping 757176048 to Airtable
INFO 2025-06-23 06:07:50,061 airtable_sync 4840 22384 [SUCCESS] Synced SKU mapping 765525855_4 to Airtable
INFO 2025-06-23 06:07:52,010 airtable_sync 4840 22384 [SUCCESS] Synced SKU mapping 768429274_16 to Airtable
INFO 2025-06-23 06:07:54,050 airtable_sync 4840 22384 [SUCCESS] Synced SKU mapping 78945615 to Airtable
INFO 2025-06-23 06:07:56,033 airtable_sync 4840 22384 [SUCCESS] Synced SKU mapping 7L8O-TOP to Airtable
INFO 2025-06-23 06:07:57,984 airtable_sync 4840 22384 [SUCCESS] Synced SKU mapping 7LH3HKVZ to Airtable
INFO 2025-06-23 06:07:59,949 airtable_sync 4840 22384 [SUCCESS] Synced SKU mapping 7NR9WIF4 to Airtable
INFO 2025-06-23 06:08:01,964 airtable_sync 4840 22384 [SUCCESS] Synced SKU mapping 7T-TK3O-AIHG to Airtable
INFO 2025-06-23 06:08:03,981 airtable_sync 4840 22384 [SUCCESS] Synced SKU mapping 7TwLyfYf to Airtable
INFO 2025-06-23 06:08:05,944 airtable_sync 4840 22384 [SUCCESS] Synced SKU mapping 8 to Airtable
INFO 2025-06-23 06:08:07,949 airtable_sync 4840 22384 [SUCCESS] Synced SKU mapping 80-LZ7D-L8AT to Airtable
INFO 2025-06-23 06:08:09,970 airtable_sync 4840 22384 [SUCCESS] Synced SKU mapping 847926195_25 to Airtable
INFO 2025-06-23 06:08:12,000 airtable_sync 4840 22384 [SUCCESS] Synced SKU mapping 89OWDN4N to Airtable
INFO 2025-06-23 06:08:14,008 airtable_sync 4840 22384 [SUCCESS] Synced SKU mapping 8J-LY1J-31CH to Airtable
INFO 2025-06-23 06:08:16,308 airtable_sync 4840 22384 [SUCCESS] Synced SKU mapping 8Pic9h5J to Airtable
INFO 2025-06-23 06:08:18,284 airtable_sync 4840 22384 [SUCCESS] Synced SKU mapping 8W-7KW7-2ESS to Airtable
INFO 2025-06-23 06:08:20,351 airtable_sync 4840 22384 [SUCCESS] Synced SKU mapping 8Y-0E9L-HAQE to Airtable
INFO 2025-06-23 06:08:22,453 airtable_sync 4840 22384 [SUCCESS] Synced SKU mapping 8note_sabrina to Airtable
INFO 2025-06-23 06:08:24,593 airtable_sync 4840 22384 [SUCCESS] Synced SKU mapping 910069588_23 to Airtable
INFO 2025-06-23 06:08:26,607 airtable_sync 4840 22384 [SUCCESS] Synced SKU mapping 971111924_8 to Airtable
INFO 2025-06-23 06:08:28,516 airtable_sync 4840 22384 [SUCCESS] Synced SKU mapping 989131006_9 to Airtable
INFO 2025-06-23 06:08:30,500 airtable_sync 4840 22384 [SUCCESS] Synced SKU mapping 98dVouVh to Airtable
INFO 2025-06-23 06:08:32,508 airtable_sync 4840 22384 [SUCCESS] Synced SKU mapping 9A-KVOJ-MJFU to Airtable
INFO 2025-06-23 06:08:34,506 airtable_sync 4840 22384 [SUCCESS] Synced SKU mapping 9P-F4OW-YGI5 to Airtable
INFO 2025-06-23 06:08:36,476 airtable_sync 4840 22384 [SUCCESS] Synced SKU mapping A14_BROWN to Airtable
INFO 2025-06-23 06:08:38,537 airtable_sync 4840 22384 [SUCCESS] Synced SKU mapping A2_Brown_MB to Airtable
INFO 2025-06-23 06:08:40,545 airtable_sync 4840 22384 [SUCCESS] Synced SKU mapping A9_MB_MH to Airtable
INFO 2025-06-23 06:08:42,602 airtable_sync 4840 22384 [SUCCESS] Synced SKU mapping ABC_Mat to Airtable
INFO 2025-06-23 06:08:44,659 airtable_sync 4840 22384 [SUCCESS] Synced SKU mapping ACRYLIC_MB_CIRLCE to Airtable
INFO 2025-06-23 06:08:46,647 airtable_sync 4840 22384 [SUCCESS] Synced SKU mapping AGAIT_COSTER to Airtable
INFO 2025-06-23 06:08:48,692 airtable_sync 4840 22384 [SUCCESS] Synced SKU mapping AH-3FEE-QTS6 to Airtable
INFO 2025-06-23 06:08:50,640 airtable_sync 4840 22384 [SUCCESS] Synced SKU mapping ALLCARECATERS_METALKEYCHAIN to Airtable
INFO 2025-06-23 06:08:52,717 airtable_sync 4840 22384 [SUCCESS] Synced SKU mapping AM-HL5D-YZBU to Airtable
INFO 2025-06-23 06:08:54,774 airtable_sync 4840 22384 [SUCCESS] Synced SKU mapping ANNIVERSARY to Airtable
INFO 2025-06-23 06:08:56,862 airtable_sync 4840 22384 [SUCCESS] Synced SKU mapping APPLE LED WATCH to Airtable
INFO 2025-06-23 06:08:58,830 airtable_sync 4840 22384 [SUCCESS] Synced SKU mapping ASTRONUT_LAMP to Airtable
INFO 2025-06-23 06:09:00,812 airtable_sync 4840 22384 [SUCCESS] Synced SKU mapping AVENGER_BROWN to Airtable
INFO 2025-06-23 06:09:02,856 airtable_sync 4840 22384 [SUCCESS] Synced SKU mapping Acrylic_Cirle_MB to Airtable
INFO 2025-06-23 06:09:04,890 airtable_sync 4840 22384 [SUCCESS] Synced SKU mapping Acrylic_Heart_8Note_Kalimba to Airtable
INFO 2025-06-23 06:09:06,960 airtable_sync 4840 22384 [SUCCESS] Synced SKU mapping Acrylic_Heart_MB to Airtable
INFO 2025-06-23 06:09:08,946 airtable_sync 4840 22384 [SUCCESS] Synced SKU mapping Action_Figure_Kakashi_fba to Airtable
INFO 2025-06-23 06:09:11,018 airtable_sync 4840 22384 [SUCCESS] Synced SKU mapping Action_Figure_Naruto_fba to Airtable
INFO 2025-06-23 06:09:13,008 airtable_sync 4840 22384 [SUCCESS] Synced SKU mapping Agate_Coaster_fba to Airtable
INFO 2025-06-23 06:09:15,001 airtable_sync 4840 22384 [SUCCESS] Synced SKU mapping All_Black_mb to Airtable
INFO 2025-06-23 06:09:17,071 airtable_sync 4840 22384 [SUCCESS] Synced SKU mapping Alpaca_Pin\CSTE_0513_ST_Animal_Alpaca_Multi to Airtable
INFO 2025-06-23 06:09:20,015 airtable_sync 4840 22384 [SUCCESS] Synced SKU mapping Anniversary_Golden to Airtable
INFO 2025-06-23 06:09:22,028 airtable_sync 4840 22384 [SUCCESS] Synced SKU mapping Astronaut Lamp to Airtable
INFO 2025-06-23 06:09:24,073 airtable_sync 4840 22384 [SUCCESS] Synced SKU mapping AstronautLamp to Airtable
INFO 2025-06-23 06:09:26,098 airtable_sync 4840 22384 [SUCCESS] Synced SKU mapping Astronaut_Lamp to Airtable
INFO 2025-06-23 06:09:28,136 airtable_sync 4840 22384 [SUCCESS] Synced SKU mapping Astronaut_Lamp to Airtable
INFO 2025-06-23 06:09:30,245 airtable_sync 4840 22384 [SUCCESS] Synced SKU mapping Astronaut_Lamp_PINK to Airtable
INFO 2025-06-23 06:09:32,303 airtable_sync 4840 22384 [SUCCESS] Synced SKU mapping Auto_youAreSunshine_brown to Airtable
INFO 2025-06-23 06:09:34,419 airtable_sync 4840 22384 [SUCCESS] Synced SKU mapping Avengers.B to Airtable
INFO 2025-06-23 06:09:36,414 airtable_sync 4840 22384 [SUCCESS] Synced SKU mapping Axolotl_blues_soft to Airtable
INFO 2025-06-23 06:09:38,546 airtable_sync 4840 22384 [SUCCESS] Synced SKU mapping B&B brown to Airtable
INFO 2025-06-23 06:09:40,547 airtable_sync 4840 22384 [SUCCESS] Synced SKU mapping B&B_BROWN to Airtable
INFO 2025-06-23 06:09:42,591 airtable_sync 4840 22384 [SUCCESS] Synced SKU mapping BALLOON to Airtable
INFO 2025-06-23 06:09:44,572 airtable_sync 4840 22384 [SUCCESS] Synced SKU mapping BALLOON _G to Airtable
INFO 2025-06-23 06:09:46,612 airtable_sync 4840 22384 [SUCCESS] Synced SKU mapping BB1 to Airtable
INFO 2025-06-23 06:09:48,670 airtable_sync 4840 22384 [SUCCESS] Synced SKU mapping BIG BLACKGOLDSQUARE_SG to Airtable
INFO 2025-06-23 06:09:50,727 airtable_sync 4840 22384 [SUCCESS] Synced SKU mapping BIG SQUARE PINK _SUNGLASS to Airtable
INFO 2025-06-23 06:09:52,822 airtable_sync 4840 22384 [SUCCESS] Synced SKU mapping BIG SQUARE PINK_SG to Airtable
INFO 2025-06-23 06:09:54,858 airtable_sync 4840 22384 [SUCCESS] Synced SKU mapping BIG_TLSG_map2_1fba to Airtable
INFO 2025-06-23 06:09:56,842 airtable_sync 4840 22384 [SUCCESS] Synced SKU mapping BIG_TLSG_map3_1fba to Airtable
INFO 2025-06-23 06:09:58,872 airtable_sync 4840 22384 [SUCCESS] Synced SKU mapping BIG_TLSG_map_1fba to Airtable
INFO 2025-06-23 06:10:00,860 airtable_sync 4840 22384 [SUCCESS] Synced SKU mapping BIRTHDAY Banner to Airtable
INFO 2025-06-23 06:10:02,833 airtable_sync 4840 22384 [SUCCESS] Synced SKU mapping BKI8MxFD to Airtable
INFO 2025-06-23 06:49:44,969 airtable_sync 18136 16332 [SUCCESS]  Airtable connection validated successfully
INFO 2025-06-23 06:49:51,292 airtable_sync 6172 2068 [SUCCESS]  Airtable connection validated successfully
INFO 2025-06-23 06:51:27,670 airtable_sync 26436 5444 [SUCCESS]  Airtable connection validated successfully
INFO 2025-06-23 06:51:35,263 airtable_sync 7180 16152 [SUCCESS]  Airtable connection validated successfully
INFO 2025-06-23 06:51:48,091 airtable_sync 13892 22384 [SUCCESS]  Airtable connection validated successfully
INFO 2025-06-23 06:52:10,326 airtable_sync 21820 11744 [SUCCESS]  Airtable connection validated successfully
INFO 2025-06-23 06:52:40,449 airtable_sync 4676 20864 [SUCCESS]  Airtable connection validated successfully
INFO 2025-06-23 06:54:10,141 airtable_sync 16808 22084 [SUCCESS]  Airtable connection validated successfully
INFO 2025-06-23 06:54:16,836 airtable_sync 25540 3200 [SUCCESS]  Airtable connection validated successfully
INFO 2025-06-23 06:54:57,520 airtable_sync 8796 14872 [SUCCESS]  Airtable connection validated successfully
INFO 2025-06-23 06:55:28,600 airtable_sync 12320 9608 [SUCCESS]  Airtable connection validated successfully
INFO 2025-06-23 06:55:30,775 airtable_sync 16288 24348 [SUCCESS]  Airtable connection validated successfully
INFO 2025-06-23 06:58:15,942 airtable_sync 15020 9904 [SUCCESS]  Airtable connection validated successfully
ERROR 2025-06-23 07:00:39,093 airtable_sync 22060 23740 [ERROR] Airtable connection error: HTTPSConnectionPool(host='api.airtable.com', port=443): Read timed out. (read timeout=None)
ERROR 2025-06-23 07:07:29,770 airtable_sync 17444 3168 [ERROR] Airtable connection error: HTTPSConnectionPool(host='api.airtable.com', port=443): Read timed out. (read timeout=None)
ERROR 2025-06-23 07:08:22,288 airtable_sync 7692 26256 [ERROR] Airtable connection error: HTTPSConnectionPool(host='api.airtable.com', port=443): Read timed out. (read timeout=None)
ERROR 2025-06-23 07:42:32,309 airtable_sync 14368 25868 Airtable API error: HTTPSConnectionPool(host='api.airtable.com', port=443): Read timed out. (read timeout=None)
ERROR 2025-06-23 07:42:32,313 airtable_sync 14368 25868 Error finding record by msku=CSTE_0546_ST_Animal_Lucifer_Cat_Black: HTTPSConnectionPool(host='api.airtable.com', port=443): Read timed out. (read timeout=None)
INFO 2025-06-23 07:46:23,468 airtable_sync 8320 2472 [SUCCESS]  Airtable connection validated successfully
INFO 2025-06-23 07:47:43,924 airtable_sync 8320 23660 [SUCCESS] Synced inventory for CSTE_0546_ST_Animal_Lucifer_Cat_Black to Airtable
INFO 2025-06-23 07:47:46,726 airtable_sync 8320 23660 [SUCCESS] Synced inventory for CSTE_0015_MB_HBD_Black to Airtable
INFO 2025-06-23 07:47:50,111 airtable_sync 8320 23660 [SUCCESS] Synced inventory for CSTE_0020_MB_HP_Black to Airtable
INFO 2025-06-23 07:47:52,772 airtable_sync 8320 23660 [SUCCESS] Synced inventory for CSTE_0020_MB_HP_Black to Airtable
INFO 2025-06-23 07:47:55,625 airtable_sync 8320 23660 [SUCCESS] Synced inventory for CSTE_0015_MB_HBD_Black to Airtable
INFO 2025-06-23 07:47:58,397 airtable_sync 8320 23660 [SUCCESS] Synced inventory for CSTE_0060_MB_YouAreMySunshine_Brown to Airtable
INFO 2025-06-23 07:48:01,384 airtable_sync 8320 23660 [SUCCESS] Synced inventory for CSTE_0060_MB_YouAreMySunshine_Brown to Airtable
INFO 2025-06-23 07:48:04,376 airtable_sync 8320 23660 [SUCCESS] Synced inventory for CSTE_0020_MB_HP_Black to Airtable
INFO 2025-06-23 07:48:07,270 airtable_sync 8320 23660 [SUCCESS] Synced inventory for CSTE_0470_ST_Minecraft_Sword_Small to Airtable
INFO 2025-06-23 07:48:09,995 airtable_sync 8320 23660 [SUCCESS] Synced inventory for CSTE_0470_ST_Minecraft_Sword_Small to Airtable
INFO 2025-06-23 07:48:12,639 airtable_sync 8320 23660 [SUCCESS] Synced inventory for CSTE_0020_MB_HP_Black to Airtable
INFO 2025-06-23 07:48:15,279 airtable_sync 8320 23660 [SUCCESS] Synced inventory for CSTE_0020_MB_HP_Black to Airtable
INFO 2025-06-23 07:48:18,680 airtable_sync 8320 23660 [SUCCESS] Synced inventory for CSTE_0060_MB_YouAreMySunshine_Brown to Airtable
INFO 2025-06-23 07:48:22,804 airtable_sync 8320 23660 [SUCCESS] Synced inventory for CSTE_0470_ST_Minecraft_Sword_Small to Airtable
INFO 2025-06-23 07:48:25,538 airtable_sync 8320 23660 [SUCCESS] Synced inventory for CSTE_0218_SG_ThugLife_Big to Airtable
INFO 2025-06-23 07:48:28,716 airtable_sync 8320 23660 [SUCCESS] Synced inventory for CSTE_0306_MB_Sabrina_8Notes_Brown to Airtable
INFO 2025-06-23 07:48:31,869 airtable_sync 8320 23660 [SUCCESS] Synced inventory for CSTE_0014_MB_HBD_Brown to Airtable
INFO 2025-06-23 07:48:35,066 airtable_sync 8320 23660 [SUCCESS] Synced inventory for CSTE_0240_SG_Wings_Red to Airtable
INFO 2025-06-23 07:48:38,128 airtable_sync 8320 23660 [SUCCESS] Synced inventory for CSTE_0060_MB_YouAreMySunshine_Brown to Airtable
INFO 2025-06-23 07:48:40,805 airtable_sync 8320 23660 [SUCCESS] Synced inventory for CSTE_0060_MB_YouAreMySunshine_Brown to Airtable
INFO 2025-06-23 07:48:43,983 airtable_sync 8320 23660 [SUCCESS] Synced inventory for CSTE_0491_ST_Fruit_Blox_Spirit to Airtable
INFO 2025-06-23 07:48:46,834 airtable_sync 8320 23660 [SUCCESS] Synced inventory for CSTE_0533_ST_Animal_Breathing_Koala_Grey to Airtable
INFO 2025-06-23 07:48:50,021 airtable_sync 8320 23660 [SUCCESS] Synced inventory for CSTE_0489_ST_Fruit_Blox_Light to Airtable
INFO 2025-06-23 07:48:53,527 airtable_sync 8320 23660 [SUCCESS] Synced inventory for CSTE_0491_ST_Fruit_Blox_Spirit to Airtable
INFO 2025-06-23 07:48:56,312 airtable_sync 8320 23660 [SUCCESS] Synced inventory for CSTE_0488_ST_Animal_Breathing_Stitch_Blue to Airtable
INFO 2025-06-23 07:48:59,064 airtable_sync 8320 23660 [SUCCESS] Synced inventory for CSTE_0526_ST_Animal_Breathing_Otter_Pink to Airtable
INFO 2025-06-23 07:49:02,118 airtable_sync 8320 23660 [SUCCESS] Synced inventory for CSTE_0490_ST_Fruit_Blox_Shadow to Airtable
INFO 2025-06-23 07:49:05,047 airtable_sync 8320 23660 [SUCCESS] Synced inventory for CSTE_0486_ST_Animal_Breathing_Otter_Brown to Airtable
INFO 2025-06-23 07:49:07,685 airtable_sync 8320 23660 [SUCCESS] Synced inventory for CSTE_0060_MB_YouAreMySunshine_Brown to Airtable
INFO 2025-06-23 07:49:10,707 airtable_sync 8320 23660 [SUCCESS] Synced inventory for CSTE_0160_SG_FireGlass_MercuryGreen to Airtable
INFO 2025-06-23 07:49:13,447 airtable_sync 8320 23660 [SUCCESS] Synced inventory for CSTE_0014_MB_HBD_Brown to Airtable
INFO 2025-06-23 07:49:16,419 airtable_sync 8320 23660 [SUCCESS] Synced inventory for CSTE_0060_MB_YouAreMySunshine_Brown to Airtable
INFO 2025-06-23 07:49:19,296 airtable_sync 8320 23660 [SUCCESS] Synced inventory for CSTE_0020_MB_HP_Black to Airtable
INFO 2025-06-23 07:49:21,880 airtable_sync 8320 23660 [SUCCESS] Synced inventory for CSTE_0149_SG_ButterFly_Pink to Airtable
INFO 2025-06-23 07:49:24,595 airtable_sync 8320 23660 [SUCCESS] Synced inventory for CSTE_0014_MB_HBD_Brown to Airtable
INFO 2025-06-23 07:49:27,894 airtable_sync 8320 23660 [SUCCESS] Synced inventory for CSTE_0217_SG_ThugLife_Thin to Airtable
INFO 2025-06-23 07:49:31,436 airtable_sync 8320 23660 [SUCCESS] Synced inventory for CSTE_0015_MB_HBD_Black to Airtable
INFO 2025-06-23 07:49:34,054 airtable_sync 8320 23660 [SUCCESS] Synced inventory for CSTE_0020_MB_HP_Black to Airtable
INFO 2025-06-23 07:49:36,621 airtable_sync 8320 23660 [SUCCESS] Synced inventory for CSTE_0015_MB_HBD_Black to Airtable
INFO 2025-06-23 07:49:39,485 airtable_sync 8320 23660 [SUCCESS] Synced inventory for CSTE_0470_ST_Minecraft_Sword_Small to Airtable
INFO 2025-06-23 07:49:44,096 airtable_sync 8320 23660 [SUCCESS] Synced inventory for CSTE_0292_OT_Dumbledore_wand to Airtable
INFO 2025-06-23 07:49:46,652 airtable_sync 8320 23660 [SUCCESS] Synced inventory for CSTE_0491_ST_Fruit_Blox_Spirit to Airtable
INFO 2025-06-23 07:49:49,260 airtable_sync 8320 23660 [SUCCESS] Synced inventory for CSTE_0490_ST_Fruit_Blox_Shadow to Airtable
INFO 2025-06-23 07:49:51,635 airtable_sync 8320 23660 [SUCCESS] Synced inventory for CSTE_0489_ST_Fruit_Blox_Light to Airtable
INFO 2025-06-23 07:49:54,182 airtable_sync 8320 23660 [SUCCESS] Synced inventory for CSTE_0478_ST_Minecraft_Cow_Brown to Airtable
INFO 2025-06-23 07:49:56,965 airtable_sync 8320 23660 [SUCCESS] Synced inventory for CSTE_0489_ST_Fruit_Blox_Light to Airtable
INFO 2025-06-23 07:49:59,756 airtable_sync 8320 23660 [SUCCESS] Synced inventory for CSTE_0045_MB_LavienRose_Brown to Airtable
INFO 2025-06-23 07:50:02,325 airtable_sync 8320 23660 [SUCCESS] Synced inventory for CSTE_0160_SG_FireGlass_MercuryGreen to Airtable
INFO 2025-06-23 07:50:05,122 airtable_sync 8320 23660 [SUCCESS] Synced inventory for CSTE_0060_MB_YouAreMySunshine_Brown to Airtable
INFO 2025-06-23 07:50:07,889 airtable_sync 8320 23660 [SUCCESS] Synced inventory for CSTE_0017_MB_HP_Brown to Airtable
INFO 2025-06-23 07:50:11,124 airtable_sync 8320 23660 [SUCCESS] Synced inventory for CSTE_0292_OT_Dumbledore_wand to Airtable
INFO 2025-06-23 07:50:16,377 airtable_sync 8320 23660 [SUCCESS] Synced inventory for CSTE_0487_ST_Animal_Breathing_Otter_Blue to Airtable
INFO 2025-06-23 07:50:20,147 airtable_sync 8320 23660 [SUCCESS] Synced inventory for CSTE_0486_ST_Animal_Breathing_Otter_Brown to Airtable
INFO 2025-06-23 07:50:23,592 airtable_sync 8320 23660 [SUCCESS] Synced inventory for CSTE_0015_MB_HBD_Black to Airtable
INFO 2025-06-23 07:50:27,214 airtable_sync 8320 23660 [SUCCESS] Synced inventory for CSTE_0084_MB_Spirated_Black to Airtable
INFO 2025-06-23 07:50:30,582 airtable_sync 8320 23660 [SUCCESS] Synced inventory for CSTE_0491_ST_Fruit_Blox_Spirit to Airtable
INFO 2025-06-23 07:50:33,659 airtable_sync 8320 23660 [SUCCESS] Synced inventory for CSTE_0017_MB_HP_Brown to Airtable
INFO 2025-06-23 07:50:37,417 airtable_sync 8320 23660 [SUCCESS] Synced inventory for CSTE_0036_MB_HBD_White to Airtable
INFO 2025-06-23 07:50:41,867 airtable_sync 8320 23660 [SUCCESS] Synced inventory for CSTE_0014_MB_HBD_Brown to Airtable
INFO 2025-06-23 07:50:47,987 airtable_sync 8320 23660 [SUCCESS] Synced inventory for CSTE_0060_MB_YouAreMySunshine_Brown to Airtable
INFO 2025-06-23 07:50:52,817 airtable_sync 8320 23660 [SUCCESS] Synced inventory for CSTE_0015_MB_HBD_Black to Airtable
INFO 2025-06-23 07:50:57,401 airtable_sync 8320 23660 [SUCCESS] Synced inventory for CSTE_0020_MB_HP_Black to Airtable
INFO 2025-06-23 07:51:04,485 airtable_sync 8320 23660 [SUCCESS] Synced inventory for CSTE_0482_ST_Animal_Kitty_Kuromi_Black to Airtable
INFO 2025-06-23 07:51:07,477 airtable_sync 8320 23660 [SUCCESS] Synced inventory for CSTE_0060_MB_YouAreMySunshine_Brown to Airtable
INFO 2025-06-23 07:51:12,836 airtable_sync 8320 23660 [SUCCESS] Synced inventory for CSTE_0060_MB_YouAreMySunshine_Brown to Airtable
INFO 2025-06-23 07:51:17,946 airtable_sync 8320 23660 [SUCCESS] Synced inventory for CSTE_0489_ST_Fruit_Blox_Light to Airtable
INFO 2025-06-23 07:51:23,029 airtable_sync 8320 23660 [SUCCESS] Synced inventory for CSTE_0490_ST_Fruit_Blox_Shadow to Airtable
INFO 2025-06-23 07:51:29,479 airtable_sync 8320 23660 [SUCCESS] Synced inventory for CSTE_0014_MB_HBD_Brown to Airtable
INFO 2025-06-23 07:51:34,524 airtable_sync 8320 23660 [SUCCESS] Synced inventory for CSTE_0017_MB_HP_Brown to Airtable
INFO 2025-06-23 07:51:38,589 airtable_sync 8320 23660 [SUCCESS] Synced inventory for CSTE_0014_MB_HBD_Brown to Airtable
INFO 2025-06-23 07:51:41,245 airtable_sync 8320 23660 [SUCCESS] Synced inventory for CSTE_0305_MB_Crystle_17Notes_Transparent to Airtable
INFO 2025-06-23 07:51:45,739 airtable_sync 8320 23660 [SUCCESS] Synced inventory for CSTE_0060_MB_YouAreMySunshine_Brown to Airtable
INFO 2025-06-23 07:51:48,625 airtable_sync 8320 23660 [SUCCESS] Synced inventory for CSTE_0240_SG_Wings_Red to Airtable
INFO 2025-06-23 07:51:53,856 airtable_sync 8320 23660 [SUCCESS] Synced inventory for CSTE_0486_ST_Animal_Breathing_Otter_Brown to Airtable
INFO 2025-06-23 07:51:58,974 airtable_sync 8320 23660 [SUCCESS] Synced inventory for CSTE_0020_MB_HP_Black to Airtable
INFO 2025-06-23 07:52:08,404 airtable_sync 8320 23660 [SUCCESS] Synced inventory for CSTE_0020_MB_HP_Black to Airtable
INFO 2025-06-23 07:52:12,243 airtable_sync 8320 23660 [SUCCESS] Synced inventory for CSTE_0060_MB_YouAreMySunshine_Brown to Airtable
INFO 2025-06-23 07:52:16,008 airtable_sync 8320 23660 [SUCCESS] Synced inventory for CSTE_0532_ST_Animal_Breathing_Rabbit_Grey to Airtable
INFO 2025-06-23 07:52:19,238 airtable_sync 8320 23660 [SUCCESS] Synced inventory for CSTE_0487_ST_Animal_Breathing_Otter_Blue to Airtable
INFO 2025-06-23 07:52:22,901 airtable_sync 8320 23660 [SUCCESS] Synced inventory for CSTE_0017_MB_HP_Brown to Airtable
INFO 2025-06-23 07:52:26,145 airtable_sync 8320 23660 [SUCCESS] Synced inventory for CSTE_O0031_OT_StandingElephant_Grey to Airtable
INFO 2025-06-23 07:52:31,544 airtable_sync 8320 23660 [SUCCESS] Synced inventory for CSTE_0419_ST_MineCraft_Creeper to Airtable
INFO 2025-06-23 07:52:34,700 airtable_sync 8320 23660 [SUCCESS] Synced inventory for CSTE_0330_Wands_Harrypotter_Light to Airtable
INFO 2025-06-23 07:52:39,191 airtable_sync 8320 23660 [SUCCESS] Synced inventory for CSTE_0015_MB_HBD_Black to Airtable
INFO 2025-06-23 07:52:43,727 airtable_sync 8320 23660 [SUCCESS] Synced inventory for CSTE_0487_ST_Animal_Breathing_Otter_Blue to Airtable
INFO 2025-06-23 07:52:51,851 airtable_sync 8320 23660 [SUCCESS] Synced inventory for CSTE_0191_MB_MHA2_Brown to Airtable
INFO 2025-06-23 07:52:54,324 airtable_sync 8320 23660 [SUCCESS] Synced inventory for CSTE_0017_MB_HP_Brown to Airtable
INFO 2025-06-23 07:53:04,822 airtable_sync 8320 23660 [SUCCESS] Synced inventory for CSTE_0512_ST_Animal_Cow_Plush to Airtable
INFO 2025-06-23 07:53:07,901 airtable_sync 8320 23660 [SUCCESS] Synced inventory for CSTE_0333_Wands_Dumbledore_Light to Airtable
INFO 2025-06-23 07:53:10,665 airtable_sync 8320 23660 [SUCCESS] Synced inventory for CSTE_0240_SG_Wings_Red to Airtable
INFO 2025-06-23 07:53:17,115 airtable_sync 8320 23660 [SUCCESS] Synced inventory for CSTE_0014_MB_HBD_Brown to Airtable
INFO 2025-06-23 07:53:21,527 airtable_sync 8320 23660 [SUCCESS] Synced inventory for CSTE_O0031_OT_StandingElephant_Grey to Airtable
INFO 2025-06-23 07:53:25,532 airtable_sync 8320 23660 [SUCCESS] Synced inventory for CSTE_O0031_OT_StandingElephant_Grey to Airtable
INFO 2025-06-23 07:53:30,327 airtable_sync 8320 23660 [SUCCESS] Synced inventory for CSTE_O0031_OT_StandingElephant_Grey to Airtable
INFO 2025-06-23 07:53:34,836 airtable_sync 8320 23660 [SUCCESS] Synced inventory for CSTE_0014_MB_HBD_Brown to Airtable
INFO 2025-06-23 07:53:37,491 airtable_sync 8320 23660 [SUCCESS] Synced inventory for CSTE_0292_OT_Dumbledore_wand to Airtable
INFO 2025-06-23 07:53:40,402 airtable_sync 8320 23660 [SUCCESS] Synced inventory for CSTE_0060_MB_YouAreMySunshine_Brown to Airtable
INFO 2025-06-23 07:53:43,533 airtable_sync 8320 23660 [SUCCESS] Synced inventory for CSTE_0036_MB_HBD_White to Airtable
INFO 2025-06-23 07:53:46,578 airtable_sync 8320 23660 [SUCCESS] Synced inventory for CSTE_0060_MB_YouAreMySunshine_Brown to Airtable
INFO 2025-06-23 07:53:50,009 airtable_sync 8320 23660 [SUCCESS] Synced inventory for CSTE_0060_MB_YouAreMySunshine_Brown to Airtable
INFO 2025-06-23 07:53:53,424 airtable_sync 8320 23660 [SUCCESS] Synced inventory for CSTE_O0055_OT_PrincessDigitalWatch_Blue to Airtable
INFO 2025-06-23 07:53:57,576 airtable_sync 8320 23660 [SUCCESS] Synced inventory for CSTE_0543_ST_Animal_Breathing_Strawberry_Rabbit to Airtable
INFO 2025-06-23 07:54:01,663 airtable_sync 8320 23660 [SUCCESS] Synced inventory for CSTE_0476_ST_Minecraft_Zombie_Black to Airtable
INFO 2025-06-23 07:54:07,898 airtable_sync 8320 23660 [SUCCESS] Synced inventory for CSTE_0488_ST_Animal_Breathing_Stitch_Blue to Airtable
INFO 2025-06-23 07:54:11,925 airtable_sync 8320 23660 [SUCCESS] Synced inventory for CSTE_0502_ST_Minecraft_Pickaxe_Foam to Airtable
INFO 2025-06-23 07:54:16,004 airtable_sync 8320 23660 [SUCCESS] Synced inventory for CSTE_0489_ST_Fruit_Blox_Light to Airtable
INFO 2025-06-23 07:54:19,026 airtable_sync 8320 23660 [SUCCESS] Synced inventory for CSTE_0491_ST_Fruit_Blox_Spirit to Airtable
INFO 2025-06-23 07:54:28,086 airtable_sync 8320 23660 [SUCCESS] Synced inventory for CSTE_0486_ST_Animal_Breathing_Otter_Brown to Airtable
INFO 2025-06-23 07:54:34,451 airtable_sync 8320 23660 [SUCCESS] Synced inventory for CSTE_0486_ST_Animal_Breathing_Otter_Brown to Airtable
INFO 2025-06-23 07:54:37,601 airtable_sync 8320 23660 [SUCCESS] Synced inventory for CSTE_0292_OT_Dumbledore_wand to Airtable
INFO 2025-06-23 08:13:07,559 airtable_sync 20680 16948 [SUCCESS]  Airtable connection validated successfully
INFO 2025-06-23 08:50:53,017 airtable_sync 11132 26996 [SUCCESS]  Airtable connection validated successfully
INFO 2025-06-23 08:50:55,666 airtable_sync 13464 1716 [SUCCESS]  Airtable connection validated successfully
INFO 2025-06-23 08:52:12,801 airtable_sync 12248 18556 [SUCCESS]  Airtable connection validated successfully
INFO 2025-06-23 08:52:25,596 airtable_sync 18024 19668 [SUCCESS]  Airtable connection validated successfully
INFO 2025-06-23 08:52:28,402 airtable_sync 24280 22064 [SUCCESS]  Airtable connection validated successfully
INFO 2025-06-23 08:57:46,052 airtable_sync 11488 9700 [SUCCESS]  Airtable connection validated successfully
INFO 2025-06-23 08:59:15,461 airtable_sync 11488 2668 [SUCCESS] Synced inventory for CSTE_0204_MB_MHA12_Brown to Airtable
INFO 2025-06-23 08:59:18,852 airtable_sync 11488 2668 [SUCCESS] Synced inventory for CSTE_0059_MB_YouAreMySunshine_Black to Airtable
INFO 2025-06-23 08:59:24,024 airtable_sync 11488 2668 [SUCCESS] Synced inventory for CSTE_0059_MB_YouAreMySunshine_Black to Airtable
INFO 2025-06-23 08:59:27,508 airtable_sync 11488 2668 [SUCCESS] Synced inventory for CSTE_0017_MB_HP_Brown to Airtable
INFO 2025-06-23 08:59:30,794 airtable_sync 11488 2668 [SUCCESS] Synced inventory for CSTE_0021_MB_Beatles_Black to Airtable
INFO 2025-06-23 08:59:33,967 airtable_sync 11488 2668 [SUCCESS] Synced inventory for CSTE_0044_MB_LaVienRose_Black to Airtable
INFO 2025-06-23 08:59:36,839 airtable_sync 11488 2668 [SUCCESS] Synced inventory for CSTE_0059_MB_YouAreMySunshine_Black to Airtable
INFO 2025-06-23 08:59:39,495 airtable_sync 11488 2668 [SUCCESS] Synced inventory for CSTE_0217_SG_ThugLife_Thin to Airtable
INFO 2025-06-23 08:59:42,388 airtable_sync 11488 2668 [SUCCESS] Synced inventory for CSTE_0240_SG_Wings_Red to Airtable
INFO 2025-06-23 08:59:45,407 airtable_sync 11488 2668 [SUCCESS] Synced inventory for CSTE_O0324_OT_Doll_White to Airtable
INFO 2025-06-23 08:59:48,194 airtable_sync 11488 2668 [SUCCESS] Synced inventory for CSTE_0217_SG_ThugLife_Thin to Airtable
INFO 2025-06-23 09:01:51,703 airtable_sync 11488 21620 [SUCCESS] Synced inventory for CSTE_0204_MB_MHA12_Brown to Airtable
INFO 2025-06-23 09:01:54,902 airtable_sync 11488 21620 [SUCCESS] Synced inventory for CSTE_0059_MB_YouAreMySunshine_Black to Airtable
INFO 2025-06-23 09:01:57,492 airtable_sync 11488 21620 [SUCCESS] Synced inventory for CSTE_0059_MB_YouAreMySunshine_Black to Airtable
INFO 2025-06-23 09:02:00,285 airtable_sync 11488 21620 [SUCCESS] Synced inventory for CSTE_0017_MB_HP_Brown to Airtable
INFO 2025-06-23 09:02:03,064 airtable_sync 11488 21620 [SUCCESS] Synced inventory for CSTE_0021_MB_Beatles_Black to Airtable
INFO 2025-06-23 09:02:05,767 airtable_sync 11488 21620 [SUCCESS] Synced inventory for CSTE_0044_MB_LaVienRose_Black to Airtable
INFO 2025-06-23 09:02:08,491 airtable_sync 11488 21620 [SUCCESS] Synced inventory for CSTE_0059_MB_YouAreMySunshine_Black to Airtable
INFO 2025-06-23 09:02:11,370 airtable_sync 11488 21620 [SUCCESS] Synced inventory for CSTE_0217_SG_ThugLife_Thin to Airtable
INFO 2025-06-23 09:23:29,897 airtable_sync 23576 14548 [SUCCESS]  Airtable connection validated successfully
INFO 2025-06-23 09:23:32,907 airtable_sync 18956 23900 [SUCCESS]  Airtable connection validated successfully
INFO 2025-06-23 09:27:57,586 airtable_sync 18956 8408 [SUCCESS] Synced inventory for CSTE_0204_MB_MHA12_Brown to Airtable
INFO 2025-06-23 09:27:59,777 airtable_sync 18956 8408 [SUCCESS] Synced inventory for CSTE_0059_MB_YouAreMySunshine_Black to Airtable
INFO 2025-06-23 09:28:02,065 airtable_sync 18956 8408 [SUCCESS] Synced inventory for CSTE_0059_MB_YouAreMySunshine_Black to Airtable
INFO 2025-06-23 09:28:04,214 airtable_sync 18956 8408 [SUCCESS] Synced inventory for CSTE_0017_MB_HP_Brown to Airtable
INFO 2025-06-23 09:28:06,396 airtable_sync 18956 8408 [SUCCESS] Synced inventory for CSTE_0021_MB_Beatles_Black to Airtable
INFO 2025-06-23 09:28:08,680 airtable_sync 18956 8408 [SUCCESS] Synced inventory for CSTE_0044_MB_LaVienRose_Black to Airtable
INFO 2025-06-23 09:28:10,921 airtable_sync 18956 8408 [SUCCESS] Synced inventory for CSTE_0059_MB_YouAreMySunshine_Black to Airtable
INFO 2025-06-23 09:28:13,378 airtable_sync 18956 8408 [SUCCESS] Synced inventory for CSTE_0217_SG_ThugLife_Thin to Airtable
INFO 2025-06-23 09:28:15,542 airtable_sync 18956 8408 [SUCCESS] Synced inventory for CSTE_0240_SG_Wings_Red to Airtable
INFO 2025-06-23 09:28:17,681 airtable_sync 18956 8408 [SUCCESS] Synced inventory for CSTE_O0324_OT_Doll_White to Airtable
INFO 2025-06-23 09:28:19,752 airtable_sync 18956 8408 [SUCCESS] Synced inventory for CSTE_0217_SG_ThugLife_Thin to Airtable
INFO 2025-06-23 09:30:41,472 airtable_sync 18956 8184 [SUCCESS] Synced inventory for CSTE_0204_MB_MHA12_Brown to Airtable
INFO 2025-06-23 09:30:43,651 airtable_sync 18956 8184 [SUCCESS] Synced inventory for CSTE_0059_MB_YouAreMySunshine_Black to Airtable
INFO 2025-06-23 09:30:47,758 airtable_sync 18956 8184 [SUCCESS] Synced inventory for CSTE_0059_MB_YouAreMySunshine_Black to Airtable
INFO 2025-06-23 09:30:49,844 airtable_sync 18956 8184 [SUCCESS] Synced inventory for CSTE_0017_MB_HP_Brown to Airtable
INFO 2025-06-23 09:30:51,970 airtable_sync 18956 8184 [SUCCESS] Synced inventory for CSTE_0021_MB_Beatles_Black to Airtable
INFO 2025-06-23 09:30:54,235 airtable_sync 18956 8184 [SUCCESS] Synced inventory for CSTE_0044_MB_LaVienRose_Black to Airtable
INFO 2025-06-23 09:30:56,517 airtable_sync 18956 8184 [SUCCESS] Synced inventory for CSTE_0059_MB_YouAreMySunshine_Black to Airtable
INFO 2025-06-23 09:30:58,873 airtable_sync 18956 8184 [SUCCESS] Synced inventory for CSTE_0217_SG_ThugLife_Thin to Airtable
INFO 2025-06-23 09:31:01,122 airtable_sync 18956 8184 [SUCCESS] Synced inventory for CSTE_0240_SG_Wings_Red to Airtable
INFO 2025-06-23 09:31:03,384 airtable_sync 18956 8184 [SUCCESS] Synced inventory for CSTE_O0324_OT_Doll_White to Airtable
INFO 2025-06-23 09:31:07,285 airtable_sync 18956 8184 [SUCCESS] Synced inventory for CSTE_0217_SG_ThugLife_Thin to Airtable
INFO 2025-06-23 09:33:36,637 airtable_sync 6204 8552 [SUCCESS]  Airtable connection validated successfully
INFO 2025-06-23 09:33:54,366 airtable_sync 11912 23736 [SUCCESS]  Airtable connection validated successfully
INFO 2025-06-23 09:42:46,480 airtable_sync 7524 26072 [SUCCESS]  Airtable connection validated successfully
INFO 2025-06-23 09:43:18,958 airtable_sync 11844 23484 [SUCCESS]  Airtable connection validated successfully
INFO 2025-06-23 09:43:32,510 airtable_sync 13524 14068 [SUCCESS]  Airtable connection validated successfully
INFO 2025-06-23 09:43:45,257 airtable_sync 24064 25964 [SUCCESS]  Airtable connection validated successfully
INFO 2025-06-23 09:44:44,254 airtable_sync 24064 2864 [SUCCESS] Synced inventory for CSTE_0204_MB_MHA12_Brown to Airtable
INFO 2025-06-23 09:44:46,590 airtable_sync 24064 2864 [SUCCESS] Synced inventory for CSTE_0059_MB_YouAreMySunshine_Black to Airtable
INFO 2025-06-23 09:44:48,766 airtable_sync 24064 2864 [SUCCESS] Synced inventory for CSTE_0059_MB_YouAreMySunshine_Black to Airtable
INFO 2025-06-23 09:44:51,507 airtable_sync 24064 2864 [SUCCESS] Synced inventory for CSTE_0017_MB_HP_Brown to Airtable
INFO 2025-06-23 09:44:53,609 airtable_sync 24064 2864 [SUCCESS] Synced inventory for CSTE_0021_MB_Beatles_Black to Airtable
INFO 2025-06-23 09:44:55,680 airtable_sync 24064 2864 [SUCCESS] Synced inventory for CSTE_0044_MB_LaVienRose_Black to Airtable
INFO 2025-06-23 09:44:57,825 airtable_sync 24064 2864 [SUCCESS] Synced inventory for CSTE_0059_MB_YouAreMySunshine_Black to Airtable
INFO 2025-06-23 09:45:00,276 airtable_sync 24064 2864 [SUCCESS] Synced inventory for CSTE_0217_SG_ThugLife_Thin to Airtable
INFO 2025-06-23 09:45:02,508 airtable_sync 24064 2864 [SUCCESS] Synced inventory for CSTE_0240_SG_Wings_Red to Airtable
INFO 2025-06-23 09:45:04,655 airtable_sync 24064 2864 [SUCCESS] Synced inventory for CSTE_O0324_OT_Doll_White to Airtable
INFO 2025-06-23 09:45:06,936 airtable_sync 24064 2864 [SUCCESS] Synced inventory for CSTE_0217_SG_ThugLife_Thin to Airtable
INFO 2025-06-23 09:55:22,750 airtable_sync 20912 8736 [SUCCESS]  Airtable connection validated successfully
INFO 2025-06-23 09:55:24,460 airtable_sync 676 27628 [SUCCESS]  Airtable connection validated successfully
INFO 2025-06-23 09:56:11,728 airtable_sync 676 12028 [SUCCESS] Synced inventory for CSTE_0204_MB_MHA12_Brown to Airtable
INFO 2025-06-23 09:56:16,402 airtable_sync 676 12028 [SUCCESS] Synced inventory for CSTE_0059_MB_YouAreMySunshine_Black to Airtable
INFO 2025-06-23 09:56:18,714 airtable_sync 676 12028 [SUCCESS] Synced inventory for CSTE_0059_MB_YouAreMySunshine_Black to Airtable
INFO 2025-06-23 09:56:24,333 airtable_sync 676 12028 [SUCCESS] Synced inventory for CSTE_0017_MB_HP_Brown to Airtable
INFO 2025-06-23 09:56:29,716 airtable_sync 676 12028 [SUCCESS] Synced inventory for CSTE_0021_MB_Beatles_Black to Airtable
INFO 2025-06-23 09:56:32,025 airtable_sync 676 12028 [SUCCESS] Synced inventory for CSTE_0044_MB_LaVienRose_Black to Airtable
INFO 2025-06-23 09:56:34,133 airtable_sync 676 12028 [SUCCESS] Synced inventory for CSTE_0059_MB_YouAreMySunshine_Black to Airtable
INFO 2025-06-23 09:56:36,255 airtable_sync 676 12028 [SUCCESS] Synced inventory for CSTE_0217_SG_ThugLife_Thin to Airtable
INFO 2025-06-23 09:56:38,349 airtable_sync 676 12028 [SUCCESS] Synced inventory for CSTE_0240_SG_Wings_Red to Airtable
INFO 2025-06-23 09:56:40,399 airtable_sync 676 12028 [SUCCESS] Synced inventory for CSTE_O0324_OT_Doll_White to Airtable
INFO 2025-06-23 09:56:42,562 airtable_sync 676 12028 [SUCCESS] Synced inventory for CSTE_0217_SG_ThugLife_Thin to Airtable
INFO 2025-06-23 10:08:40,971 airtable_sync 27004 4320 [SUCCESS]  Airtable connection validated successfully
INFO 2025-06-23 10:09:23,592 airtable_sync 27004 20004 [SUCCESS] Synced inventory for CSTE_O0446_OT_Glue_Sand_Rubber_Pig to Airtable
INFO 2025-06-23 10:09:29,649 airtable_sync 27004 20004 [SUCCESS] Synced inventory for CSTE_0541_ST_Animal_Breathing_Fox to Airtable
INFO 2025-06-23 10:09:31,927 airtable_sync 27004 20004 [SUCCESS] Synced inventory for CSTE_O0442_OT_Squeeze_White to Airtable
INFO 2025-06-23 10:09:34,768 airtable_sync 27004 20004 [SUCCESS] Synced inventory for CSTE_O0443_OT_Squeeze_Yellow to Airtable
INFO 2025-06-23 10:09:39,279 airtable_sync 27004 20004 [SUCCESS] Synced inventory for CSTE_O0443_OT_Squeeze_Yellow to Airtable
INFO 2025-06-23 10:09:41,609 airtable_sync 27004 20004 [SUCCESS] Synced inventory for CSTE_O0444_OT_Squeeze_Purple to Airtable
INFO 2025-06-23 10:09:45,799 airtable_sync 27004 20004 [SUCCESS] Synced inventory for CSTE_0226_SG_Square/Big_Black to Airtable
INFO 2025-06-23 10:09:47,904 airtable_sync 27004 20004 [SUCCESS] Synced inventory for CSTE_0502_ST_Minecraft_Pickaxe_Foam to Airtable
INFO 2025-06-23 10:09:50,018 airtable_sync 27004 20004 [SUCCESS] Synced inventory for CSTE_0502_ST_Minecraft_Pickaxe_Foam to Airtable
INFO 2025-06-23 10:09:52,057 airtable_sync 27004 20004 [SUCCESS] Synced inventory for CSTE_0491_ST_Fruit_Blox_Spirit to Airtable
INFO 2025-06-23 10:09:54,175 airtable_sync 27004 20004 [SUCCESS] Synced inventory for CSTE_0490_ST_Fruit_Blox_Shadow to Airtable
INFO 2025-06-23 10:09:56,331 airtable_sync 27004 20004 [SUCCESS] Synced inventory for CSTE_0330_Wands_Harrypotter_Light to Airtable
INFO 2025-06-23 10:09:58,424 airtable_sync 27004 20004 [SUCCESS] Synced inventory for CSTE_0333_Wands_Dumbledore_Light to Airtable
INFO 2025-06-23 10:10:00,492 airtable_sync 27004 20004 [SUCCESS] Synced inventory for CSTE_0333_Wands_Dumbledore_Light to Airtable
INFO 2025-06-23 10:10:02,551 airtable_sync 27004 20004 [SUCCESS] Synced inventory for CSTE_0333_Wands_Dumbledore_Light to Airtable
INFO 2025-06-23 10:10:04,719 airtable_sync 27004 20004 [SUCCESS] Synced inventory for CSTE_0293_OT_Voldemort_wand to Airtable
INFO 2025-06-23 10:10:06,741 airtable_sync 27004 20004 [SUCCESS] Synced inventory for CSTE_0291_OT_Hermoine_wand to Airtable
INFO 2025-06-23 10:10:08,813 airtable_sync 27004 20004 [SUCCESS] Synced inventory for CSTE_0291_OT_Hermoine_wand to Airtable
INFO 2025-06-23 10:10:11,271 airtable_sync 27004 20004 [SUCCESS] Synced inventory for CSTE_0291_OT_Hermoine_wand to Airtable
INFO 2025-06-23 10:10:13,496 airtable_sync 27004 20004 [SUCCESS] Synced inventory for CSTE_0295_OT_Snape_wand to Airtable
INFO 2025-06-23 10:10:15,676 airtable_sync 27004 20004 [SUCCESS] Synced inventory for CSTE_O0446_OT_Glue_Sand_Rubber_Pig to Airtable
INFO 2025-06-23 10:10:17,812 airtable_sync 27004 20004 [SUCCESS] Synced inventory for CSTE_0541_ST_Animal_Breathing_Fox to Airtable
INFO 2025-06-23 10:10:20,055 airtable_sync 27004 20004 [SUCCESS] Synced inventory for CSTE_O0444_OT_Squeeze_Purple to Airtable
INFO 2025-06-23 10:10:22,149 airtable_sync 27004 20004 [SUCCESS] Synced inventory for CSTE_0502_ST_Minecraft_Pickaxe_Foam to Airtable
INFO 2025-06-23 10:10:24,251 airtable_sync 27004 20004 [SUCCESS] Synced inventory for CSTE_0502_ST_Minecraft_Pickaxe_Foam to Airtable
INFO 2025-06-23 10:10:26,725 airtable_sync 27004 20004 [SUCCESS] Synced inventory for CSTE_0502_ST_Minecraft_Pickaxe_Foam to Airtable
INFO 2025-06-23 10:10:28,986 airtable_sync 27004 20004 [SUCCESS] Synced inventory for CSTE_0491_ST_Fruit_Blox_Spirit to Airtable
INFO 2025-06-23 10:10:31,592 airtable_sync 27004 20004 [SUCCESS] Synced inventory for CSTE_0491_ST_Fruit_Blox_Spirit to Airtable
INFO 2025-06-23 10:10:33,663 airtable_sync 27004 20004 [SUCCESS] Synced inventory for CSTE_0490_ST_Fruit_Blox_Shadow to Airtable
INFO 2025-06-23 10:10:35,746 airtable_sync 27004 20004 [SUCCESS] Synced inventory for CSTE_0490_ST_Fruit_Blox_Shadow to Airtable
INFO 2025-06-23 10:10:37,941 airtable_sync 27004 20004 [SUCCESS] Synced inventory for CSTE_0490_ST_Fruit_Blox_Shadow to Airtable
INFO 2025-06-23 10:10:40,668 airtable_sync 27004 20004 [SUCCESS] Synced inventory for CSTE_0490_ST_Fruit_Blox_Shadow to Airtable
INFO 2025-06-23 10:10:44,013 airtable_sync 27004 20004 [SUCCESS] Synced inventory for CSTE_0490_ST_Fruit_Blox_Shadow to Airtable
INFO 2025-06-23 10:10:46,806 airtable_sync 27004 20004 [SUCCESS] Synced inventory for CSTE_0480_ST_Minecraft_TNT_Block to Airtable
INFO 2025-06-23 10:10:49,224 airtable_sync 27004 20004 [SUCCESS] Synced inventory for CSTE_0485_ST_Animal_Kawaii_Penguin to Airtable
INFO 2025-06-23 10:10:51,422 airtable_sync 27004 20004 [SUCCESS] Synced inventory for CSTE_0477_ST_Minecraft_Spider_Blue to Airtable
INFO 2025-06-23 10:10:53,566 airtable_sync 27004 20004 [SUCCESS] Synced inventory for CSTE_0478_ST_Minecraft_Cow_Brown to Airtable
INFO 2025-06-23 10:10:55,901 airtable_sync 27004 20004 [SUCCESS] Synced inventory for CSTE_0330_Wands_Harrypotter_Light to Airtable
INFO 2025-06-23 10:10:58,507 airtable_sync 27004 20004 [SUCCESS] Synced inventory for CSTE_0330_Wands_Harrypotter_Light to Airtable
INFO 2025-06-23 10:11:00,921 airtable_sync 27004 20004 [SUCCESS] Synced inventory for CSTE_0322_ST_Axolotl_Blue to Airtable
INFO 2025-06-23 10:11:03,304 airtable_sync 27004 20004 [SUCCESS] Synced inventory for CSTE_0306_MB_Sabrina_8Notes_Brown to Airtable
INFO 2025-06-23 10:11:05,513 airtable_sync 27004 20004 [SUCCESS] Synced inventory for CSTE_0291_OT_Hermoine_wand to Airtable
INFO 2025-06-23 10:11:07,602 airtable_sync 27004 20004 [SUCCESS] Synced inventory for CSTE_0291_OT_Hermoine_wand to Airtable
INFO 2025-06-23 10:11:09,764 airtable_sync 27004 20004 [SUCCESS] Synced inventory for CSTE_0295_OT_Snape_wand to Airtable
INFO 2025-06-23 10:11:11,828 airtable_sync 27004 20004 [SUCCESS] Synced inventory for CSTE_0295_OT_Snape_wand to Airtable
INFO 2025-06-23 10:11:13,979 airtable_sync 27004 20004 [SUCCESS] Synced inventory for CSTE_0490_ST_Fruit_Blox_Shadow to Airtable
INFO 2025-06-23 10:11:16,008 airtable_sync 27004 20004 [SUCCESS] Synced inventory for CSTE_0489_ST_Fruit_Blox_Light to Airtable
INFO 2025-06-23 10:11:18,143 airtable_sync 27004 20004 [SUCCESS] Synced inventory for CSTE_0489_ST_Fruit_Blox_Light to Airtable
INFO 2025-06-23 10:11:23,047 airtable_sync 27004 20004 [SUCCESS] Synced inventory for CSTE_0489_ST_Fruit_Blox_Light to Airtable
INFO 2025-06-23 10:11:26,154 airtable_sync 27004 20004 [SUCCESS] Synced inventory for CSTE_0482_ST_Animal_Kitty_Kuromi_Black to Airtable
INFO 2025-06-23 10:11:28,391 airtable_sync 27004 20004 [SUCCESS] Synced inventory for CSTE_O0395_OT_SG_Case_BunnyPink to Airtable
INFO 2025-06-23 10:11:30,447 airtable_sync 27004 20004 [SUCCESS] Synced inventory for CSTE_0330_Wands_Harrypotter_Light to Airtable
INFO 2025-06-23 10:11:32,455 airtable_sync 27004 20004 [SUCCESS] Synced inventory for CSTE_0333_Wands_Dumbledore_Light to Airtable
INFO 2025-06-23 10:11:34,630 airtable_sync 27004 20004 [SUCCESS] Synced inventory for CSTE_0333_Wands_Dumbledore_Light to Airtable
INFO 2025-06-23 10:11:36,703 airtable_sync 27004 20004 [SUCCESS] Synced inventory for CSTE_0251_SG_ButterFly_LightgreenPink to Airtable
INFO 2025-06-23 10:11:38,702 airtable_sync 27004 20004 [SUCCESS] Synced inventory for CSTE_0322_ST_Axolotl_Blue to Airtable
INFO 2025-06-23 10:11:40,981 airtable_sync 27004 20004 [SUCCESS] Synced inventory for CSTE_0291_OT_Hermoine_wand to Airtable
INFO 2025-06-23 10:11:43,052 airtable_sync 27004 20004 [SUCCESS] Synced inventory for CSTE_0291_OT_Hermoine_wand to Airtable
INFO 2025-06-23 10:11:45,605 airtable_sync 27004 20004 [SUCCESS] Synced inventory for CSTE_0295_OT_Snape_wand to Airtable
INFO 2025-06-23 10:11:48,545 airtable_sync 27004 20004 [SUCCESS] Synced inventory for CSTE_0544_ST_Animal_Breathing_Sloth_Grey to Airtable
INFO 2025-06-23 10:11:52,432 airtable_sync 27004 20004 [SUCCESS] Synced inventory for CSTE_0490_ST_Fruit_Blox_Shadow to Airtable
INFO 2025-06-23 10:11:54,547 airtable_sync 27004 20004 [SUCCESS] Synced inventory for CSTE_0489_ST_Fruit_Blox_Light to Airtable
INFO 2025-06-23 10:11:56,717 airtable_sync 27004 20004 [SUCCESS] Synced inventory for CSTE_0482_ST_Animal_Kitty_Kuromi_Black to Airtable
INFO 2025-06-23 10:11:58,947 airtable_sync 27004 20004 [SUCCESS] Synced inventory for CSTE_O0395_OT_SG_Case_BunnyPink to Airtable
INFO 2025-06-23 10:12:01,122 airtable_sync 27004 20004 [SUCCESS] Synced inventory for CSTE_0330_Wands_Harrypotter_Light to Airtable
INFO 2025-06-23 10:12:03,488 airtable_sync 27004 20004 [SUCCESS] Synced inventory for CSTE_0330_Wands_Harrypotter_Light to Airtable
INFO 2025-06-23 10:12:05,644 airtable_sync 27004 20004 [SUCCESS] Synced inventory for CSTE_O0446_OT_Glue_Sand_Rubber_Pig to Airtable
INFO 2025-06-23 10:12:08,476 airtable_sync 27004 20004 [SUCCESS] Synced inventory for CSTE_O0445_OT_Glue_Sand_Rubber_Monkey to Airtable
INFO 2025-06-23 10:12:10,679 airtable_sync 27004 20004 [SUCCESS] Synced inventory for CSTE_0502_ST_Minecraft_Pickaxe_Foam to Airtable
INFO 2025-06-23 10:12:12,746 airtable_sync 27004 20004 [SUCCESS] Synced inventory for CSTE_0502_ST_Minecraft_Pickaxe_Foam to Airtable
INFO 2025-06-23 10:12:14,919 airtable_sync 27004 20004 [SUCCESS] Synced inventory for CSTE_0491_ST_Fruit_Blox_Spirit to Airtable
INFO 2025-06-23 10:12:17,886 airtable_sync 27004 20004 [SUCCESS] Synced inventory for CSTE_0490_ST_Fruit_Blox_Shadow to Airtable
INFO 2025-06-23 10:12:20,174 airtable_sync 27004 20004 [SUCCESS] Synced inventory for CSTE_0490_ST_Fruit_Blox_Shadow to Airtable
INFO 2025-06-23 10:12:22,324 airtable_sync 27004 20004 [SUCCESS] Synced inventory for CSTE_0489_ST_Fruit_Blox_Light to Airtable
INFO 2025-06-23 10:12:25,927 airtable_sync 27004 20004 [SUCCESS] Synced inventory for CSTE_0489_ST_Fruit_Blox_Light to Airtable
INFO 2025-06-23 10:12:28,119 airtable_sync 27004 20004 [SUCCESS] Synced inventory for CSTE_0489_ST_Fruit_Blox_Light to Airtable
INFO 2025-06-23 10:12:32,105 airtable_sync 27004 20004 [SUCCESS] Synced inventory for CSTE_0489_ST_Fruit_Blox_Light to Airtable
INFO 2025-06-23 10:12:34,115 airtable_sync 27004 20004 [SUCCESS] Synced inventory for CSTE_0482_ST_Animal_Kitty_Kuromi_Black to Airtable
INFO 2025-06-23 10:12:36,217 airtable_sync 27004 20004 [SUCCESS] Synced inventory for CSTE_0482_ST_Animal_Kitty_Kuromi_Black to Airtable
INFO 2025-06-23 10:12:38,316 airtable_sync 27004 20004 [SUCCESS] Synced inventory for CSTE_0519_ST_Animal_Sitting_Duck_Flower to Airtable
INFO 2025-06-23 10:12:40,565 airtable_sync 27004 20004 [SUCCESS] Synced inventory for CSTE_0330_Wands_Harrypotter_Light to Airtable
INFO 2025-06-23 10:12:42,861 airtable_sync 27004 20004 [SUCCESS] Synced inventory for CSTE_0333_Wands_Dumbledore_Light to Airtable
INFO 2025-06-23 10:12:45,090 airtable_sync 27004 20004 [SUCCESS] Synced inventory for CSTE_0301_MB_Mahogany_21Notes_Brown to Airtable
INFO 2025-06-23 10:12:47,292 airtable_sync 27004 20004 [SUCCESS] Synced inventory for CSTE_0293_OT_Voldemort_wand to Airtable
INFO 2025-06-23 10:12:49,474 airtable_sync 27004 20004 [SUCCESS] Synced inventory for CSTE_0295_OT_Snape_wand to Airtable
INFO 2025-06-23 10:12:51,650 airtable_sync 27004 20004 [SUCCESS] Synced inventory for CSTE_0295_OT_Snape_wand to Airtable
INFO 2025-06-23 10:12:54,002 airtable_sync 27004 20004 [SUCCESS] Synced inventory for CSTE_0213_SG_ButterFly_Black to Airtable
INFO 2025-06-23 10:12:56,710 airtable_sync 27004 20004 [SUCCESS] Synced inventory for CSTE_0491_ST_Fruit_Blox_Spirit to Airtable
INFO 2025-06-23 10:12:58,889 airtable_sync 27004 20004 [SUCCESS] Synced inventory for CSTE_0491_ST_Fruit_Blox_Spirit to Airtable
INFO 2025-06-23 10:13:00,950 airtable_sync 27004 20004 [SUCCESS] Synced inventory for CSTE_0491_ST_Fruit_Blox_Spirit to Airtable
INFO 2025-06-23 10:13:03,022 airtable_sync 27004 20004 [SUCCESS] Synced inventory for CSTE_0490_ST_Fruit_Blox_Shadow to Airtable
INFO 2025-06-23 10:13:05,381 airtable_sync 27004 20004 [SUCCESS] Synced inventory for CSTE_0490_ST_Fruit_Blox_Shadow to Airtable
INFO 2025-06-23 10:13:11,333 airtable_sync 27004 20004 [SUCCESS] Synced inventory for CSTE_0490_ST_Fruit_Blox_Shadow to Airtable
INFO 2025-06-23 10:13:13,369 airtable_sync 27004 20004 [SUCCESS] Synced inventory for CSTE_0490_ST_Fruit_Blox_Shadow to Airtable
INFO 2025-06-23 10:13:16,171 airtable_sync 27004 20004 [SUCCESS] Synced inventory for CSTE_0330_Wands_Harrypotter_Light to Airtable
INFO 2025-06-23 10:13:22,822 airtable_sync 27004 20004 [SUCCESS] Synced inventory for CSTE_0333_Wands_Dumbledore_Light to Airtable
INFO 2025-06-23 10:13:26,731 airtable_sync 27004 20004 [SUCCESS] Synced inventory for CSTE_0333_Wands_Dumbledore_Light to Airtable
INFO 2025-06-23 10:13:29,578 airtable_sync 27004 20004 [SUCCESS] Synced inventory for CSTE_0251_SG_ButterFly_LightgreenPink to Airtable
INFO 2025-06-23 10:13:31,798 airtable_sync 27004 20004 [SUCCESS] Synced inventory for CSTE_0322_ST_Axolotl_Blue to Airtable
INFO 2025-06-23 10:13:35,668 airtable_sync 27004 20004 [SUCCESS] Synced inventory for CSTE_0291_OT_Hermoine_wand to Airtable
INFO 2025-06-23 10:13:37,758 airtable_sync 27004 20004 [SUCCESS] Synced inventory for CSTE_0213_SG_ButterFly_Black to Airtable
INFO 2025-06-23 10:13:40,043 airtable_sync 27004 20004 [SUCCESS] Synced inventory for CSTE_0322_ST_Axolotl_Blue to Airtable
INFO 2025-06-23 10:13:49,119 airtable_sync 22540 10880 [SUCCESS]  Airtable connection validated successfully
INFO 2025-06-23 10:19:35,756 airtable_sync 9220 11704 [SUCCESS]  Airtable connection validated successfully
INFO 2025-06-23 10:19:59,744 airtable_sync 20340 9480 [SUCCESS]  Airtable connection validated successfully
INFO 2025-06-23 10:20:54,686 airtable_sync 19436 24592 [SUCCESS]  Airtable connection validated successfully
INFO 2025-06-23 12:01:14,801 airtable_sync 12248 17956 [SUCCESS]  Airtable connection validated successfully
INFO 2025-06-23 12:01:16,639 airtable_sync 10316 2852 [SUCCESS]  Airtable connection validated successfully
INFO 2025-06-23 12:03:26,604 airtable_sync 1224 8444 [SUCCESS]  Airtable connection validated successfully
INFO 2025-06-23 12:03:40,384 airtable_sync 4944 3612 [SUCCESS]  Airtable connection validated successfully
INFO 2025-06-23 12:07:38,841 airtable_sync 5572 14880 [SUCCESS]  Airtable connection validated successfully
INFO 2025-06-23 12:12:43,999 airtable_sync 15216 23524 [SUCCESS]  Airtable connection validated successfully
INFO 2025-06-23 12:13:52,488 airtable_sync 15216 2524 [SUCCESS] Synced inventory for CSTE_0199_MB_MHA8_Brown to Airtable
INFO 2025-06-23 12:13:55,145 airtable_sync 15216 2524 [SUCCESS] Synced inventory for CSTE_0045_MB_LavienRose_Brown to Airtable
INFO 2025-06-23 12:13:57,642 airtable_sync 15216 2524 [SUCCESS] Synced inventory for CSTE_0148_SG_ButterFly_RedGreen to Airtable
INFO 2025-06-23 12:14:00,478 airtable_sync 15216 2524 [SUCCESS] Synced inventory for CSTE_0148_SG_ButterFly_RedGreen to Airtable
INFO 2025-06-23 12:14:03,093 airtable_sync 15216 2524 [SUCCESS] Synced inventory for CSTE_0060_MB_YouAreMySunshine_Brown to Airtable
INFO 2025-06-23 12:14:05,676 airtable_sync 15216 2524 [SUCCESS] Synced inventory for CSTE_0017_MB_HP_Brown to Airtable
INFO 2025-06-23 12:14:08,237 airtable_sync 15216 2524 [SUCCESS] Synced inventory for CSTE_0148_SG_ButterFly_RedGreen to Airtable
INFO 2025-06-23 12:14:10,795 airtable_sync 15216 2524 [SUCCESS] Synced inventory for CSTE_0015_MB_HBD_Black to Airtable
INFO 2025-06-23 12:14:13,162 airtable_sync 15216 2524 [SUCCESS] Synced inventory for CSTE_0017_MB_HP_Brown to Airtable
INFO 2025-06-23 12:14:15,257 airtable_sync 15216 2524 [SUCCESS] Synced inventory for CSTE_0044_MB_LaVienRose_Black to Airtable
INFO 2025-06-23 12:14:17,443 airtable_sync 15216 2524 [SUCCESS] Synced inventory for CSTE_0148_SG_ButterFly_RedGreen to Airtable
INFO 2025-06-23 12:14:19,640 airtable_sync 15216 2524 [SUCCESS] Synced inventory for CSTE_0240_SG_Wings_Red to Airtable
INFO 2025-06-23 12:14:21,804 airtable_sync 15216 2524 [SUCCESS] Synced inventory for CSTE_0017_MB_HP_Brown to Airtable
INFO 2025-06-23 12:14:23,954 airtable_sync 15216 2524 [SUCCESS] Synced inventory for CSTE_0148_SG_ButterFly_RedGreen to Airtable
INFO 2025-06-23 12:14:26,118 airtable_sync 15216 2524 [SUCCESS] Synced inventory for CSTE_0200_MB_MHLasaCasaDePapel_Brown to Airtable
INFO 2025-06-23 12:14:28,315 airtable_sync 15216 2524 [SUCCESS] Synced inventory for CSTE_0199_MB_MHA8_Brown to Airtable
INFO 2025-06-23 12:14:30,739 airtable_sync 15216 2524 [SUCCESS] Synced inventory for CSTE_0148_SG_ButterFly_RedGreen to Airtable
INFO 2025-06-23 12:14:33,860 airtable_sync 15216 2524 [SUCCESS] Synced inventory for CSTE_0330_Wands_Harrypotter_Light to Airtable
INFO 2025-06-23 12:14:36,032 airtable_sync 15216 2524 [SUCCESS] Synced inventory for CSTE_0017_MB_HP_Brown to Airtable
INFO 2025-06-23 12:14:38,494 airtable_sync 15216 2524 [SUCCESS] Synced inventory for CSTE_0017_MB_HP_Brown to Airtable
INFO 2025-06-23 12:14:40,797 airtable_sync 15216 2524 [SUCCESS] Synced inventory for CSTE_0045_MB_LavienRose_Brown to Airtable
INFO 2025-06-23 12:14:43,019 airtable_sync 15216 2524 [SUCCESS] Synced inventory for CSTE_0148_SG_ButterFly_RedGreen to Airtable
INFO 2025-06-23 12:14:45,939 airtable_sync 15216 2524 [SUCCESS] Synced inventory for CSTE_0059_MB_YouAreMySunshine_Black to Airtable
INFO 2025-06-23 12:14:48,758 airtable_sync 15216 2524 [SUCCESS] Synced inventory for CSTE_0045_MB_LavienRose_Brown to Airtable
INFO 2025-06-23 12:14:53,316 airtable_sync 15216 2524 [SUCCESS] Synced inventory for CSTE_0148_SG_ButterFly_RedGreen to Airtable
INFO 2025-06-23 12:14:59,394 airtable_sync 15216 2524 [SUCCESS] Synced inventory for CSTE_0148_SG_ButterFly_RedGreen to Airtable
INFO 2025-06-23 12:15:01,598 airtable_sync 15216 2524 [SUCCESS] Synced inventory for CSTE_0017_MB_HP_Brown to Airtable
INFO 2025-06-23 12:15:03,847 airtable_sync 15216 2524 [SUCCESS] Synced inventory for CSTE_0359_Wands_Hermoine_light_SG to Airtable
INFO 2025-06-23 12:15:06,177 airtable_sync 15216 2524 [SUCCESS] Synced inventory for CSTE_0434_ST_Pokemon_Bulbasour_Green to Airtable
INFO 2025-06-23 12:15:08,374 airtable_sync 15216 2524 [SUCCESS] Synced inventory for CSTE_0017_MB_HP_Brown to Airtable
INFO 2025-06-23 12:15:10,648 airtable_sync 15216 2524 [SUCCESS] Synced inventory for CSTE_0199_MB_MHA8_Brown to Airtable
INFO 2025-06-23 12:15:12,985 airtable_sync 15216 2524 [SUCCESS] Synced inventory for CSTE_O0390_OT_Toiletry_Bottles to Airtable
INFO 2025-06-23 12:15:15,112 airtable_sync 15216 2524 [SUCCESS] Synced inventory for CSTE_0060_MB_YouAreMySunshine_Brown to Airtable
INFO 2025-06-23 12:15:18,310 airtable_sync 15216 2524 [SUCCESS] Synced inventory for CSTE_0157_SG_FireGlass_Green to Airtable
INFO 2025-06-23 12:15:21,557 airtable_sync 15216 2524 [SUCCESS] Synced inventory for CSTE_O0390_OT_Toiletry_Bottles to Airtable
INFO 2025-06-23 12:15:25,753 airtable_sync 15216 2524 [SUCCESS] Synced inventory for CSTE_0320_ST_StrawberryRed to Airtable
INFO 2025-06-23 12:15:28,516 airtable_sync 15216 2524 [SUCCESS] Synced inventory for CSTE_0045_MB_LavienRose_Brown to Airtable
INFO 2025-06-23 12:15:32,012 airtable_sync 15216 2524 [SUCCESS] Synced inventory for CSTE_0017_MB_HP_Brown to Airtable
INFO 2025-06-23 12:15:34,686 airtable_sync 15216 2524 [SUCCESS] Synced inventory for CSTE_0430_Org_Compression_Kit_Blue to Airtable
INFO 2025-06-23 12:15:37,259 airtable_sync 15216 2524 [SUCCESS] Synced inventory for CSTE_0015_MB_HBD_Black to Airtable
INFO 2025-06-23 12:15:39,761 airtable_sync 15216 2524 [SUCCESS] Synced inventory for CSTE_0017_MB_HP_Brown to Airtable
INFO 2025-06-23 12:15:42,357 airtable_sync 15216 2524 [SUCCESS] Synced inventory for CSTE_0045_MB_LavienRose_Brown to Airtable
INFO 2025-06-23 12:15:44,572 airtable_sync 15216 2524 [SUCCESS] Synced inventory for CSTE_0436_MB_Kalimba_8Notes_Heartshape to Airtable
INFO 2025-06-23 12:15:46,752 airtable_sync 15216 2524 [SUCCESS] Synced inventory for CSTE_0017_MB_HP_Brown to Airtable
INFO 2025-06-23 12:15:49,368 airtable_sync 15216 2524 [SUCCESS] Synced inventory for CSTE_0148_SG_ButterFly_RedGreen to Airtable
INFO 2025-06-23 12:15:51,913 airtable_sync 15216 2524 [SUCCESS] Synced inventory for CSTE_0017_MB_HP_Brown to Airtable
INFO 2025-06-23 12:15:54,740 airtable_sync 15216 2524 [SUCCESS] Synced inventory for CSTE_0484_ST_Animal_Kaonashi_Ghost_Black to Airtable
INFO 2025-06-23 12:15:57,027 airtable_sync 15216 2524 [SUCCESS] Synced inventory for CSTE_0397_Organizer_StorageBox_Blue to Airtable
INFO 2025-06-23 12:19:37,499 airtable_sync 17416 9692 [SUCCESS]  Airtable connection validated successfully
INFO 2025-06-23 12:24:11,740 airtable_sync 12224 8484 [SUCCESS]  Airtable connection validated successfully
INFO 2025-06-23 12:24:28,825 airtable_sync 24220 15764 [SUCCESS]  Airtable connection validated successfully
INFO 2025-06-23 12:24:39,078 airtable_sync 10188 17660 [SUCCESS]  Airtable connection validated successfully
INFO 2025-06-23 12:25:44,826 airtable_sync 10188 13104 [SUCCESS] Synced inventory for CSTE_0020_MB_HP_Black to Airtable
INFO 2025-06-23 12:25:47,271 airtable_sync 10188 13104 [SUCCESS] Synced inventory for CSTE_0442_CLT_AF_Goku_Big to Airtable
INFO 2025-06-23 12:25:49,909 airtable_sync 10188 13104 [SUCCESS] Synced inventory for CSTE_O0390_OT_Toiletry_Bottles to Airtable
INFO 2025-06-23 12:25:52,278 airtable_sync 10188 13104 [SUCCESS] Synced inventory for CSTE_O0390_OT_Toiletry_Bottles to Airtable
INFO 2025-06-23 12:25:54,740 airtable_sync 10188 13104 [SUCCESS] Synced inventory for CSTE_0020_MB_HP_Black to Airtable
INFO 2025-06-23 12:26:03,781 airtable_sync 10188 13104 [SUCCESS] Synced inventory for CSTE_0490_ST_Fruit_Blox_Shadow to Airtable
INFO 2025-06-23 12:26:11,394 airtable_sync 10188 13104 [SUCCESS] Synced inventory for CSTE_O0390_OT_Toiletry_Bottles to Airtable
INFO 2025-06-23 12:26:14,270 airtable_sync 10188 13104 [SUCCESS] Synced inventory for CSTE_O0390_OT_Toiletry_Bottles to Airtable
INFO 2025-06-23 12:26:17,047 airtable_sync 10188 13104 [SUCCESS] Synced inventory for CSTE_O0390_OT_Toiletry_Bottles to Airtable
INFO 2025-06-23 12:26:21,839 airtable_sync 10188 13104 [SUCCESS] Synced inventory for CSTE_O0390_OT_Toiletry_Bottles to Airtable
INFO 2025-06-23 12:26:24,606 airtable_sync 10188 13104 [SUCCESS] Synced inventory for CSTE_O0390_OT_Toiletry_Bottles to Airtable
INFO 2025-06-23 12:26:27,065 airtable_sync 10188 13104 [SUCCESS] Synced inventory for CSTE_O0390_OT_Toiletry_Bottles to Airtable
INFO 2025-06-23 12:26:30,511 airtable_sync 10188 13104 [SUCCESS] Synced inventory for CSTE_0454_ST_Animal_Garfield_Orange to Airtable
INFO 2025-06-23 12:26:33,003 airtable_sync 10188 13104 [SUCCESS] Synced inventory for CSTE_0020_MB_HP_Black to Airtable
INFO 2025-06-23 12:26:36,028 airtable_sync 10188 13104 [SUCCESS] Synced inventory for CSTE_O0390_OT_Toiletry_Bottles to Airtable
INFO 2025-06-23 12:26:38,584 airtable_sync 10188 13104 [SUCCESS] Synced inventory for CSTE_0417_Organizer_StorageBox_SkyBlue to Airtable
INFO 2025-06-23 12:26:44,494 airtable_sync 10188 13104 [SUCCESS] Synced inventory for CSTE_O0390_OT_Toiletry_Bottles to Airtable
INFO 2025-06-23 12:26:47,278 airtable_sync 10188 13104 [SUCCESS] Synced inventory for CSTE_O0390_OT_Toiletry_Bottles to Airtable
INFO 2025-06-23 12:26:49,782 airtable_sync 10188 13104 [SUCCESS] Synced inventory for CSTE_0162_SG_FireGlass_MercuryPink to Airtable
INFO 2025-06-23 12:26:52,344 airtable_sync 10188 13104 [SUCCESS] Synced inventory for CSTE_O0390_OT_Toiletry_Bottles to Airtable
INFO 2025-06-23 12:26:57,539 airtable_sync 10188 13104 [SUCCESS] Synced inventory for CSTE_0478_ST_Minecraft_Cow_Brown to Airtable
INFO 2025-06-23 12:27:00,702 airtable_sync 10188 13104 [SUCCESS] Synced inventory for CSTE_O0390_OT_Toiletry_Bottles to Airtable
INFO 2025-06-23 12:27:03,878 airtable_sync 10188 13104 [SUCCESS] Synced inventory for CSTE_0013_MB_HBD_Red to Airtable
INFO 2025-06-23 12:27:06,432 airtable_sync 10188 13104 [SUCCESS] Synced inventory for CSTE_0020_MB_HP_Black to Airtable
INFO 2025-06-23 12:27:08,716 airtable_sync 10188 13104 [SUCCESS] Synced inventory for CSTE_O0390_OT_Toiletry_Bottles to Airtable
INFO 2025-06-23 12:27:14,102 airtable_sync 10188 13104 [SUCCESS] Synced inventory for CSTE_0157_SG_FireGlass_Green to Airtable
INFO 2025-06-23 12:27:19,827 airtable_sync 10188 13104 [SUCCESS] Synced inventory for CSTE_0463_ST_Pokemon_Gengar to Airtable
INFO 2025-06-23 12:27:28,424 airtable_sync 10188 13104 [SUCCESS] Synced inventory for CSTE_O0390_OT_Toiletry_Bottles to Airtable
INFO 2025-06-23 12:27:44,935 airtable_sync 10188 13104 [SUCCESS] Synced inventory for CSTE_0148_SG_ButterFly_RedGreen to Airtable
INFO 2025-06-23 12:27:47,512 airtable_sync 10188 13104 [SUCCESS] Synced inventory for CSTE_0020_MB_HP_Black to Airtable
INFO 2025-06-23 12:27:49,896 airtable_sync 10188 13104 [SUCCESS] Synced inventory for CSTE_O0390_OT_Toiletry_Bottles to Airtable
INFO 2025-06-23 12:27:51,985 airtable_sync 10188 13104 [SUCCESS] Synced inventory for CSTE_0020_MB_HP_Black to Airtable
INFO 2025-06-23 12:27:54,061 airtable_sync 10188 13104 [SUCCESS] Synced inventory for CSTE_0157_SG_FireGlass_Green to Airtable
INFO 2025-06-23 12:27:56,049 airtable_sync 10188 13104 [SUCCESS] Synced inventory for CSTE_O0390_OT_Toiletry_Bottles to Airtable
INFO 2025-06-23 12:27:58,834 airtable_sync 10188 13104 [SUCCESS] Synced inventory for CSTE_0447_CLT_AF_Goku_SSJ to Airtable
INFO 2025-06-23 12:28:14,041 airtable_sync 10188 13104 [SUCCESS] Synced inventory for CSTE_0417_Organizer_StorageBox_SkyBlue to Airtable
INFO 2025-06-23 12:28:28,158 airtable_sync 10188 13104 [SUCCESS] Synced inventory for CSTE_0020_MB_HP_Black to Airtable
INFO 2025-06-23 12:28:30,711 airtable_sync 10188 13104 [SUCCESS] Synced inventory for CSTE_0156_SG_FireGlass_Yellow to Airtable
INFO 2025-06-23 12:28:33,502 airtable_sync 10188 13104 [SUCCESS] Synced inventory for CSTE_O0120_OT_DolphinBubbleMachine to Airtable
INFO 2025-06-23 12:28:36,290 airtable_sync 10188 13104 [SUCCESS] Synced inventory for CSTE_0054_MB_Starwar_Black to Airtable
INFO 2025-06-23 12:28:38,865 airtable_sync 10188 13104 [SUCCESS] Synced inventory for CSTE_0020_MB_HP_Black to Airtable
INFO 2025-06-23 12:28:42,077 airtable_sync 10188 13104 [SUCCESS] Synced inventory for CSTE_O0390_OT_Toiletry_Bottles to Airtable
INFO 2025-06-23 12:28:45,289 airtable_sync 10188 13104 [SUCCESS] Synced inventory for CSTE_O0445_OT_Glue_Sand_Rubber_Monkey to Airtable
INFO 2025-06-23 12:28:53,604 airtable_sync 10188 13104 [SUCCESS] Synced inventory for CSTE_0294_OT_Harrypotter_new_wand to Airtable
INFO 2025-06-23 12:29:03,847 airtable_sync 10188 13104 [SUCCESS] Synced inventory for CSTE_0533_ST_Animal_Breathing_Koala_Grey to Airtable
INFO 2025-06-23 12:29:07,811 airtable_sync 10188 13104 [SUCCESS] Synced inventory for CSTE_0020_MB_HP_Black to Airtable
INFO 2025-06-23 12:29:13,436 airtable_sync 10188 13104 [SUCCESS] Synced inventory for CSTE_0470_ST_Minecraft_Sword_Small to Airtable
INFO 2025-06-23 12:29:23,100 airtable_sync 10188 13104 [SUCCESS] Synced inventory for CSTE_0205_MB_MHA10_Brown to Airtable
INFO 2025-06-23 12:29:29,783 airtable_sync 10188 13104 [SUCCESS] Synced inventory for CSTE_0148_SG_ButterFly_RedGreen to Airtable
INFO 2025-06-23 12:29:32,512 airtable_sync 10188 13104 [SUCCESS] Synced inventory for CSTE_0157_SG_FireGlass_Green to Airtable
INFO 2025-06-23 12:29:40,696 airtable_sync 10188 13104 [SUCCESS] Synced inventory for CSTE_O0390_OT_Toiletry_Bottles to Airtable
INFO 2025-06-23 12:29:45,434 airtable_sync 10188 13104 [SUCCESS] Synced inventory for CSTE_0085_MB_Titanic_Brown to Airtable
INFO 2025-06-23 12:29:47,614 airtable_sync 10188 13104 [SUCCESS] Synced inventory for CSTE_O0390_OT_Toiletry_Bottles to Airtable
INFO 2025-06-23 12:29:50,679 airtable_sync 10188 13104 [SUCCESS] Synced inventory for CSTE_0148_SG_ButterFly_RedGreen to Airtable
INFO 2025-06-23 12:29:53,431 airtable_sync 10188 13104 [SUCCESS] Synced inventory for CSTE_0111_HD_Rug_CircleFurmat_White to Airtable
INFO 2025-06-23 12:29:56,077 airtable_sync 10188 13104 [SUCCESS] Synced inventory for CSTE_O0390_OT_Toiletry_Bottles to Airtable
INFO 2025-06-23 12:30:03,960 airtable_sync 10188 13104 [SUCCESS] Synced inventory for CSTE_0020_MB_HP_Black to Airtable
INFO 2025-06-23 12:30:08,351 airtable_sync 10188 13104 [SUCCESS] Synced inventory for CSTE_O0390_OT_Toiletry_Bottles to Airtable
INFO 2025-06-23 12:30:13,229 airtable_sync 10188 13104 [SUCCESS] Synced inventory for CSTE_0148_SG_ButterFly_RedGreen to Airtable
INFO 2025-06-23 12:30:15,560 airtable_sync 10188 13104 [SUCCESS] Synced inventory for CSTE_0148_SG_ButterFly_RedGreen to Airtable
INFO 2025-06-23 12:30:18,149 airtable_sync 10188 13104 [SUCCESS] Synced inventory for CSTE_0157_SG_FireGlass_Green to Airtable
INFO 2025-06-23 12:30:20,663 airtable_sync 10188 13104 [SUCCESS] Synced inventory for CSTE_O0390_OT_Toiletry_Bottles to Airtable
INFO 2025-06-23 12:30:26,729 airtable_sync 10188 13104 [SUCCESS] Synced inventory for CSTE_0111_HD_Rug_CircleFurmat_White to Airtable
INFO 2025-06-23 12:30:29,121 airtable_sync 10188 13104 [SUCCESS] Synced inventory for CSTE_O0390_OT_Toiletry_Bottles to Airtable
