2025-06-21 09:52:49,504 - INFO - SKU: SYSTEM | MSKU: LOADED | Status: Mapping data loaded from memory: clean_data\sku_mappings_final_clean.csv
2025-06-21 09:52:49,511 - INFO - SKU: SYSTEM | MSKU: LOADED | Status: Combo SKU data loaded from master file: clean_data\combo_sku_clean.csv
2025-06-21 09:52:49,519 - INFO - SKU: SYSTEM | MSKU: LOADED | Status: Inventory data loaded from master file: clean_data\cleaned_inventory.csv
2025-06-21 09:53:13,632 - INFO - SKU: SYSTEM | MSKU: LOADED | Status: Mapping data loaded from memory: clean_data\sku_mappings_final_clean.csv
2025-06-21 09:53:13,636 - INFO - SKU: SYSTEM | MSKU: LOADED | Status: Combo SKU data loaded from master file: clean_data\combo_sku_clean.csv
2025-06-21 09:53:13,659 - INFO - SKU: SYSTEM | MSKU: LOADED | Status: Inventory data loaded from master file: clean_data\cleaned_inventory.csv
2025-06-21 12:26:23,793 - INFO - SKU: SYSTEM | MSKU: LOADED | Status: Mapping data loaded from memory: clean_data\sku_mappings_final_clean.csv
2025-06-21 12:26:23,797 - INFO - SKU: SYSTEM | MSKU: LOADED | Status: Combo SKU data loaded from master file: clean_data\combo_sku_clean.csv
2025-06-21 12:26:23,803 - INFO - SKU: SYSTEM | MSKU: LOADED | Status: Inventory data loaded from master file: clean_data\cleaned_inventory.csv
2025-06-21 12:27:29,819 - INFO - SKU: SYSTEM | MSKU: LOADED | Status: Mapping data loaded from memory: clean_data\sku_mappings_final_clean.csv
2025-06-21 12:27:29,823 - INFO - SKU: SYSTEM | MSKU: LOADED | Status: Combo SKU data loaded from master file: clean_data\combo_sku_clean.csv
2025-06-21 12:27:29,829 - INFO - SKU: SYSTEM | MSKU: LOADED | Status: Inventory data loaded from master file: clean_data\cleaned_inventory.csv
2025-06-21 12:27:29,849 - INFO - SKU: PROCESS | MSKU: ERROR | Status: Failed to process SKU mappings: 'sku'
2025-06-21 12:32:00,369 - INFO - SKU: SYSTEM | MSKU: LOADED | Status: Mapping data loaded from memory: clean_data\sku_mappings_final_clean.csv
2025-06-21 12:32:00,379 - INFO - SKU: SYSTEM | MSKU: LOADED | Status: Combo SKU data loaded from master file: clean_data\combo_sku_clean.csv
2025-06-21 12:32:00,393 - INFO - SKU: SYSTEM | MSKU: LOADED | Status: Inventory data loaded from master file: clean_data\cleaned_inventory.csv
2025-06-21 12:32:00,438 - INFO - SKU: PROCESS | MSKU: ERROR | Status: Failed to process SKU mappings: 'sku'
2025-06-21 12:47:33,601 - INFO - SKU: SYSTEM | MSKU: LOADED | Status: Mapping data loaded from memory: clean_data\sku_mappings_final_clean.csv
2025-06-21 12:47:33,607 - INFO - SKU: SYSTEM | MSKU: LOADED | Status: Combo SKU data loaded from master file: clean_data\combo_sku_clean.csv
2025-06-21 12:47:33,612 - INFO - SKU: SYSTEM | MSKU: LOADED | Status: Inventory data loaded from master file: clean_data\cleaned_inventory.csv
2025-06-21 12:47:33,629 - INFO - SKU: PROCESS | MSKU: SUCCESS | Status: SKU mapping completed successfully
2025-06-21 12:48:27,625 - INFO - SKU: SYSTEM | MSKU: LOADED | Status: Mapping data loaded from memory: clean_data\sku_mappings_final_clean.csv
2025-06-21 12:48:27,637 - INFO - SKU: SYSTEM | MSKU: LOADED | Status: Combo SKU data loaded from master file: clean_data\combo_sku_clean.csv
2025-06-21 12:48:27,660 - INFO - SKU: SYSTEM | MSKU: LOADED | Status: Inventory data loaded from master file: clean_data\cleaned_inventory.csv
2025-06-21 12:48:27,697 - INFO - SKU: PROCESS | MSKU: SUCCESS | Status: SKU mapping completed successfully
2025-06-21 12:49:18,794 - INFO - SKU: SYSTEM | MSKU: LOADED | Status: Mapping data loaded from memory: clean_data\sku_mappings_final_clean.csv
2025-06-21 12:49:18,798 - INFO - SKU: SYSTEM | MSKU: LOADED | Status: Combo SKU data loaded from master file: clean_data\combo_sku_clean.csv
2025-06-21 12:49:18,804 - INFO - SKU: SYSTEM | MSKU: LOADED | Status: Inventory data loaded from master file: clean_data\cleaned_inventory.csv
2025-06-21 12:49:18,824 - INFO - SKU: PROCESS | MSKU: SUCCESS | Status: SKU mapping completed successfully
2025-06-21 13:01:55,645 - INFO - SKU: SYSTEM | MSKU: LOADED | Status: Mapping data loaded from memory: clean_data\sku_mappings_final_clean.csv
2025-06-21 13:01:55,653 - INFO - SKU: SYSTEM | MSKU: LOADED | Status: Combo SKU data loaded from master file: clean_data\combo_sku_clean.csv
2025-06-21 13:01:55,664 - INFO - SKU: SYSTEM | MSKU: LOADED | Status: Inventory data loaded from master file: clean_data\cleaned_inventory.csv
2025-06-21 13:01:55,725 - INFO - SKU: PROCESS | MSKU: SUCCESS | Status: SKU mapping completed successfully
2025-06-21 13:02:10,898 - INFO - SKU: SYSTEM | MSKU: LOADED | Status: Mapping data loaded from memory: clean_data\sku_mappings_final_clean.csv
2025-06-21 13:02:10,905 - INFO - SKU: SYSTEM | MSKU: LOADED | Status: Combo SKU data loaded from master file: clean_data\combo_sku_clean.csv
2025-06-21 13:02:10,912 - INFO - SKU: SYSTEM | MSKU: LOADED | Status: Inventory data loaded from master file: clean_data\cleaned_inventory.csv
2025-06-21 13:02:10,929 - INFO - SKU: PROCESS | MSKU: SUCCESS | Status: SKU mapping completed successfully
2025-06-21 13:09:19,070 - INFO - SKU: SYSTEM | MSKU: LOADED | Status: Mapping data loaded from memory: clean_data\sku_mappings_final_clean.csv
2025-06-21 13:09:19,082 - INFO - SKU: SYSTEM | MSKU: LOADED | Status: Combo SKU data loaded from master file: clean_data\combo_sku_clean.csv
2025-06-21 13:09:19,112 - INFO - SKU: SYSTEM | MSKU: LOADED | Status: Inventory data loaded from master file: clean_data\cleaned_inventory.csv
2025-06-21 13:09:19,148 - INFO - SKU: PROCESS | MSKU: SUCCESS | Status: SKU mapping completed successfully
2025-06-21 18:37:50,611 - INFO - SKU: SYSTEM | MSKU: LOADED | Status: Mapping data loaded from memory: clean_data\sku_mappings_final_clean.csv
2025-06-21 18:37:50,619 - INFO - SKU: SYSTEM | MSKU: LOADED | Status: Combo SKU data loaded from master file: clean_data\combo_sku_clean.csv
2025-06-21 18:37:50,632 - INFO - SKU: SYSTEM | MSKU: LOADED | Status: Inventory data loaded from master file: clean_data\cleaned_inventory.csv
2025-06-21 18:37:50,646 - INFO - SKU: PROCESS | MSKU: SUCCESS | Status: SKU mapping completed successfully
2025-06-21 18:38:20,599 - INFO - SKU: SYSTEM | MSKU: LOADED | Status: Mapping data loaded from memory: clean_data\sku_mappings_final_clean.csv
2025-06-21 18:38:20,624 - INFO - SKU: SYSTEM | MSKU: LOADED | Status: Combo SKU data loaded from master file: clean_data\combo_sku_clean.csv
2025-06-21 18:38:20,664 - INFO - SKU: SYSTEM | MSKU: LOADED | Status: Inventory data loaded from master file: clean_data\cleaned_inventory.csv
2025-06-21 18:38:20,701 - INFO - SKU: PROCESS | MSKU: SUCCESS | Status: SKU mapping completed successfully
2025-06-21 18:39:35,182 - INFO - SKU: SYSTEM | MSKU: LOADED | Status: Mapping data loaded from memory: clean_data\sku_mappings_final_clean.csv
2025-06-21 18:39:35,190 - INFO - SKU: SYSTEM | MSKU: LOADED | Status: Combo SKU data loaded from master file: clean_data\combo_sku_clean.csv
2025-06-21 18:39:35,205 - INFO - SKU: SYSTEM | MSKU: LOADED | Status: Inventory data loaded from master file: clean_data\cleaned_inventory.csv
2025-06-21 18:39:35,211 - INFO - SKU: PROCESS | MSKU: SUCCESS | Status: SKU mapping completed successfully
2025-06-21 18:41:11,380 - INFO - SKU: SYSTEM | MSKU: LOADED | Status: Mapping data loaded from memory: clean_data\sku_mappings_final_clean.csv
2025-06-21 18:41:11,391 - INFO - SKU: SYSTEM | MSKU: LOADED | Status: Combo SKU data loaded from master file: clean_data\combo_sku_clean.csv
2025-06-21 18:41:11,407 - INFO - SKU: SYSTEM | MSKU: LOADED | Status: Inventory data loaded from master file: clean_data\cleaned_inventory.csv
2025-06-21 18:41:11,458 - INFO - SKU: PROCESS | MSKU: SUCCESS | Status: SKU mapping completed successfully
2025-06-21 18:42:57,742 - INFO - SKU: SYSTEM | MSKU: LOADED | Status: Mapping data loaded from memory: clean_data\sku_mappings_final_clean.csv
2025-06-21 18:42:57,750 - INFO - SKU: SYSTEM | MSKU: LOADED | Status: Combo SKU data loaded from master file: clean_data\combo_sku_clean.csv
2025-06-21 18:42:57,763 - INFO - SKU: SYSTEM | MSKU: LOADED | Status: Inventory data loaded from master file: clean_data\cleaned_inventory.csv
2025-06-21 18:42:57,800 - INFO - SKU: PROCESS | MSKU: SUCCESS | Status: SKU mapping completed successfully
2025-06-21 18:45:26,995 - INFO - SKU: SYSTEM | MSKU: LOADED | Status: Mapping data loaded from memory: clean_data\sku_mappings_final_clean.csv
2025-06-21 18:45:27,005 - INFO - SKU: SYSTEM | MSKU: LOADED | Status: Combo SKU data loaded from master file: clean_data\combo_sku_clean.csv
2025-06-21 18:45:27,017 - INFO - SKU: SYSTEM | MSKU: LOADED | Status: Inventory data loaded from master file: clean_data\cleaned_inventory.csv
2025-06-21 18:45:27,041 - INFO - SKU: PROCESS | MSKU: SUCCESS | Status: SKU mapping completed successfully
2025-06-21 18:47:05,796 - INFO - SKU: SYSTEM | MSKU: LOADED | Status: Mapping data loaded from memory: clean_data\sku_mappings_final_clean.csv
2025-06-21 18:47:05,805 - INFO - SKU: SYSTEM | MSKU: LOADED | Status: Combo SKU data loaded from master file: clean_data\combo_sku_clean.csv
2025-06-21 18:47:05,823 - INFO - SKU: SYSTEM | MSKU: LOADED | Status: Inventory data loaded from master file: clean_data\cleaned_inventory.csv
2025-06-21 18:47:05,844 - INFO - SKU: PROCESS | MSKU: SUCCESS | Status: SKU mapping completed successfully
2025-06-21 18:47:29,449 - INFO - SKU: SYSTEM | MSKU: LOADED | Status: Mapping data loaded from memory: clean_data\sku_mappings_final_clean.csv
2025-06-21 18:47:29,467 - INFO - SKU: SYSTEM | MSKU: LOADED | Status: Combo SKU data loaded from master file: clean_data\combo_sku_clean.csv
2025-06-21 18:47:29,506 - INFO - SKU: SYSTEM | MSKU: LOADED | Status: Inventory data loaded from master file: clean_data\cleaned_inventory.csv
2025-06-21 18:47:29,569 - INFO - SKU: PROCESS | MSKU: SUCCESS | Status: SKU mapping completed successfully
2025-06-21 21:04:30,308 - INFO - SKU: SYSTEM | MSKU: LOADED | Status: Mapping data loaded from memory: clean_data\sku_mappings_final_clean.csv
2025-06-21 21:04:30,312 - INFO - SKU: SYSTEM | MSKU: LOADED | Status: Combo SKU data loaded from master file: clean_data\combo_sku_clean.csv
2025-06-21 21:04:30,319 - INFO - SKU: SYSTEM | MSKU: LOADED | Status: Inventory data loaded from master file: clean_data\cleaned_inventory.csv
2025-06-21 21:04:30,338 - INFO - SKU: PROCESS | MSKU: SUCCESS | Status: SKU mapping completed successfully
2025-06-21 21:04:30,371 - INFO - SKU: INVENTORY | MSKU: UPDATED | Status: MSKU CSTE_0020_MB_HP_Black: -1 from TLCQ
2025-06-21 21:04:30,372 - INFO - SKU: INVENTORY | MSKU: NO_STOCK | Status: MSKU CSTE_0442_CLT_AF_Goku_Big: No available stock in any warehouse
2025-06-21 21:04:30,375 - INFO - SKU: INVENTORY | MSKU: UPDATED | Status: MSKU CSTE_O0390_OT_Toiletry_Bottles: -1 from TLCQ
2025-06-21 21:04:30,377 - INFO - SKU: INVENTORY | MSKU: UPDATED | Status: MSKU CSTE_O0390_OT_Toiletry_Bottles: -1 from TLCQ
2025-06-21 21:04:30,379 - INFO - SKU: INVENTORY | MSKU: UPDATED | Status: MSKU CSTE_0020_MB_HP_Black: -1 from TLCQ
2025-06-21 21:04:30,382 - INFO - SKU: INVENTORY | MSKU: NO_STOCK | Status: MSKU CSTE_0490_ST_Fruit_Blox_Shadow: No available stock in any warehouse
2025-06-21 21:04:30,388 - INFO - SKU: INVENTORY | MSKU: UPDATED | Status: MSKU CSTE_O0390_OT_Toiletry_Bottles: -1 from TLCQ
2025-06-21 21:04:30,391 - INFO - SKU: INVENTORY | MSKU: UPDATED | Status: MSKU CSTE_O0390_OT_Toiletry_Bottles: -1 from TLCQ
2025-06-21 21:04:30,393 - INFO - SKU: INVENTORY | MSKU: UPDATED | Status: MSKU CSTE_O0390_OT_Toiletry_Bottles: -2 from TLCQ
2025-06-21 21:04:30,398 - INFO - SKU: INVENTORY | MSKU: UPDATED | Status: MSKU CSTE_O0390_OT_Toiletry_Bottles: -1 from TLCQ
2025-06-21 21:04:30,408 - INFO - SKU: INVENTORY | MSKU: UPDATED | Status: MSKU CSTE_O0390_OT_Toiletry_Bottles: -1 from TLCQ
2025-06-21 21:04:30,413 - INFO - SKU: INVENTORY | MSKU: UPDATED | Status: MSKU CSTE_O0390_OT_Toiletry_Bottles: -1 from TLCQ
2025-06-21 21:04:30,421 - INFO - SKU: INVENTORY | MSKU: UPDATED | Status: MSKU CSTE_0454_ST_Animal_Garfield_Orange: -1 from TLCQ
2025-06-21 21:04:30,425 - INFO - SKU: INVENTORY | MSKU: UPDATED | Status: MSKU CSTE_0020_MB_HP_Black: -1 from TLCQ
2025-06-21 21:04:30,430 - INFO - SKU: INVENTORY | MSKU: UPDATED | Status: MSKU CSTE_O0390_OT_Toiletry_Bottles: -1 from TLCQ
2025-06-21 21:04:30,435 - INFO - SKU: INVENTORY | MSKU: NO_STOCK | Status: MSKU CSTE_0417_Organizer_StorageBox_SkyBlue: No available stock in any warehouse
2025-06-21 21:04:30,442 - INFO - SKU: INVENTORY | MSKU: UPDATED | Status: MSKU CSTE_O0390_OT_Toiletry_Bottles: -2 from TLCQ
2025-06-21 21:04:30,445 - INFO - SKU: INVENTORY | MSKU: UPDATED | Status: MSKU CSTE_O0390_OT_Toiletry_Bottles: -1 from TLCQ
2025-06-21 21:04:30,450 - INFO - SKU: INVENTORY | MSKU: UPDATED | Status: MSKU CSTE_0162_SG_FireGlass_MercuryPink: -1 from TLCQ
2025-06-21 21:04:30,456 - INFO - SKU: INVENTORY | MSKU: UPDATED | Status: MSKU CSTE_O0390_OT_Toiletry_Bottles: -1 from TLCQ
2025-06-21 21:04:30,458 - INFO - SKU: INVENTORY | MSKU: UPDATED | Status: MSKU CSTE_0478_ST_Minecraft_Cow_Brown: -1 from TLCQ
2025-06-21 21:04:30,460 - INFO - SKU: INVENTORY | MSKU: UPDATED | Status: MSKU CSTE_O0390_OT_Toiletry_Bottles: -1 from TLCQ
2025-06-21 21:04:30,463 - INFO - SKU: INVENTORY | MSKU: NO_STOCK | Status: MSKU CSTE_0013_MB_HBD_Red: No available stock in any warehouse
2025-06-21 21:04:30,470 - INFO - SKU: INVENTORY | MSKU: UPDATED | Status: MSKU CSTE_0020_MB_HP_Black: -1 from TLCQ
2025-06-21 21:04:30,474 - INFO - SKU: INVENTORY | MSKU: UPDATED | Status: MSKU CSTE_O0390_OT_Toiletry_Bottles: -1 from TLCQ
2025-06-21 21:04:30,480 - INFO - SKU: INVENTORY | MSKU: UPDATED | Status: MSKU CSTE_0157_SG_FireGlass_Green: -1 from TLCQ
2025-06-21 21:04:30,490 - INFO - SKU: INVENTORY | MSKU: UPDATED | Status: MSKU CSTE_0463_ST_Pokemon_Gengar: -1 from TLCQ
2025-06-21 21:04:30,496 - INFO - SKU: INVENTORY | MSKU: UPDATED | Status: MSKU CSTE_O0390_OT_Toiletry_Bottles: -1 from TLCQ
2025-06-21 21:04:30,499 - INFO - SKU: INVENTORY | MSKU: NO_STOCK | Status: MSKU CSTE_0148_SG_ButterFly_RedGreen: No available stock in any warehouse
2025-06-21 21:04:30,506 - INFO - SKU: INVENTORY | MSKU: UPDATED | Status: MSKU CSTE_0020_MB_HP_Black: -1 from TLCQ
2025-06-21 21:04:30,511 - INFO - SKU: INVENTORY | MSKU: UPDATED | Status: MSKU CSTE_O0390_OT_Toiletry_Bottles: -1 from TLCQ
2025-06-21 21:04:30,517 - INFO - SKU: INVENTORY | MSKU: UPDATED | Status: MSKU CSTE_0020_MB_HP_Black: -1 from TLCQ
2025-06-21 21:04:30,524 - INFO - SKU: INVENTORY | MSKU: UPDATED | Status: MSKU CSTE_0157_SG_FireGlass_Green: -1 from TLCQ
2025-06-21 21:04:30,529 - INFO - SKU: INVENTORY | MSKU: UPDATED | Status: MSKU CSTE_O0390_OT_Toiletry_Bottles: -1 from TLCQ
2025-06-21 21:04:30,533 - INFO - SKU: INVENTORY | MSKU: UPDATED | Status: MSKU CSTE_0447_CLT_AF_Goku_SSJ: -1 from TLCQ
2025-06-21 21:04:30,536 - INFO - SKU: INVENTORY | MSKU: NO_STOCK | Status: MSKU CSTE_0417_Organizer_StorageBox_SkyBlue: No available stock in any warehouse
2025-06-21 21:04:30,540 - INFO - SKU: INVENTORY | MSKU: UPDATED | Status: MSKU CSTE_0020_MB_HP_Black: -1 from TLCQ
2025-06-21 21:04:30,541 - INFO - SKU: INVENTORY | MSKU: NO_STOCK | Status: MSKU CSTE_0156_SG_FireGlass_Yellow: No available stock in any warehouse
2025-06-21 21:04:30,544 - INFO - SKU: INVENTORY | MSKU: NO_STOCK | Status: MSKU CSTE_O0120_OT_DolphinBubbleMachine: No available stock in any warehouse
2025-06-21 21:04:30,546 - INFO - SKU: INVENTORY | MSKU: NO_STOCK | Status: MSKU CSTE_0054_MB_Starwar_Black: No available stock in any warehouse
2025-06-21 21:04:30,548 - INFO - SKU: INVENTORY | MSKU: UPDATED | Status: MSKU CSTE_0020_MB_HP_Black: -1 from TLCQ
2025-06-21 21:04:30,554 - INFO - SKU: INVENTORY | MSKU: UPDATED | Status: MSKU CSTE_O0390_OT_Toiletry_Bottles: -1 from TLCQ
2025-06-21 21:04:30,556 - INFO - SKU: INVENTORY | MSKU: UPDATED | Status: MSKU CSTE_O0445_OT_Glue_Sand_Rubber_Monkey: -1 from TLCQ
2025-06-21 21:04:30,561 - INFO - SKU: INVENTORY | MSKU: UPDATED | Status: MSKU CSTE_0294_OT_Harrypotter_new_wand: -1 from TLCQ
2025-06-21 21:04:30,565 - INFO - SKU: INVENTORY | MSKU: UPDATED | Status: MSKU CSTE_0533_ST_Animal_Breathing_Koala_Grey: -1 from TLCQ
2025-06-21 21:04:30,572 - INFO - SKU: INVENTORY | MSKU: UPDATED | Status: MSKU CSTE_0020_MB_HP_Black: -1 from TLCQ
2025-06-21 21:04:30,573 - INFO - SKU: INVENTORY | MSKU: ERROR | Status: Failed to update inventory: ('Lengths must match to compare', (1011,), (2,))
2025-06-21 21:04:30,576 - INFO - SKU: OUTBOUND | MSKU: ERROR | Status: Failed to process outbound data: "['panel'] not in index"
2025-06-21 21:09:13,158 - INFO - SKU: SYSTEM | MSKU: LOADED | Status: Mapping data loaded from memory: clean_data\sku_mappings_final_clean.csv
2025-06-21 21:09:13,165 - INFO - SKU: SYSTEM | MSKU: LOADED | Status: Combo SKU data loaded from master file: clean_data\combo_sku_clean.csv
2025-06-21 21:09:13,181 - INFO - SKU: SYSTEM | MSKU: LOADED | Status: Inventory data loaded from master file: clean_data\cleaned_inventory.csv
2025-06-21 21:09:13,221 - INFO - SKU: PROCESS | MSKU: SUCCESS | Status: SKU mapping completed successfully
2025-06-21 21:09:13,273 - INFO - SKU: INVENTORY | MSKU: UPDATED | Status: MSKU CSTE_0020_MB_HP_Black: -1 from TLCQ
2025-06-21 21:09:13,283 - INFO - SKU: INVENTORY | MSKU: NO_STOCK | Status: MSKU CSTE_0442_CLT_AF_Goku_Big: No available stock in any warehouse
2025-06-21 21:09:13,287 - INFO - SKU: INVENTORY | MSKU: UPDATED | Status: MSKU CSTE_O0390_OT_Toiletry_Bottles: -1 from TLCQ
2025-06-21 21:09:13,291 - INFO - SKU: INVENTORY | MSKU: UPDATED | Status: MSKU CSTE_O0390_OT_Toiletry_Bottles: -1 from TLCQ
2025-06-21 21:09:13,302 - INFO - SKU: INVENTORY | MSKU: UPDATED | Status: MSKU CSTE_0020_MB_HP_Black: -1 from TLCQ
2025-06-21 21:09:13,306 - INFO - SKU: INVENTORY | MSKU: NO_STOCK | Status: MSKU CSTE_0490_ST_Fruit_Blox_Shadow: No available stock in any warehouse
2025-06-21 21:09:13,316 - INFO - SKU: INVENTORY | MSKU: UPDATED | Status: MSKU CSTE_O0390_OT_Toiletry_Bottles: -1 from TLCQ
2025-06-21 21:09:13,320 - INFO - SKU: INVENTORY | MSKU: UPDATED | Status: MSKU CSTE_O0390_OT_Toiletry_Bottles: -1 from TLCQ
2025-06-21 21:09:13,330 - INFO - SKU: INVENTORY | MSKU: UPDATED | Status: MSKU CSTE_O0390_OT_Toiletry_Bottles: -2 from TLCQ
2025-06-21 21:09:13,336 - INFO - SKU: INVENTORY | MSKU: UPDATED | Status: MSKU CSTE_O0390_OT_Toiletry_Bottles: -1 from TLCQ
2025-06-21 21:09:13,346 - INFO - SKU: INVENTORY | MSKU: UPDATED | Status: MSKU CSTE_O0390_OT_Toiletry_Bottles: -1 from TLCQ
2025-06-21 21:09:13,350 - INFO - SKU: INVENTORY | MSKU: UPDATED | Status: MSKU CSTE_O0390_OT_Toiletry_Bottles: -1 from TLCQ
2025-06-21 21:09:13,356 - INFO - SKU: INVENTORY | MSKU: UPDATED | Status: MSKU CSTE_0454_ST_Animal_Garfield_Orange: -1 from TLCQ
2025-06-21 21:09:13,366 - INFO - SKU: INVENTORY | MSKU: UPDATED | Status: MSKU CSTE_0020_MB_HP_Black: -1 from TLCQ
2025-06-21 21:09:13,372 - INFO - SKU: INVENTORY | MSKU: UPDATED | Status: MSKU CSTE_O0390_OT_Toiletry_Bottles: -1 from TLCQ
2025-06-21 21:09:13,381 - INFO - SKU: INVENTORY | MSKU: NO_STOCK | Status: MSKU CSTE_0417_Organizer_StorageBox_SkyBlue: No available stock in any warehouse
2025-06-21 21:09:13,388 - INFO - SKU: INVENTORY | MSKU: UPDATED | Status: MSKU CSTE_O0390_OT_Toiletry_Bottles: -2 from TLCQ
2025-06-21 21:09:13,398 - INFO - SKU: INVENTORY | MSKU: UPDATED | Status: MSKU CSTE_O0390_OT_Toiletry_Bottles: -1 from TLCQ
2025-06-21 21:09:13,419 - INFO - SKU: INVENTORY | MSKU: UPDATED | Status: MSKU CSTE_0162_SG_FireGlass_MercuryPink: -1 from TLCQ
2025-06-21 21:09:13,433 - INFO - SKU: INVENTORY | MSKU: UPDATED | Status: MSKU CSTE_O0390_OT_Toiletry_Bottles: -1 from TLCQ
2025-06-21 21:09:13,441 - INFO - SKU: INVENTORY | MSKU: UPDATED | Status: MSKU CSTE_0478_ST_Minecraft_Cow_Brown: -1 from TLCQ
2025-06-21 21:09:13,452 - INFO - SKU: INVENTORY | MSKU: UPDATED | Status: MSKU CSTE_O0390_OT_Toiletry_Bottles: -1 from TLCQ
2025-06-21 21:09:13,459 - INFO - SKU: INVENTORY | MSKU: NO_STOCK | Status: MSKU CSTE_0013_MB_HBD_Red: No available stock in any warehouse
2025-06-21 21:09:13,468 - INFO - SKU: INVENTORY | MSKU: UPDATED | Status: MSKU CSTE_0020_MB_HP_Black: -1 from TLCQ
2025-06-21 21:09:13,475 - INFO - SKU: INVENTORY | MSKU: UPDATED | Status: MSKU CSTE_O0390_OT_Toiletry_Bottles: -1 from TLCQ
2025-06-21 21:09:13,484 - INFO - SKU: INVENTORY | MSKU: UPDATED | Status: MSKU CSTE_0157_SG_FireGlass_Green: -1 from TLCQ
2025-06-21 21:09:13,489 - INFO - SKU: INVENTORY | MSKU: UPDATED | Status: MSKU CSTE_0463_ST_Pokemon_Gengar: -1 from TLCQ
2025-06-21 21:09:13,499 - INFO - SKU: INVENTORY | MSKU: UPDATED | Status: MSKU CSTE_O0390_OT_Toiletry_Bottles: -1 from TLCQ
2025-06-21 21:09:13,503 - INFO - SKU: INVENTORY | MSKU: NO_STOCK | Status: MSKU CSTE_0148_SG_ButterFly_RedGreen: No available stock in any warehouse
2025-06-21 21:09:13,515 - INFO - SKU: INVENTORY | MSKU: UPDATED | Status: MSKU CSTE_0020_MB_HP_Black: -1 from TLCQ
2025-06-21 21:09:13,521 - INFO - SKU: INVENTORY | MSKU: UPDATED | Status: MSKU CSTE_O0390_OT_Toiletry_Bottles: -1 from TLCQ
2025-06-21 21:09:13,533 - INFO - SKU: INVENTORY | MSKU: UPDATED | Status: MSKU CSTE_0020_MB_HP_Black: -1 from TLCQ
2025-06-21 21:09:13,538 - INFO - SKU: INVENTORY | MSKU: UPDATED | Status: MSKU CSTE_0157_SG_FireGlass_Green: -1 from TLCQ
2025-06-21 21:09:13,548 - INFO - SKU: INVENTORY | MSKU: UPDATED | Status: MSKU CSTE_O0390_OT_Toiletry_Bottles: -1 from TLCQ
2025-06-21 21:09:13,552 - INFO - SKU: INVENTORY | MSKU: UPDATED | Status: MSKU CSTE_0447_CLT_AF_Goku_SSJ: -1 from TLCQ
2025-06-21 21:09:13,559 - INFO - SKU: INVENTORY | MSKU: NO_STOCK | Status: MSKU CSTE_0417_Organizer_StorageBox_SkyBlue: No available stock in any warehouse
2025-06-21 21:09:13,567 - INFO - SKU: INVENTORY | MSKU: UPDATED | Status: MSKU CSTE_0020_MB_HP_Black: -1 from TLCQ
2025-06-21 21:09:13,572 - INFO - SKU: INVENTORY | MSKU: NO_STOCK | Status: MSKU CSTE_0156_SG_FireGlass_Yellow: No available stock in any warehouse
2025-06-21 21:09:13,579 - INFO - SKU: INVENTORY | MSKU: NO_STOCK | Status: MSKU CSTE_O0120_OT_DolphinBubbleMachine: No available stock in any warehouse
2025-06-21 21:09:13,584 - INFO - SKU: INVENTORY | MSKU: NO_STOCK | Status: MSKU CSTE_0054_MB_Starwar_Black: No available stock in any warehouse
2025-06-21 21:09:13,592 - INFO - SKU: INVENTORY | MSKU: UPDATED | Status: MSKU CSTE_0020_MB_HP_Black: -1 from TLCQ
2025-06-21 21:09:13,600 - INFO - SKU: INVENTORY | MSKU: UPDATED | Status: MSKU CSTE_O0390_OT_Toiletry_Bottles: -1 from TLCQ
2025-06-21 21:09:13,604 - INFO - SKU: INVENTORY | MSKU: UPDATED | Status: MSKU CSTE_O0445_OT_Glue_Sand_Rubber_Monkey: -1 from TLCQ
2025-06-21 21:09:13,618 - INFO - SKU: INVENTORY | MSKU: UPDATED | Status: MSKU CSTE_0294_OT_Harrypotter_new_wand: -1 from TLCQ
2025-06-21 21:09:13,623 - INFO - SKU: INVENTORY | MSKU: UPDATED | Status: MSKU CSTE_0533_ST_Animal_Breathing_Koala_Grey: -1 from TLCQ
2025-06-21 21:09:13,634 - INFO - SKU: INVENTORY | MSKU: UPDATED | Status: MSKU CSTE_0020_MB_HP_Black: -1 from TLCQ
2025-06-21 21:09:13,650 - INFO - SKU: INVENTORY | MSKU: ERROR | Status: Failed to update inventory: ('Lengths must match to compare', (1011,), (2,))
2025-06-21 21:09:13,658 - INFO - SKU: OUTBOUND | MSKU: SUCCESS | Status: Outbound data processed: 64 records with columns: ['date', 'panel', 'sku', 'msku', 'quantity', 'warehouse']
2025-06-21 21:17:11,401 - INFO - SKU: SYSTEM | MSKU: LOADED | Status: Mapping data loaded from memory: clean_data\sku_mappings_final_clean.csv
2025-06-21 21:17:11,408 - INFO - SKU: SYSTEM | MSKU: LOADED | Status: Combo SKU data loaded from master file: clean_data\combo_sku_clean.csv
2025-06-21 21:17:11,414 - INFO - SKU: SYSTEM | MSKU: LOADED | Status: Inventory data loaded from master file: clean_data\cleaned_inventory.csv
2025-06-21 21:17:11,424 - INFO - SKU: PROCESS | MSKU: SUCCESS | Status: SKU mapping completed successfully
2025-06-21 21:17:11,464 - INFO - SKU: INVENTORY | MSKU: UPDATED | Status: MSKU CSTE_0020_MB_HP_Black: -1 from TLCQ
2025-06-21 21:17:11,469 - INFO - SKU: INVENTORY | MSKU: NO_STOCK | Status: MSKU CSTE_0442_CLT_AF_Goku_Big: No available stock in any warehouse
2025-06-21 21:17:11,470 - INFO - SKU: INVENTORY | MSKU: UPDATED | Status: MSKU CSTE_O0390_OT_Toiletry_Bottles: -1 from TLCQ
2025-06-21 21:17:11,473 - INFO - SKU: INVENTORY | MSKU: UPDATED | Status: MSKU CSTE_O0390_OT_Toiletry_Bottles: -1 from TLCQ
2025-06-21 21:17:11,474 - INFO - SKU: INVENTORY | MSKU: UPDATED | Status: MSKU CSTE_0020_MB_HP_Black: -1 from TLCQ
2025-06-21 21:17:11,477 - INFO - SKU: INVENTORY | MSKU: NO_STOCK | Status: MSKU CSTE_0490_ST_Fruit_Blox_Shadow: No available stock in any warehouse
2025-06-21 21:17:11,479 - INFO - SKU: INVENTORY | MSKU: UPDATED | Status: MSKU CSTE_O0390_OT_Toiletry_Bottles: -1 from TLCQ
2025-06-21 21:17:11,483 - INFO - SKU: INVENTORY | MSKU: UPDATED | Status: MSKU CSTE_O0390_OT_Toiletry_Bottles: -1 from TLCQ
2025-06-21 21:17:11,487 - INFO - SKU: INVENTORY | MSKU: UPDATED | Status: MSKU CSTE_O0390_OT_Toiletry_Bottles: -2 from TLCQ
2025-06-21 21:17:11,490 - INFO - SKU: INVENTORY | MSKU: UPDATED | Status: MSKU CSTE_O0390_OT_Toiletry_Bottles: -1 from TLCQ
2025-06-21 21:17:11,492 - INFO - SKU: INVENTORY | MSKU: UPDATED | Status: MSKU CSTE_O0390_OT_Toiletry_Bottles: -1 from TLCQ
2025-06-21 21:17:11,494 - INFO - SKU: INVENTORY | MSKU: UPDATED | Status: MSKU CSTE_O0390_OT_Toiletry_Bottles: -1 from TLCQ
2025-06-21 21:17:11,496 - INFO - SKU: INVENTORY | MSKU: UPDATED | Status: MSKU CSTE_0454_ST_Animal_Garfield_Orange: -1 from TLCQ
2025-06-21 21:17:11,504 - INFO - SKU: INVENTORY | MSKU: UPDATED | Status: MSKU CSTE_0020_MB_HP_Black: -1 from TLCQ
2025-06-21 21:17:11,505 - INFO - SKU: INVENTORY | MSKU: UPDATED | Status: MSKU CSTE_O0390_OT_Toiletry_Bottles: -1 from TLCQ
2025-06-21 21:17:11,509 - INFO - SKU: INVENTORY | MSKU: NO_STOCK | Status: MSKU CSTE_0417_Organizer_StorageBox_SkyBlue: No available stock in any warehouse
2025-06-21 21:17:11,511 - INFO - SKU: INVENTORY | MSKU: UPDATED | Status: MSKU CSTE_O0390_OT_Toiletry_Bottles: -2 from TLCQ
2025-06-21 21:17:11,513 - INFO - SKU: INVENTORY | MSKU: UPDATED | Status: MSKU CSTE_O0390_OT_Toiletry_Bottles: -1 from TLCQ
2025-06-21 21:17:11,520 - INFO - SKU: INVENTORY | MSKU: UPDATED | Status: MSKU CSTE_0162_SG_FireGlass_MercuryPink: -1 from TLCQ
2025-06-21 21:17:11,522 - INFO - SKU: INVENTORY | MSKU: UPDATED | Status: MSKU CSTE_O0390_OT_Toiletry_Bottles: -1 from TLCQ
2025-06-21 21:17:11,525 - INFO - SKU: INVENTORY | MSKU: UPDATED | Status: MSKU CSTE_0478_ST_Minecraft_Cow_Brown: -1 from TLCQ
2025-06-21 21:17:11,527 - INFO - SKU: INVENTORY | MSKU: UPDATED | Status: MSKU CSTE_O0390_OT_Toiletry_Bottles: -1 from TLCQ
2025-06-21 21:17:11,529 - INFO - SKU: INVENTORY | MSKU: NO_STOCK | Status: MSKU CSTE_0013_MB_HBD_Red: No available stock in any warehouse
2025-06-21 21:17:11,530 - INFO - SKU: INVENTORY | MSKU: UPDATED | Status: MSKU CSTE_0020_MB_HP_Black: -1 from TLCQ
2025-06-21 21:17:11,536 - INFO - SKU: INVENTORY | MSKU: UPDATED | Status: MSKU CSTE_O0390_OT_Toiletry_Bottles: -1 from TLCQ
2025-06-21 21:17:11,541 - INFO - SKU: INVENTORY | MSKU: UPDATED | Status: MSKU CSTE_0157_SG_FireGlass_Green: -1 from TLCQ
2025-06-21 21:17:11,543 - INFO - SKU: INVENTORY | MSKU: UPDATED | Status: MSKU CSTE_0463_ST_Pokemon_Gengar: -1 from TLCQ
2025-06-21 21:17:11,545 - INFO - SKU: INVENTORY | MSKU: UPDATED | Status: MSKU CSTE_O0390_OT_Toiletry_Bottles: -1 from TLCQ
2025-06-21 21:17:11,547 - INFO - SKU: INVENTORY | MSKU: NO_STOCK | Status: MSKU CSTE_0148_SG_ButterFly_RedGreen: No available stock in any warehouse
2025-06-21 21:17:11,553 - INFO - SKU: INVENTORY | MSKU: UPDATED | Status: MSKU CSTE_0020_MB_HP_Black: -1 from TLCQ
2025-06-21 21:17:11,556 - INFO - SKU: INVENTORY | MSKU: UPDATED | Status: MSKU CSTE_O0390_OT_Toiletry_Bottles: -1 from TLCQ
2025-06-21 21:17:11,557 - INFO - SKU: INVENTORY | MSKU: UPDATED | Status: MSKU CSTE_0020_MB_HP_Black: -1 from TLCQ
2025-06-21 21:17:11,559 - INFO - SKU: INVENTORY | MSKU: UPDATED | Status: MSKU CSTE_0157_SG_FireGlass_Green: -1 from TLCQ
2025-06-21 21:17:11,561 - INFO - SKU: INVENTORY | MSKU: UPDATED | Status: MSKU CSTE_O0390_OT_Toiletry_Bottles: -1 from TLCQ
2025-06-21 21:17:11,563 - INFO - SKU: INVENTORY | MSKU: UPDATED | Status: MSKU CSTE_0447_CLT_AF_Goku_SSJ: -1 from TLCQ
2025-06-21 21:17:11,570 - INFO - SKU: INVENTORY | MSKU: NO_STOCK | Status: MSKU CSTE_0417_Organizer_StorageBox_SkyBlue: No available stock in any warehouse
2025-06-21 21:17:11,571 - INFO - SKU: INVENTORY | MSKU: UPDATED | Status: MSKU CSTE_0020_MB_HP_Black: -1 from TLCQ
2025-06-21 21:17:11,573 - INFO - SKU: INVENTORY | MSKU: NO_STOCK | Status: MSKU CSTE_0156_SG_FireGlass_Yellow: No available stock in any warehouse
2025-06-21 21:17:11,574 - INFO - SKU: INVENTORY | MSKU: NO_STOCK | Status: MSKU CSTE_O0120_OT_DolphinBubbleMachine: No available stock in any warehouse
2025-06-21 21:17:11,575 - INFO - SKU: INVENTORY | MSKU: NO_STOCK | Status: MSKU CSTE_0054_MB_Starwar_Black: No available stock in any warehouse
2025-06-21 21:17:11,578 - INFO - SKU: INVENTORY | MSKU: UPDATED | Status: MSKU CSTE_0020_MB_HP_Black: -1 from TLCQ
2025-06-21 21:17:11,579 - INFO - SKU: INVENTORY | MSKU: UPDATED | Status: MSKU CSTE_O0390_OT_Toiletry_Bottles: -1 from TLCQ
2025-06-21 21:17:11,586 - INFO - SKU: INVENTORY | MSKU: UPDATED | Status: MSKU CSTE_O0445_OT_Glue_Sand_Rubber_Monkey: -1 from TLCQ
2025-06-21 21:17:11,588 - INFO - SKU: INVENTORY | MSKU: UPDATED | Status: MSKU CSTE_0294_OT_Harrypotter_new_wand: -1 from TLCQ
2025-06-21 21:17:11,590 - INFO - SKU: INVENTORY | MSKU: UPDATED | Status: MSKU CSTE_0533_ST_Animal_Breathing_Koala_Grey: -1 from TLCQ
2025-06-21 21:17:11,592 - INFO - SKU: INVENTORY | MSKU: UPDATED | Status: MSKU CSTE_0020_MB_HP_Black: -1 from TLCQ
2025-06-21 21:17:11,592 - INFO - SKU: INVENTORY | MSKU: ORDER_ERROR | Status: Failed to process order 46: ('Lengths must match to compare', (1011,), (2,))
2025-06-21 21:17:11,595 - INFO - SKU: INVENTORY | MSKU: UPDATED | Status: MSKU CSTE_0205_MB_MHA10_Brown: -1 from TLCQ
2025-06-21 21:17:11,597 - INFO - SKU: INVENTORY | MSKU: NO_STOCK | Status: MSKU CSTE_0148_SG_ButterFly_RedGreen: No available stock in any warehouse
2025-06-21 21:17:11,604 - INFO - SKU: INVENTORY | MSKU: UPDATED | Status: MSKU CSTE_0157_SG_FireGlass_Green: -1 from TLCQ
2025-06-21 21:17:11,606 - INFO - SKU: INVENTORY | MSKU: UPDATED | Status: MSKU CSTE_O0390_OT_Toiletry_Bottles: -1 from TLCQ
2025-06-21 21:17:11,608 - INFO - SKU: INVENTORY | MSKU: UPDATED | Status: MSKU CSTE_0085_MB_Titanic_Brown: -1 from TLCQ
2025-06-21 21:17:11,610 - INFO - SKU: INVENTORY | MSKU: UPDATED | Status: MSKU CSTE_O0390_OT_Toiletry_Bottles: -1 from TLCQ
2025-06-21 21:17:11,612 - INFO - SKU: INVENTORY | MSKU: NO_STOCK | Status: MSKU CSTE_0148_SG_ButterFly_RedGreen: No available stock in any warehouse
2025-06-21 21:17:11,614 - INFO - SKU: INVENTORY | MSKU: NO_STOCK | Status: MSKU CSTE_0111_HD_Rug_CircleFurmat_White: No available stock in any warehouse
2025-06-21 21:17:11,621 - INFO - SKU: INVENTORY | MSKU: UPDATED | Status: MSKU CSTE_O0390_OT_Toiletry_Bottles: -1 from TLCQ
2025-06-21 21:17:11,623 - INFO - SKU: INVENTORY | MSKU: UPDATED | Status: MSKU CSTE_0020_MB_HP_Black: -1 from TLCQ
2025-06-21 21:17:11,625 - INFO - SKU: INVENTORY | MSKU: UPDATED | Status: MSKU CSTE_O0390_OT_Toiletry_Bottles: -1 from TLCQ
2025-06-21 21:17:11,627 - INFO - SKU: INVENTORY | MSKU: NO_STOCK | Status: MSKU CSTE_0148_SG_ButterFly_RedGreen: No available stock in any warehouse
2025-06-21 21:17:11,628 - INFO - SKU: INVENTORY | MSKU: NO_STOCK | Status: MSKU CSTE_0148_SG_ButterFly_RedGreen: No available stock in any warehouse
2025-06-21 21:17:11,630 - INFO - SKU: INVENTORY | MSKU: UPDATED | Status: MSKU CSTE_0157_SG_FireGlass_Green: -1 from TLCQ
2025-06-21 21:17:11,634 - INFO - SKU: INVENTORY | MSKU: UPDATED | Status: MSKU CSTE_O0390_OT_Toiletry_Bottles: -2 from TLCQ
2025-06-21 21:17:11,637 - INFO - SKU: INVENTORY | MSKU: NO_STOCK | Status: MSKU CSTE_0111_HD_Rug_CircleFurmat_White: No available stock in any warehouse
2025-06-21 21:17:11,638 - INFO - SKU: INVENTORY | MSKU: UPDATED | Status: MSKU CSTE_O0390_OT_Toiletry_Bottles: -1 from TLCQ
2025-06-21 21:17:11,649 - INFO - SKU: INVENTORY | MSKU: SAVED | Status: Updated inventory saved to memory\inventory_memory.csv with 1011 records
2025-06-21 21:17:11,656 - INFO - SKU: OUTBOUND | MSKU: SUCCESS | Status: Outbound data processed: 64 records with columns: ['date', 'panel', 'sku', 'msku', 'quantity', 'warehouse']
2025-06-21 21:31:28,583 - INFO - SKU: SYSTEM | MSKU: LOADED | Status: Mapping data loaded from memory: clean_data\sku_mappings_final_clean.csv
2025-06-21 21:31:28,586 - INFO - SKU: SYSTEM | MSKU: LOADED | Status: Combo SKU data loaded from master file: clean_data\combo_sku_clean.csv
2025-06-21 21:31:28,591 - INFO - SKU: SYSTEM | MSKU: LOADED | Status: Inventory data loaded from master file: clean_data\cleaned_inventory.csv
2025-06-21 21:31:28,603 - INFO - SKU: PROCESS | MSKU: SUCCESS | Status: SKU mapping completed successfully
2025-06-21 21:31:28,633 - INFO - SKU: INVENTORY | MSKU: UPDATED | Status: MSKU CSTE_0020_MB_HP_Black: -1 from TLCQ
2025-06-21 21:31:28,635 - INFO - SKU: INVENTORY | MSKU: BACKTRACK | Status: MSKU CSTE_0442_CLT_AF_Goku_Big: -1 from TLCQ (stock went negative: -1)
2025-06-21 21:31:28,638 - INFO - SKU: INVENTORY | MSKU: UPDATED | Status: MSKU CSTE_O0390_OT_Toiletry_Bottles: -1 from TLCQ
2025-06-21 21:31:28,639 - INFO - SKU: INVENTORY | MSKU: UPDATED | Status: MSKU CSTE_O0390_OT_Toiletry_Bottles: -1 from TLCQ
2025-06-21 21:31:28,641 - INFO - SKU: INVENTORY | MSKU: UPDATED | Status: MSKU CSTE_0020_MB_HP_Black: -1 from TLCQ
2025-06-21 21:31:28,644 - INFO - SKU: INVENTORY | MSKU: BACKTRACK | Status: MSKU CSTE_0490_ST_Fruit_Blox_Shadow: -1 from BLR7 (stock went negative: -1)
2025-06-21 21:31:28,646 - INFO - SKU: INVENTORY | MSKU: UPDATED | Status: MSKU CSTE_O0390_OT_Toiletry_Bottles: -1 from TLCQ
2025-06-21 21:31:28,650 - INFO - SKU: INVENTORY | MSKU: UPDATED | Status: MSKU CSTE_O0390_OT_Toiletry_Bottles: -1 from TLCQ
2025-06-21 21:31:28,652 - INFO - SKU: INVENTORY | MSKU: UPDATED | Status: MSKU CSTE_O0390_OT_Toiletry_Bottles: -2 from TLCQ
2025-06-21 21:31:28,654 - INFO - SKU: INVENTORY | MSKU: UPDATED | Status: MSKU CSTE_O0390_OT_Toiletry_Bottles: -1 from TLCQ
2025-06-21 21:31:28,656 - INFO - SKU: INVENTORY | MSKU: UPDATED | Status: MSKU CSTE_O0390_OT_Toiletry_Bottles: -1 from TLCQ
2025-06-21 21:31:28,658 - INFO - SKU: INVENTORY | MSKU: UPDATED | Status: MSKU CSTE_O0390_OT_Toiletry_Bottles: -1 from TLCQ
2025-06-21 21:31:28,660 - INFO - SKU: INVENTORY | MSKU: UPDATED | Status: MSKU CSTE_0454_ST_Animal_Garfield_Orange: -1 from TLCQ
2025-06-21 21:31:28,662 - INFO - SKU: INVENTORY | MSKU: UPDATED | Status: MSKU CSTE_0020_MB_HP_Black: -1 from TLCQ
2025-06-21 21:31:28,666 - INFO - SKU: INVENTORY | MSKU: UPDATED | Status: MSKU CSTE_O0390_OT_Toiletry_Bottles: -1 from TLCQ
2025-06-21 21:31:28,668 - INFO - SKU: INVENTORY | MSKU: BACKTRACK | Status: MSKU CSTE_0417_Organizer_StorageBox_SkyBlue: -1 from TLCQ (stock went negative: -1)
2025-06-21 21:31:28,670 - INFO - SKU: INVENTORY | MSKU: UPDATED | Status: MSKU CSTE_O0390_OT_Toiletry_Bottles: -2 from TLCQ
2025-06-21 21:31:28,672 - INFO - SKU: INVENTORY | MSKU: UPDATED | Status: MSKU CSTE_O0390_OT_Toiletry_Bottles: -1 from TLCQ
2025-06-21 21:31:28,673 - INFO - SKU: INVENTORY | MSKU: UPDATED | Status: MSKU CSTE_0162_SG_FireGlass_MercuryPink: -1 from TLCQ
2025-06-21 21:31:28,675 - INFO - SKU: INVENTORY | MSKU: UPDATED | Status: MSKU CSTE_O0390_OT_Toiletry_Bottles: -1 from TLCQ
2025-06-21 21:31:28,677 - INFO - SKU: INVENTORY | MSKU: UPDATED | Status: MSKU CSTE_0478_ST_Minecraft_Cow_Brown: -1 from TLCQ
2025-06-21 21:31:28,678 - INFO - SKU: INVENTORY | MSKU: UPDATED | Status: MSKU CSTE_O0390_OT_Toiletry_Bottles: -1 from TLCQ
2025-06-21 21:31:28,683 - INFO - SKU: INVENTORY | MSKU: BACKTRACK | Status: MSKU CSTE_0013_MB_HBD_Red: -1 from BLR7 (stock went negative: -1)
2025-06-21 21:31:28,686 - INFO - SKU: INVENTORY | MSKU: UPDATED | Status: MSKU CSTE_0020_MB_HP_Black: -1 from TLCQ
2025-06-21 21:31:28,688 - INFO - SKU: INVENTORY | MSKU: UPDATED | Status: MSKU CSTE_O0390_OT_Toiletry_Bottles: -1 from TLCQ
2025-06-21 21:31:28,690 - INFO - SKU: INVENTORY | MSKU: UPDATED | Status: MSKU CSTE_0157_SG_FireGlass_Green: -1 from TLCQ
2025-06-21 21:31:28,692 - INFO - SKU: INVENTORY | MSKU: UPDATED | Status: MSKU CSTE_0463_ST_Pokemon_Gengar: -1 from TLCQ
2025-06-21 21:31:28,694 - INFO - SKU: INVENTORY | MSKU: UPDATED | Status: MSKU CSTE_O0390_OT_Toiletry_Bottles: -1 from TLCQ
2025-06-21 21:31:28,697 - INFO - SKU: INVENTORY | MSKU: BACKTRACK | Status: MSKU CSTE_0148_SG_ButterFly_RedGreen: -1 from BLR7 (stock went negative: -1)
2025-06-21 21:31:28,701 - INFO - SKU: INVENTORY | MSKU: UPDATED | Status: MSKU CSTE_0020_MB_HP_Black: -1 from TLCQ
2025-06-21 21:31:28,704 - INFO - SKU: INVENTORY | MSKU: UPDATED | Status: MSKU CSTE_O0390_OT_Toiletry_Bottles: -1 from TLCQ
2025-06-21 21:31:28,706 - INFO - SKU: INVENTORY | MSKU: UPDATED | Status: MSKU CSTE_0020_MB_HP_Black: -1 from TLCQ
2025-06-21 21:31:28,708 - INFO - SKU: INVENTORY | MSKU: UPDATED | Status: MSKU CSTE_0157_SG_FireGlass_Green: -1 from TLCQ
2025-06-21 21:31:28,711 - INFO - SKU: INVENTORY | MSKU: UPDATED | Status: MSKU CSTE_O0390_OT_Toiletry_Bottles: -1 from TLCQ
2025-06-21 21:31:28,715 - INFO - SKU: INVENTORY | MSKU: UPDATED | Status: MSKU CSTE_0447_CLT_AF_Goku_SSJ: -1 from TLCQ
2025-06-21 21:31:28,719 - INFO - SKU: INVENTORY | MSKU: BACKTRACK | Status: MSKU CSTE_0417_Organizer_StorageBox_SkyBlue: -1 from BLR7 (stock went negative: -1)
2025-06-21 21:31:28,722 - INFO - SKU: INVENTORY | MSKU: UPDATED | Status: MSKU CSTE_0020_MB_HP_Black: -1 from TLCQ
2025-06-21 21:31:28,725 - INFO - SKU: INVENTORY | MSKU: BACKTRACK | Status: MSKU CSTE_0156_SG_FireGlass_Yellow: -1 from TLCQ (stock went negative: -1)
2025-06-21 21:31:28,727 - INFO - SKU: INVENTORY | MSKU: BACKTRACK | Status: MSKU CSTE_O0120_OT_DolphinBubbleMachine: -1 from TLCQ (stock went negative: -1)
2025-06-21 21:31:28,729 - INFO - SKU: INVENTORY | MSKU: BACKTRACK | Status: MSKU CSTE_0054_MB_Starwar_Black: -1 from BLR7 (stock went negative: -1)
2025-06-21 21:31:28,734 - INFO - SKU: INVENTORY | MSKU: UPDATED | Status: MSKU CSTE_0020_MB_HP_Black: -1 from TLCQ
2025-06-21 21:31:28,736 - INFO - SKU: INVENTORY | MSKU: UPDATED | Status: MSKU CSTE_O0390_OT_Toiletry_Bottles: -1 from TLCQ
2025-06-21 21:31:28,739 - INFO - SKU: INVENTORY | MSKU: UPDATED | Status: MSKU CSTE_O0445_OT_Glue_Sand_Rubber_Monkey: -1 from TLCQ
2025-06-21 21:31:28,742 - INFO - SKU: INVENTORY | MSKU: UPDATED | Status: MSKU CSTE_0294_OT_Harrypotter_new_wand: -1 from TLCQ
2025-06-21 21:31:28,744 - INFO - SKU: INVENTORY | MSKU: UPDATED | Status: MSKU CSTE_0533_ST_Animal_Breathing_Koala_Grey: -1 from TLCQ
2025-06-21 21:31:28,746 - INFO - SKU: INVENTORY | MSKU: UPDATED | Status: MSKU CSTE_0020_MB_HP_Black: -1 from TLCQ
2025-06-21 21:31:28,750 - INFO - SKU: INVENTORY | MSKU: ORDER_ERROR | Status: Failed to process order 46: ('Lengths must match to compare', (1011,), (2,))
2025-06-21 21:31:28,752 - INFO - SKU: INVENTORY | MSKU: UPDATED | Status: MSKU CSTE_0205_MB_MHA10_Brown: -1 from TLCQ
2025-06-21 21:31:28,754 - INFO - SKU: INVENTORY | MSKU: BACKTRACK | Status: MSKU CSTE_0148_SG_ButterFly_RedGreen: -1 from BLR8 (stock went negative: -1)
2025-06-21 21:31:28,756 - INFO - SKU: INVENTORY | MSKU: UPDATED | Status: MSKU CSTE_0157_SG_FireGlass_Green: -1 from TLCQ
2025-06-21 21:31:28,758 - INFO - SKU: INVENTORY | MSKU: UPDATED | Status: MSKU CSTE_O0390_OT_Toiletry_Bottles: -1 from TLCQ
2025-06-21 21:31:28,760 - INFO - SKU: INVENTORY | MSKU: UPDATED | Status: MSKU CSTE_0085_MB_Titanic_Brown: -1 from TLCQ
2025-06-21 21:31:28,762 - INFO - SKU: INVENTORY | MSKU: UPDATED | Status: MSKU CSTE_O0390_OT_Toiletry_Bottles: -1 from TLCQ
2025-06-21 21:31:28,767 - INFO - SKU: INVENTORY | MSKU: BACKTRACK | Status: MSKU CSTE_0148_SG_ButterFly_RedGreen: -1 from BOM5 (stock went negative: -1)
2025-06-21 21:31:28,770 - INFO - SKU: INVENTORY | MSKU: BACKTRACK | Status: MSKU CSTE_0111_HD_Rug_CircleFurmat_White: -1 from TLCQ (stock went negative: -1)
2025-06-21 21:31:28,772 - INFO - SKU: INVENTORY | MSKU: UPDATED | Status: MSKU CSTE_O0390_OT_Toiletry_Bottles: -1 from TLCQ
2025-06-21 21:31:28,774 - INFO - SKU: INVENTORY | MSKU: UPDATED | Status: MSKU CSTE_0020_MB_HP_Black: -1 from TLCQ
2025-06-21 21:31:28,775 - INFO - SKU: INVENTORY | MSKU: UPDATED | Status: MSKU CSTE_O0390_OT_Toiletry_Bottles: -1 from TLCQ
2025-06-21 21:31:28,778 - INFO - SKU: INVENTORY | MSKU: BACKTRACK | Status: MSKU CSTE_0148_SG_ButterFly_RedGreen: -1 from BOM7 (stock went negative: -1)
2025-06-21 21:31:28,783 - INFO - SKU: INVENTORY | MSKU: BACKTRACK | Status: MSKU CSTE_0148_SG_ButterFly_RedGreen: -1 from CCU1 (stock went negative: -1)
2025-06-21 21:31:28,786 - INFO - SKU: INVENTORY | MSKU: UPDATED | Status: MSKU CSTE_0157_SG_FireGlass_Green: -1 from TLCQ
2025-06-21 21:31:28,789 - INFO - SKU: INVENTORY | MSKU: UPDATED | Status: MSKU CSTE_O0390_OT_Toiletry_Bottles: -2 from TLCQ
2025-06-21 21:31:28,792 - INFO - SKU: INVENTORY | MSKU: BACKTRACK | Status: MSKU CSTE_0111_HD_Rug_CircleFurmat_White: -1 from BLR7 (stock went negative: -1)
2025-06-21 21:31:28,798 - INFO - SKU: INVENTORY | MSKU: UPDATED | Status: MSKU CSTE_O0390_OT_Toiletry_Bottles: -1 from TLCQ
2025-06-21 21:31:28,809 - INFO - SKU: INVENTORY | MSKU: SAVED | Status: Updated inventory saved to memory\inventory_memory.csv with 1011 records
2025-06-21 21:31:28,817 - INFO - SKU: OUTBOUND | MSKU: SUCCESS | Status: Outbound data processed: 64 records with columns: ['date', 'panel', 'sku', 'msku', 'quantity', 'warehouse']
2025-06-21 22:21:25,635 - INFO - MEMORY | LOADED | Data loaded from master: clean_data\sku_mappings_final_clean.csv
2025-06-21 22:21:25,649 - INFO - VALIDATOR | SUCCESS | Normalized columns: ['sku', 'msku', 'panels', 'status 1', 'status 2', 'image']
2025-06-21 22:21:25,661 - INFO - MEMORY | LOADED | Data loaded from master: clean_data\combo_sku_clean.csv
2025-06-21 22:21:25,666 - INFO - COMBO | INITIALIZED | Combo hashtable built with 375 entries
2025-06-21 22:21:25,702 - INFO - MEMORY | LOADED | Data loaded from memory: memory\inventory_memory.csv
2025-06-21 22:21:25,708 - INFO - MAPPER | HASHTABLE | Built hashtable with 4327 mappings
2025-06-21 22:21:25,709 - INFO - SYSTEM | INITIALIZED | All components loaded successfully
2025-06-21 22:21:25,710 - INFO - MAPPER | STARTED | Processing SKU mappings
2025-06-21 22:21:25,715 - INFO - VALIDATOR | SUCCESS | Normalized columns: ['reason for credit entry', 'sub order no', 'order date', 'customer state', 'product name', 'sku', 'size', 'quantity', 'supplier listed price (incl. gst + commission)', 'supplier discounted price (incl gst and commision)', 'packet id']
2025-06-21 22:21:25,817 - INFO - MAPPER | COMPLETED | Processed 64 records
2025-06-21 22:21:25,826 - INFO - INVENTORY | ASSIGNED | MSKU CSTE_0020_MB_HP_Black: 1 units from TLCQ
2025-06-21 22:21:25,829 - INFO - INVENTORY | STOCK_UPDATED | MSKU CSTE_0020_MB_HP_Black: -1 from TLCQ (new stock: 58)
2025-06-21 22:21:25,834 - INFO - INVENTORY | BACKTRACK | MSKU CSTE_0442_CLT_AF_Goku_Big: 1 units from BLR7 (insufficient stock)
2025-06-21 22:21:25,837 - INFO - INVENTORY | STOCK_UPDATED | MSKU CSTE_0442_CLT_AF_Goku_Big: -1 from BLR7 (new stock: -1)
2025-06-21 22:21:25,842 - INFO - INVENTORY | BACKTRACK | MSKU CSTE_O0390_OT_Toiletry_Bottles: 1 units from TLCQ (insufficient stock)
2025-06-21 22:21:25,846 - INFO - INVENTORY | STOCK_UPDATED | MSKU CSTE_O0390_OT_Toiletry_Bottles: -1 from TLCQ (new stock: -1)
2025-06-21 22:21:25,850 - INFO - INVENTORY | BACKTRACK | MSKU CSTE_O0390_OT_Toiletry_Bottles: 1 units from BLR7 (insufficient stock)
2025-06-21 22:21:25,857 - INFO - INVENTORY | STOCK_UPDATED | MSKU CSTE_O0390_OT_Toiletry_Bottles: -1 from BLR7 (new stock: -1)
2025-06-21 22:21:25,863 - INFO - INVENTORY | ASSIGNED | MSKU CSTE_0020_MB_HP_Black: 1 units from TLCQ
2025-06-21 22:21:25,866 - INFO - INVENTORY | STOCK_UPDATED | MSKU CSTE_0020_MB_HP_Black: -1 from TLCQ (new stock: 57)
2025-06-21 22:21:25,883 - INFO - INVENTORY | BACKTRACK | MSKU CSTE_0490_ST_Fruit_Blox_Shadow: 1 units from BLR8 (insufficient stock)
2025-06-21 22:21:25,887 - INFO - INVENTORY | STOCK_UPDATED | MSKU CSTE_0490_ST_Fruit_Blox_Shadow: -1 from BLR8 (new stock: -1)
2025-06-21 22:21:25,901 - INFO - INVENTORY | BACKTRACK | MSKU CSTE_O0390_OT_Toiletry_Bottles: 1 units from BLR8 (insufficient stock)
2025-06-21 22:21:25,911 - INFO - INVENTORY | STOCK_UPDATED | MSKU CSTE_O0390_OT_Toiletry_Bottles: -1 from BLR8 (new stock: -1)
2025-06-21 22:21:25,917 - INFO - INVENTORY | BACKTRACK | MSKU CSTE_O0390_OT_Toiletry_Bottles: 1 units from BOM5 (insufficient stock)
2025-06-21 22:21:25,926 - INFO - INVENTORY | STOCK_UPDATED | MSKU CSTE_O0390_OT_Toiletry_Bottles: -1 from BOM5 (new stock: -1)
2025-06-21 22:21:25,933 - INFO - INVENTORY | BACKTRACK | MSKU CSTE_O0390_OT_Toiletry_Bottles: 2 units from BOM7 (insufficient stock)
2025-06-21 22:21:25,937 - INFO - INVENTORY | STOCK_UPDATED | MSKU CSTE_O0390_OT_Toiletry_Bottles: -2 from BOM7 (new stock: -2)
2025-06-21 22:21:25,948 - INFO - INVENTORY | BACKTRACK | MSKU CSTE_O0390_OT_Toiletry_Bottles: 1 units from CCU1 (insufficient stock)
2025-06-21 22:21:25,951 - INFO - INVENTORY | STOCK_UPDATED | MSKU CSTE_O0390_OT_Toiletry_Bottles: -1 from CCU1 (new stock: -1)
2025-06-21 22:21:25,963 - INFO - INVENTORY | BACKTRACK | MSKU CSTE_O0390_OT_Toiletry_Bottles: 1 units from CCX1 (insufficient stock)
2025-06-21 22:21:25,967 - INFO - INVENTORY | STOCK_UPDATED | MSKU CSTE_O0390_OT_Toiletry_Bottles: -1 from CCX1 (new stock: -1)
2025-06-21 22:21:25,972 - INFO - INVENTORY | BACKTRACK | MSKU CSTE_O0390_OT_Toiletry_Bottles: 1 units from DEL4 (insufficient stock)
2025-06-21 22:21:25,979 - INFO - INVENTORY | STOCK_UPDATED | MSKU CSTE_O0390_OT_Toiletry_Bottles: -1 from DEL4 (new stock: -1)
2025-06-21 22:21:25,984 - INFO - INVENTORY | ASSIGNED | MSKU CSTE_0454_ST_Animal_Garfield_Orange: 1 units from TLCQ
2025-06-21 22:21:25,990 - INFO - INVENTORY | STOCK_UPDATED | MSKU CSTE_0454_ST_Animal_Garfield_Orange: -1 from TLCQ (new stock: 4)
2025-06-21 22:21:25,996 - INFO - INVENTORY | ASSIGNED | MSKU CSTE_0020_MB_HP_Black: 1 units from TLCQ
2025-06-21 22:21:25,999 - INFO - INVENTORY | STOCK_UPDATED | MSKU CSTE_0020_MB_HP_Black: -1 from TLCQ (new stock: 56)
2025-06-21 22:21:26,002 - INFO - INVENTORY | BACKTRACK | MSKU CSTE_O0390_OT_Toiletry_Bottles: 1 units from DEL5 (insufficient stock)
2025-06-21 22:21:26,005 - INFO - INVENTORY | STOCK_UPDATED | MSKU CSTE_O0390_OT_Toiletry_Bottles: -1 from DEL5 (new stock: -1)
2025-06-21 22:21:26,010 - INFO - INVENTORY | BACKTRACK | MSKU CSTE_0417_Organizer_StorageBox_SkyBlue: 1 units from BLR8 (insufficient stock)
2025-06-21 22:21:26,013 - INFO - INVENTORY | STOCK_UPDATED | MSKU CSTE_0417_Organizer_StorageBox_SkyBlue: -1 from BLR8 (new stock: -1)
2025-06-21 22:21:26,018 - INFO - INVENTORY | BACKTRACK | MSKU CSTE_O0390_OT_Toiletry_Bottles: 2 units from DEX3 (insufficient stock)
2025-06-21 22:21:26,024 - INFO - INVENTORY | STOCK_UPDATED | MSKU CSTE_O0390_OT_Toiletry_Bottles: -2 from DEX3 (new stock: -2)
2025-06-21 22:21:26,029 - INFO - INVENTORY | BACKTRACK | MSKU CSTE_O0390_OT_Toiletry_Bottles: 1 units from PNQ2 (insufficient stock)
2025-06-21 22:21:26,032 - INFO - INVENTORY | STOCK_UPDATED | MSKU CSTE_O0390_OT_Toiletry_Bottles: -1 from PNQ2 (new stock: -1)
2025-06-21 22:21:26,041 - INFO - INVENTORY | ASSIGNED | MSKU CSTE_0162_SG_FireGlass_MercuryPink: 1 units from TLCQ
2025-06-21 22:21:26,046 - INFO - INVENTORY | STOCK_UPDATED | MSKU CSTE_0162_SG_FireGlass_MercuryPink: -1 from TLCQ (new stock: 3)
2025-06-21 22:21:26,050 - INFO - INVENTORY | BACKTRACK | MSKU CSTE_O0390_OT_Toiletry_Bottles: 1 units from PNQ3 (insufficient stock)
2025-06-21 22:21:26,057 - INFO - INVENTORY | STOCK_UPDATED | MSKU CSTE_O0390_OT_Toiletry_Bottles: -1 from PNQ3 (new stock: -1)
2025-06-21 22:21:26,062 - INFO - INVENTORY | ASSIGNED | MSKU CSTE_0478_ST_Minecraft_Cow_Brown: 1 units from TLCQ
2025-06-21 22:21:26,100 - INFO - INVENTORY | STOCK_UPDATED | MSKU CSTE_0478_ST_Minecraft_Cow_Brown: -1 from TLCQ (new stock: 0)
2025-06-21 22:21:26,125 - INFO - INVENTORY | BACKTRACK | MSKU CSTE_O0390_OT_Toiletry_Bottles: 1 units from SDED (insufficient stock)
2025-06-21 22:21:26,141 - INFO - INVENTORY | STOCK_UPDATED | MSKU CSTE_O0390_OT_Toiletry_Bottles: -1 from SDED (new stock: -1)
2025-06-21 22:21:26,258 - INFO - INVENTORY | BACKTRACK | MSKU CSTE_0013_MB_HBD_Red: 1 units from BLR8 (insufficient stock)
2025-06-21 22:21:26,262 - INFO - INVENTORY | STOCK_UPDATED | MSKU CSTE_0013_MB_HBD_Red: -1 from BLR8 (new stock: -1)
2025-06-21 22:21:26,266 - INFO - INVENTORY | ASSIGNED | MSKU CSTE_0020_MB_HP_Black: 1 units from TLCQ
2025-06-21 22:21:26,306 - INFO - INVENTORY | STOCK_UPDATED | MSKU CSTE_0020_MB_HP_Black: -1 from TLCQ (new stock: 55)
2025-06-21 22:21:26,312 - INFO - INVENTORY | BACKTRACK | MSKU CSTE_O0390_OT_Toiletry_Bottles: 1 units from SDEE (insufficient stock)
2025-06-21 22:21:26,316 - INFO - INVENTORY | STOCK_UPDATED | MSKU CSTE_O0390_OT_Toiletry_Bottles: -1 from SDEE (new stock: -1)
2025-06-21 22:21:26,323 - INFO - INVENTORY | ASSIGNED | MSKU CSTE_0157_SG_FireGlass_Green: 1 units from TLCQ
2025-06-21 22:21:26,326 - INFO - INVENTORY | STOCK_UPDATED | MSKU CSTE_0157_SG_FireGlass_Green: -1 from TLCQ (new stock: 0)
2025-06-21 22:21:26,330 - INFO - INVENTORY | ASSIGNED | MSKU CSTE_0463_ST_Pokemon_Gengar: 1 units from TLCQ
2025-06-21 22:21:26,334 - INFO - INVENTORY | STOCK_UPDATED | MSKU CSTE_0463_ST_Pokemon_Gengar: -1 from TLCQ (new stock: 2)
2025-06-21 22:21:26,371 - INFO - INVENTORY | BACKTRACK | MSKU CSTE_O0390_OT_Toiletry_Bottles: 1 units from XHJ9 (insufficient stock)
2025-06-21 22:21:26,384 - INFO - INVENTORY | STOCK_UPDATED | MSKU CSTE_O0390_OT_Toiletry_Bottles: -1 from XHJ9 (new stock: -1)
2025-06-21 22:21:26,391 - INFO - INVENTORY | BACKTRACK | MSKU CSTE_0148_SG_ButterFly_RedGreen: 1 units from CCX1 (insufficient stock)
2025-06-21 22:21:26,394 - INFO - INVENTORY | STOCK_UPDATED | MSKU CSTE_0148_SG_ButterFly_RedGreen: -1 from CCX1 (new stock: -1)
2025-06-21 22:21:26,404 - INFO - INVENTORY | ASSIGNED | MSKU CSTE_0020_MB_HP_Black: 1 units from TLCQ
2025-06-21 22:21:26,408 - INFO - INVENTORY | STOCK_UPDATED | MSKU CSTE_0020_MB_HP_Black: -1 from TLCQ (new stock: 54)
2025-06-21 22:21:26,415 - INFO - INVENTORY | BACKTRACK | MSKU CSTE_O0390_OT_Toiletry_Bottles: 1 units from TLCQ (insufficient stock)
2025-06-21 22:21:26,418 - INFO - INVENTORY | STOCK_UPDATED | MSKU CSTE_O0390_OT_Toiletry_Bottles: -1 from TLCQ (new stock: -2)
2025-06-21 22:21:26,428 - INFO - INVENTORY | ASSIGNED | MSKU CSTE_0020_MB_HP_Black: 1 units from TLCQ
2025-06-21 22:21:26,431 - INFO - INVENTORY | STOCK_UPDATED | MSKU CSTE_0020_MB_HP_Black: -1 from TLCQ (new stock: 53)
2025-06-21 22:21:26,439 - INFO - INVENTORY | BACKTRACK | MSKU CSTE_0157_SG_FireGlass_Green: 1 units from TLCQ (insufficient stock)
2025-06-21 22:21:26,444 - INFO - INVENTORY | STOCK_UPDATED | MSKU CSTE_0157_SG_FireGlass_Green: -1 from TLCQ (new stock: -1)
2025-06-21 22:21:26,449 - INFO - INVENTORY | BACKTRACK | MSKU CSTE_O0390_OT_Toiletry_Bottles: 1 units from BLR7 (insufficient stock)
2025-06-21 22:21:26,451 - INFO - INVENTORY | STOCK_UPDATED | MSKU CSTE_O0390_OT_Toiletry_Bottles: -1 from BLR7 (new stock: -2)
2025-06-21 22:21:26,457 - INFO - INVENTORY | ASSIGNED | MSKU CSTE_0447_CLT_AF_Goku_SSJ: 1 units from TLCQ
2025-06-21 22:21:26,463 - INFO - INVENTORY | STOCK_UPDATED | MSKU CSTE_0447_CLT_AF_Goku_SSJ: -1 from TLCQ (new stock: 0)
2025-06-21 22:21:26,467 - INFO - INVENTORY | BACKTRACK | MSKU CSTE_0417_Organizer_StorageBox_SkyBlue: 1 units from BOM5 (insufficient stock)
2025-06-21 22:21:26,471 - INFO - INVENTORY | STOCK_UPDATED | MSKU CSTE_0417_Organizer_StorageBox_SkyBlue: -1 from BOM5 (new stock: -1)
2025-06-21 22:21:26,477 - INFO - INVENTORY | ASSIGNED | MSKU CSTE_0020_MB_HP_Black: 1 units from TLCQ
2025-06-21 22:21:26,480 - INFO - INVENTORY | STOCK_UPDATED | MSKU CSTE_0020_MB_HP_Black: -1 from TLCQ (new stock: 52)
2025-06-21 22:21:26,484 - INFO - INVENTORY | BACKTRACK | MSKU CSTE_0156_SG_FireGlass_Yellow: 1 units from BLR7 (insufficient stock)
2025-06-21 22:21:26,487 - INFO - INVENTORY | STOCK_UPDATED | MSKU CSTE_0156_SG_FireGlass_Yellow: -1 from BLR7 (new stock: -1)
2025-06-21 22:21:26,492 - INFO - INVENTORY | BACKTRACK | MSKU CSTE_O0120_OT_DolphinBubbleMachine: 1 units from BLR7 (insufficient stock)
2025-06-21 22:21:26,495 - INFO - INVENTORY | STOCK_UPDATED | MSKU CSTE_O0120_OT_DolphinBubbleMachine: -1 from BLR7 (new stock: -1)
2025-06-21 22:21:26,500 - INFO - INVENTORY | BACKTRACK | MSKU CSTE_0054_MB_Starwar_Black: 1 units from BLR8 (insufficient stock)
2025-06-21 22:21:26,503 - INFO - INVENTORY | STOCK_UPDATED | MSKU CSTE_0054_MB_Starwar_Black: -1 from BLR8 (new stock: -1)
2025-06-21 22:21:26,510 - INFO - INVENTORY | ASSIGNED | MSKU CSTE_0020_MB_HP_Black: 1 units from TLCQ
2025-06-21 22:21:26,514 - INFO - INVENTORY | STOCK_UPDATED | MSKU CSTE_0020_MB_HP_Black: -1 from TLCQ (new stock: 51)
2025-06-21 22:21:26,520 - INFO - INVENTORY | BACKTRACK | MSKU CSTE_O0390_OT_Toiletry_Bottles: 1 units from BLR8 (insufficient stock)
2025-06-21 22:21:26,525 - INFO - INVENTORY | STOCK_UPDATED | MSKU CSTE_O0390_OT_Toiletry_Bottles: -1 from BLR8 (new stock: -2)
2025-06-21 22:21:26,529 - INFO - INVENTORY | BACKTRACK | MSKU CSTE_O0445_OT_Glue_Sand_Rubber_Monkey: 1 units from TLCQ (insufficient stock)
2025-06-21 22:21:26,532 - INFO - INVENTORY | STOCK_UPDATED | MSKU CSTE_O0445_OT_Glue_Sand_Rubber_Monkey: -1 from TLCQ (new stock: -1)
2025-06-21 22:21:26,541 - INFO - INVENTORY | BACKTRACK | MSKU CSTE_0294_OT_Harrypotter_new_wand: 1 units from TLCQ (insufficient stock)
2025-06-21 22:21:26,543 - INFO - INVENTORY | STOCK_UPDATED | MSKU CSTE_0294_OT_Harrypotter_new_wand: -1 from TLCQ (new stock: -1)
2025-06-21 22:21:26,546 - INFO - INVENTORY | ASSIGNED | MSKU CSTE_0533_ST_Animal_Breathing_Koala_Grey: 1 units from TLCQ
2025-06-21 22:21:26,548 - INFO - INVENTORY | STOCK_UPDATED | MSKU CSTE_0533_ST_Animal_Breathing_Koala_Grey: -1 from TLCQ (new stock: 0)
2025-06-21 22:21:26,551 - INFO - INVENTORY | ASSIGNED | MSKU CSTE_0020_MB_HP_Black: 1 units from TLCQ
2025-06-21 22:21:26,555 - INFO - INVENTORY | STOCK_UPDATED | MSKU CSTE_0020_MB_HP_Black: -1 from TLCQ (new stock: 50)
2025-06-21 22:21:26,561 - INFO - INVENTORY | ASSIGNED | MSKU CSTE_0470_ST_Minecraft_Sword_Small: 1 units from TLCQ
2025-06-21 22:21:26,564 - INFO - INVENTORY | STOCK_UPDATED | MSKU CSTE_0470_ST_Minecraft_Sword_Small: -1 from TLCQ (new stock: 66)
2025-06-21 22:21:26,569 - INFO - INVENTORY | ASSIGNED | MSKU CSTE_0205_MB_MHA10_Brown: 1 units from TLCQ
2025-06-21 22:21:26,575 - INFO - INVENTORY | STOCK_UPDATED | MSKU CSTE_0205_MB_MHA10_Brown: -1 from TLCQ (new stock: 11)
2025-06-21 22:21:26,579 - INFO - INVENTORY | BACKTRACK | MSKU CSTE_0148_SG_ButterFly_RedGreen: 1 units from DEL4 (insufficient stock)
2025-06-21 22:21:26,583 - INFO - INVENTORY | STOCK_UPDATED | MSKU CSTE_0148_SG_ButterFly_RedGreen: -1 from DEL4 (new stock: -1)
2025-06-21 22:21:26,591 - INFO - INVENTORY | BACKTRACK | MSKU CSTE_0157_SG_FireGlass_Green: 1 units from BLR7 (insufficient stock)
2025-06-21 22:21:26,594 - INFO - INVENTORY | STOCK_UPDATED | MSKU CSTE_0157_SG_FireGlass_Green: -1 from BLR7 (new stock: -1)
2025-06-21 22:21:26,599 - INFO - INVENTORY | BACKTRACK | MSKU CSTE_O0390_OT_Toiletry_Bottles: 1 units from BOM5 (insufficient stock)
2025-06-21 22:21:26,603 - INFO - INVENTORY | STOCK_UPDATED | MSKU CSTE_O0390_OT_Toiletry_Bottles: -1 from BOM5 (new stock: -2)
2025-06-21 22:21:26,607 - INFO - INVENTORY | ASSIGNED | MSKU CSTE_0085_MB_Titanic_Brown: 1 units from TLCQ
2025-06-21 22:21:26,611 - INFO - INVENTORY | STOCK_UPDATED | MSKU CSTE_0085_MB_Titanic_Brown: -1 from TLCQ (new stock: 57)
2025-06-21 22:21:26,616 - INFO - INVENTORY | BACKTRACK | MSKU CSTE_O0390_OT_Toiletry_Bottles: 1 units from CCU1 (insufficient stock)
2025-06-21 22:21:26,620 - INFO - INVENTORY | STOCK_UPDATED | MSKU CSTE_O0390_OT_Toiletry_Bottles: -1 from CCU1 (new stock: -2)
2025-06-21 22:21:26,626 - INFO - INVENTORY | BACKTRACK | MSKU CSTE_0148_SG_ButterFly_RedGreen: 1 units from DEL5 (insufficient stock)
2025-06-21 22:21:26,629 - INFO - INVENTORY | STOCK_UPDATED | MSKU CSTE_0148_SG_ButterFly_RedGreen: -1 from DEL5 (new stock: -1)
2025-06-21 22:21:26,634 - INFO - INVENTORY | BACKTRACK | MSKU CSTE_0111_HD_Rug_CircleFurmat_White: 1 units from BLR8 (insufficient stock)
2025-06-21 22:21:26,638 - INFO - INVENTORY | STOCK_UPDATED | MSKU CSTE_0111_HD_Rug_CircleFurmat_White: -1 from BLR8 (new stock: -1)
2025-06-21 22:21:26,644 - INFO - INVENTORY | BACKTRACK | MSKU CSTE_O0390_OT_Toiletry_Bottles: 1 units from CCX1 (insufficient stock)
2025-06-21 22:21:26,646 - INFO - INVENTORY | STOCK_UPDATED | MSKU CSTE_O0390_OT_Toiletry_Bottles: -1 from CCX1 (new stock: -2)
2025-06-21 22:21:26,649 - INFO - INVENTORY | ASSIGNED | MSKU CSTE_0020_MB_HP_Black: 1 units from TLCQ
2025-06-21 22:21:26,654 - INFO - INVENTORY | STOCK_UPDATED | MSKU CSTE_0020_MB_HP_Black: -1 from TLCQ (new stock: 49)
2025-06-21 22:21:26,660 - INFO - INVENTORY | BACKTRACK | MSKU CSTE_O0390_OT_Toiletry_Bottles: 1 units from DEL4 (insufficient stock)
2025-06-21 22:21:26,662 - INFO - INVENTORY | STOCK_UPDATED | MSKU CSTE_O0390_OT_Toiletry_Bottles: -1 from DEL4 (new stock: -2)
2025-06-21 22:21:26,666 - INFO - INVENTORY | BACKTRACK | MSKU CSTE_0148_SG_ButterFly_RedGreen: 1 units from DEX3 (insufficient stock)
2025-06-21 22:21:26,668 - INFO - INVENTORY | STOCK_UPDATED | MSKU CSTE_0148_SG_ButterFly_RedGreen: -1 from DEX3 (new stock: -1)
2025-06-21 22:21:26,675 - INFO - INVENTORY | BACKTRACK | MSKU CSTE_0148_SG_ButterFly_RedGreen: 1 units from PNQ2 (insufficient stock)
2025-06-21 22:21:26,678 - INFO - INVENTORY | STOCK_UPDATED | MSKU CSTE_0148_SG_ButterFly_RedGreen: -1 from PNQ2 (new stock: -1)
2025-06-21 22:21:26,682 - INFO - INVENTORY | BACKTRACK | MSKU CSTE_0157_SG_FireGlass_Green: 1 units from BLR8 (insufficient stock)
2025-06-21 22:21:26,685 - INFO - INVENTORY | STOCK_UPDATED | MSKU CSTE_0157_SG_FireGlass_Green: -1 from BLR8 (new stock: -1)
2025-06-21 22:21:26,694 - INFO - INVENTORY | BACKTRACK | MSKU CSTE_O0390_OT_Toiletry_Bottles: 2 units from DEL5 (insufficient stock)
2025-06-21 22:21:26,701 - INFO - INVENTORY | STOCK_UPDATED | MSKU CSTE_O0390_OT_Toiletry_Bottles: -2 from DEL5 (new stock: -3)
2025-06-21 22:21:26,710 - INFO - INVENTORY | BACKTRACK | MSKU CSTE_0111_HD_Rug_CircleFurmat_White: 1 units from BOM5 (insufficient stock)
2025-06-21 22:21:26,713 - INFO - INVENTORY | STOCK_UPDATED | MSKU CSTE_0111_HD_Rug_CircleFurmat_White: -1 from BOM5 (new stock: -1)
2025-06-21 22:21:26,717 - INFO - INVENTORY | BACKTRACK | MSKU CSTE_O0390_OT_Toiletry_Bottles: 1 units from PNQ2 (insufficient stock)
2025-06-21 22:21:26,724 - INFO - INVENTORY | STOCK_UPDATED | MSKU CSTE_O0390_OT_Toiletry_Bottles: -1 from PNQ2 (new stock: -2)
2025-06-21 22:21:26,756 - INFO - INVENTORY | UPDATED | Processed 64 orders
2025-06-21 22:21:26,758 - INFO - INVENTORY | UPDATED | Inventory updated successfully
2025-06-21 22:21:26,780 - INFO - OUTPUT | SUCCESS | Outbound data formatted: 64 records
2025-06-22 00:01:00,356 - INFO - MEMORY | LOADED | Data loaded from master: clean_data\sku_mappings_final_clean.csv
2025-06-22 00:01:00,358 - INFO - VALIDATOR | SUCCESS | Normalized columns: ['sku', 'msku', 'panels', 'status 1', 'status 2', 'image']
2025-06-22 00:01:00,362 - INFO - MEMORY | LOADED | Data loaded from master: clean_data\combo_sku_clean.csv
2025-06-22 00:01:00,363 - INFO - COMBO | INITIALIZED | Combo hashtable built with 375 entries
2025-06-22 00:01:00,380 - INFO - MEMORY | LOADED | Data loaded from memory: memory\inventory_memory.csv
2025-06-22 00:01:00,382 - INFO - MAPPER | HASHTABLE | Built hashtable with 4327 mappings
2025-06-22 00:01:00,383 - INFO - SYSTEM | INITIALIZED | All components loaded successfully
2025-06-22 00:01:00,383 - INFO - MAPPER | STARTED | Processing SKU mappings
2025-06-22 00:01:00,384 - INFO - VALIDATOR | SUCCESS | Normalized columns: ['reason for credit entry', 'sub order no', 'order date', 'customer state', 'product name', 'sku', 'size', 'quantity', 'supplier listed price (incl. gst + commission)', 'supplier discounted price (incl gst and commision)']
2025-06-22 00:01:00,418 - INFO - MAPPER | COMPLETED | Processed 64 records
2025-06-22 00:01:00,425 - INFO - INVENTORY | ASSIGNED | MSKU CSTE_0020_MB_HP_Black: 1 units from TLCQ
2025-06-22 00:01:00,427 - INFO - INVENTORY | STOCK_UPDATED | MSKU CSTE_0020_MB_HP_Black: -1 from TLCQ (new stock: 48)
2025-06-22 00:01:00,429 - INFO - INVENTORY | BACKTRACK | MSKU CSTE_0442_CLT_AF_Goku_Big: 1 units from BLR8 (insufficient stock)
2025-06-22 00:01:00,431 - INFO - INVENTORY | STOCK_UPDATED | MSKU CSTE_0442_CLT_AF_Goku_Big: -1 from BLR8 (new stock: -1)
2025-06-22 00:01:00,432 - INFO - INVENTORY | BACKTRACK | MSKU CSTE_O0390_OT_Toiletry_Bottles: 1 units from PNQ3 (insufficient stock)
2025-06-22 00:01:00,433 - INFO - INVENTORY | STOCK_UPDATED | MSKU CSTE_O0390_OT_Toiletry_Bottles: -1 from PNQ3 (new stock: -2)
2025-06-22 00:01:00,437 - INFO - INVENTORY | BACKTRACK | MSKU CSTE_O0390_OT_Toiletry_Bottles: 1 units from SDED (insufficient stock)
2025-06-22 00:01:00,440 - INFO - INVENTORY | STOCK_UPDATED | MSKU CSTE_O0390_OT_Toiletry_Bottles: -1 from SDED (new stock: -2)
2025-06-22 00:01:00,443 - INFO - INVENTORY | ASSIGNED | MSKU CSTE_0020_MB_HP_Black: 1 units from TLCQ
2025-06-22 00:01:00,444 - INFO - INVENTORY | STOCK_UPDATED | MSKU CSTE_0020_MB_HP_Black: -1 from TLCQ (new stock: 47)
2025-06-22 00:01:00,447 - INFO - INVENTORY | BACKTRACK | MSKU CSTE_0490_ST_Fruit_Blox_Shadow: 1 units from BOM5 (insufficient stock)
2025-06-22 00:01:00,448 - INFO - INVENTORY | STOCK_UPDATED | MSKU CSTE_0490_ST_Fruit_Blox_Shadow: -1 from BOM5 (new stock: -1)
2025-06-22 00:01:00,449 - INFO - INVENTORY | BACKTRACK | MSKU CSTE_O0390_OT_Toiletry_Bottles: 1 units from SDEE (insufficient stock)
2025-06-22 00:01:00,451 - INFO - INVENTORY | STOCK_UPDATED | MSKU CSTE_O0390_OT_Toiletry_Bottles: -1 from SDEE (new stock: -2)
2025-06-22 00:01:00,454 - INFO - INVENTORY | BACKTRACK | MSKU CSTE_O0390_OT_Toiletry_Bottles: 1 units from XHJ9 (insufficient stock)
2025-06-22 00:01:00,458 - INFO - INVENTORY | STOCK_UPDATED | MSKU CSTE_O0390_OT_Toiletry_Bottles: -1 from XHJ9 (new stock: -2)
2025-06-22 00:01:00,460 - INFO - INVENTORY | BACKTRACK | MSKU CSTE_O0390_OT_Toiletry_Bottles: 2 units from TLCQ (insufficient stock)
2025-06-22 00:01:00,461 - INFO - INVENTORY | STOCK_UPDATED | MSKU CSTE_O0390_OT_Toiletry_Bottles: -2 from TLCQ (new stock: -4)
2025-06-22 00:01:00,463 - INFO - INVENTORY | BACKTRACK | MSKU CSTE_O0390_OT_Toiletry_Bottles: 1 units from BLR7 (insufficient stock)
2025-06-22 00:01:00,464 - INFO - INVENTORY | STOCK_UPDATED | MSKU CSTE_O0390_OT_Toiletry_Bottles: -1 from BLR7 (new stock: -3)
2025-06-22 00:01:00,466 - INFO - INVENTORY | BACKTRACK | MSKU CSTE_O0390_OT_Toiletry_Bottles: 1 units from BLR8 (insufficient stock)
2025-06-22 00:01:00,467 - INFO - INVENTORY | STOCK_UPDATED | MSKU CSTE_O0390_OT_Toiletry_Bottles: -1 from BLR8 (new stock: -3)
2025-06-22 00:01:00,469 - INFO - INVENTORY | BACKTRACK | MSKU CSTE_O0390_OT_Toiletry_Bottles: 1 units from BOM5 (insufficient stock)
2025-06-22 00:01:00,472 - INFO - INVENTORY | STOCK_UPDATED | MSKU CSTE_O0390_OT_Toiletry_Bottles: -1 from BOM5 (new stock: -3)
2025-06-22 00:01:00,474 - INFO - INVENTORY | ASSIGNED | MSKU CSTE_0454_ST_Animal_Garfield_Orange: 1 units from TLCQ
2025-06-22 00:01:00,475 - INFO - INVENTORY | STOCK_UPDATED | MSKU CSTE_0454_ST_Animal_Garfield_Orange: -1 from TLCQ (new stock: 3)
2025-06-22 00:01:00,477 - INFO - INVENTORY | ASSIGNED | MSKU CSTE_0020_MB_HP_Black: 1 units from TLCQ
2025-06-22 00:01:00,478 - INFO - INVENTORY | STOCK_UPDATED | MSKU CSTE_0020_MB_HP_Black: -1 from TLCQ (new stock: 46)
2025-06-22 00:01:00,480 - INFO - INVENTORY | BACKTRACK | MSKU CSTE_O0390_OT_Toiletry_Bottles: 1 units from BOM7 (insufficient stock)
2025-06-22 00:01:00,481 - INFO - INVENTORY | STOCK_UPDATED | MSKU CSTE_O0390_OT_Toiletry_Bottles: -1 from BOM7 (new stock: -3)
2025-06-22 00:01:00,483 - INFO - INVENTORY | BACKTRACK | MSKU CSTE_0417_Organizer_StorageBox_SkyBlue: 1 units from BOM7 (insufficient stock)
2025-06-22 00:01:00,485 - INFO - INVENTORY | STOCK_UPDATED | MSKU CSTE_0417_Organizer_StorageBox_SkyBlue: -1 from BOM7 (new stock: -1)
2025-06-22 00:01:00,491 - INFO - INVENTORY | BACKTRACK | MSKU CSTE_O0390_OT_Toiletry_Bottles: 2 units from CCU1 (insufficient stock)
2025-06-22 00:01:00,492 - INFO - INVENTORY | STOCK_UPDATED | MSKU CSTE_O0390_OT_Toiletry_Bottles: -2 from CCU1 (new stock: -4)
2025-06-22 00:01:00,494 - INFO - INVENTORY | BACKTRACK | MSKU CSTE_O0390_OT_Toiletry_Bottles: 1 units from CCX1 (insufficient stock)
2025-06-22 00:01:00,495 - INFO - INVENTORY | STOCK_UPDATED | MSKU CSTE_O0390_OT_Toiletry_Bottles: -1 from CCX1 (new stock: -3)
2025-06-22 00:01:00,496 - INFO - INVENTORY | ASSIGNED | MSKU CSTE_0162_SG_FireGlass_MercuryPink: 1 units from TLCQ
2025-06-22 00:01:00,497 - INFO - INVENTORY | STOCK_UPDATED | MSKU CSTE_0162_SG_FireGlass_MercuryPink: -1 from TLCQ (new stock: 2)
2025-06-22 00:01:00,499 - INFO - INVENTORY | BACKTRACK | MSKU CSTE_O0390_OT_Toiletry_Bottles: 1 units from DEL4 (insufficient stock)
2025-06-22 00:01:00,500 - INFO - INVENTORY | STOCK_UPDATED | MSKU CSTE_O0390_OT_Toiletry_Bottles: -1 from DEL4 (new stock: -3)
2025-06-22 00:01:00,502 - INFO - INVENTORY | BACKTRACK | MSKU CSTE_0478_ST_Minecraft_Cow_Brown: 1 units from TLCQ (insufficient stock)
2025-06-22 00:01:00,506 - INFO - INVENTORY | STOCK_UPDATED | MSKU CSTE_0478_ST_Minecraft_Cow_Brown: -1 from TLCQ (new stock: -1)
2025-06-22 00:01:00,508 - INFO - INVENTORY | BACKTRACK | MSKU CSTE_O0390_OT_Toiletry_Bottles: 1 units from DEX3 (insufficient stock)
2025-06-22 00:01:00,510 - INFO - INVENTORY | STOCK_UPDATED | MSKU CSTE_O0390_OT_Toiletry_Bottles: -1 from DEX3 (new stock: -3)
2025-06-22 00:01:00,512 - INFO - INVENTORY | BACKTRACK | MSKU CSTE_0013_MB_HBD_Red: 1 units from BOM5 (insufficient stock)
2025-06-22 00:01:00,513 - INFO - INVENTORY | STOCK_UPDATED | MSKU CSTE_0013_MB_HBD_Red: -1 from BOM5 (new stock: -1)
2025-06-22 00:01:00,514 - INFO - INVENTORY | ASSIGNED | MSKU CSTE_0020_MB_HP_Black: 1 units from TLCQ
2025-06-22 00:01:00,515 - INFO - INVENTORY | STOCK_UPDATED | MSKU CSTE_0020_MB_HP_Black: -1 from TLCQ (new stock: 45)
2025-06-22 00:01:00,518 - INFO - INVENTORY | BACKTRACK | MSKU CSTE_O0390_OT_Toiletry_Bottles: 1 units from PNQ2 (insufficient stock)
2025-06-22 00:01:00,520 - INFO - INVENTORY | STOCK_UPDATED | MSKU CSTE_O0390_OT_Toiletry_Bottles: -1 from PNQ2 (new stock: -3)
2025-06-22 00:01:00,523 - INFO - INVENTORY | BACKTRACK | MSKU CSTE_0157_SG_FireGlass_Green: 1 units from BOM5 (insufficient stock)
2025-06-22 00:01:00,525 - INFO - INVENTORY | STOCK_UPDATED | MSKU CSTE_0157_SG_FireGlass_Green: -1 from BOM5 (new stock: -1)
2025-06-22 00:01:00,526 - INFO - INVENTORY | ASSIGNED | MSKU CSTE_0463_ST_Pokemon_Gengar: 1 units from TLCQ
2025-06-22 00:01:00,527 - INFO - INVENTORY | STOCK_UPDATED | MSKU CSTE_0463_ST_Pokemon_Gengar: -1 from TLCQ (new stock: 1)
2025-06-22 00:01:00,529 - INFO - INVENTORY | BACKTRACK | MSKU CSTE_O0390_OT_Toiletry_Bottles: 1 units from PNQ3 (insufficient stock)
2025-06-22 00:01:00,531 - INFO - INVENTORY | STOCK_UPDATED | MSKU CSTE_O0390_OT_Toiletry_Bottles: -1 from PNQ3 (new stock: -3)
2025-06-22 00:01:00,534 - INFO - INVENTORY | BACKTRACK | MSKU CSTE_0148_SG_ButterFly_RedGreen: 1 units from PNQ3 (insufficient stock)
2025-06-22 00:01:00,534 - INFO - INVENTORY | STOCK_UPDATED | MSKU CSTE_0148_SG_ButterFly_RedGreen: -1 from PNQ3 (new stock: -1)
2025-06-22 00:01:00,540 - INFO - INVENTORY | ASSIGNED | MSKU CSTE_0020_MB_HP_Black: 1 units from TLCQ
2025-06-22 00:01:00,541 - INFO - INVENTORY | STOCK_UPDATED | MSKU CSTE_0020_MB_HP_Black: -1 from TLCQ (new stock: 44)
2025-06-22 00:01:00,543 - INFO - INVENTORY | BACKTRACK | MSKU CSTE_O0390_OT_Toiletry_Bottles: 1 units from SDED (insufficient stock)
2025-06-22 00:01:00,544 - INFO - INVENTORY | STOCK_UPDATED | MSKU CSTE_O0390_OT_Toiletry_Bottles: -1 from SDED (new stock: -3)
2025-06-22 00:01:00,546 - INFO - INVENTORY | ASSIGNED | MSKU CSTE_0020_MB_HP_Black: 1 units from TLCQ
2025-06-22 00:01:00,548 - INFO - INVENTORY | STOCK_UPDATED | MSKU CSTE_0020_MB_HP_Black: -1 from TLCQ (new stock: 43)
2025-06-22 00:01:00,549 - INFO - INVENTORY | BACKTRACK | MSKU CSTE_0157_SG_FireGlass_Green: 1 units from BOM7 (insufficient stock)
2025-06-22 00:01:00,550 - INFO - INVENTORY | STOCK_UPDATED | MSKU CSTE_0157_SG_FireGlass_Green: -1 from BOM7 (new stock: -1)
2025-06-22 00:01:00,554 - INFO - INVENTORY | BACKTRACK | MSKU CSTE_O0390_OT_Toiletry_Bottles: 1 units from SDEE (insufficient stock)
2025-06-22 00:01:00,556 - INFO - INVENTORY | STOCK_UPDATED | MSKU CSTE_O0390_OT_Toiletry_Bottles: -1 from SDEE (new stock: -3)
2025-06-22 00:01:00,558 - INFO - INVENTORY | BACKTRACK | MSKU CSTE_0447_CLT_AF_Goku_SSJ: 1 units from TLCQ (insufficient stock)
2025-06-22 00:01:00,560 - INFO - INVENTORY | STOCK_UPDATED | MSKU CSTE_0447_CLT_AF_Goku_SSJ: -1 from TLCQ (new stock: -1)
2025-06-22 00:01:00,564 - INFO - INVENTORY | BACKTRACK | MSKU CSTE_0417_Organizer_StorageBox_SkyBlue: 1 units from CCU1 (insufficient stock)
2025-06-22 00:01:00,566 - INFO - INVENTORY | STOCK_UPDATED | MSKU CSTE_0417_Organizer_StorageBox_SkyBlue: -1 from CCU1 (new stock: -1)
2025-06-22 00:01:00,569 - INFO - INVENTORY | ASSIGNED | MSKU CSTE_0020_MB_HP_Black: 1 units from TLCQ
2025-06-22 00:01:00,572 - INFO - INVENTORY | STOCK_UPDATED | MSKU CSTE_0020_MB_HP_Black: -1 from TLCQ (new stock: 42)
2025-06-22 00:01:00,577 - INFO - INVENTORY | BACKTRACK | MSKU CSTE_0156_SG_FireGlass_Yellow: 1 units from BLR8 (insufficient stock)
2025-06-22 00:01:00,579 - INFO - INVENTORY | STOCK_UPDATED | MSKU CSTE_0156_SG_FireGlass_Yellow: -1 from BLR8 (new stock: -1)
2025-06-22 00:01:00,582 - INFO - INVENTORY | BACKTRACK | MSKU CSTE_O0120_OT_DolphinBubbleMachine: 1 units from BLR8 (insufficient stock)
2025-06-22 00:01:00,583 - INFO - INVENTORY | STOCK_UPDATED | MSKU CSTE_O0120_OT_DolphinBubbleMachine: -1 from BLR8 (new stock: -1)
2025-06-22 00:01:00,586 - INFO - INVENTORY | BACKTRACK | MSKU CSTE_0054_MB_Starwar_Black: 1 units from BOM5 (insufficient stock)
2025-06-22 00:01:00,590 - INFO - INVENTORY | STOCK_UPDATED | MSKU CSTE_0054_MB_Starwar_Black: -1 from BOM5 (new stock: -1)
2025-06-22 00:01:00,593 - INFO - INVENTORY | ASSIGNED | MSKU CSTE_0020_MB_HP_Black: 1 units from TLCQ
2025-06-22 00:01:00,594 - INFO - INVENTORY | STOCK_UPDATED | MSKU CSTE_0020_MB_HP_Black: -1 from TLCQ (new stock: 41)
2025-06-22 00:01:00,596 - INFO - INVENTORY | BACKTRACK | MSKU CSTE_O0390_OT_Toiletry_Bottles: 1 units from XHJ9 (insufficient stock)
2025-06-22 00:01:00,597 - INFO - INVENTORY | STOCK_UPDATED | MSKU CSTE_O0390_OT_Toiletry_Bottles: -1 from XHJ9 (new stock: -3)
2025-06-22 00:01:00,599 - INFO - INVENTORY | BACKTRACK | MSKU CSTE_O0445_OT_Glue_Sand_Rubber_Monkey: 1 units from BLR7 (insufficient stock)
2025-06-22 00:01:00,600 - INFO - INVENTORY | STOCK_UPDATED | MSKU CSTE_O0445_OT_Glue_Sand_Rubber_Monkey: -1 from BLR7 (new stock: -1)
2025-06-22 00:01:00,603 - INFO - INVENTORY | BACKTRACK | MSKU CSTE_0294_OT_Harrypotter_new_wand: 1 units from BLR7 (insufficient stock)
2025-06-22 00:01:00,607 - INFO - INVENTORY | STOCK_UPDATED | MSKU CSTE_0294_OT_Harrypotter_new_wand: -1 from BLR7 (new stock: -1)
2025-06-22 00:01:00,608 - INFO - INVENTORY | BACKTRACK | MSKU CSTE_0533_ST_Animal_Breathing_Koala_Grey: 1 units from TLCQ (insufficient stock)
2025-06-22 00:01:00,611 - INFO - INVENTORY | STOCK_UPDATED | MSKU CSTE_0533_ST_Animal_Breathing_Koala_Grey: -1 from TLCQ (new stock: -1)
2025-06-22 00:01:00,613 - INFO - INVENTORY | ASSIGNED | MSKU CSTE_0020_MB_HP_Black: 1 units from TLCQ
2025-06-22 00:01:00,614 - INFO - INVENTORY | STOCK_UPDATED | MSKU CSTE_0020_MB_HP_Black: -1 from TLCQ (new stock: 40)
2025-06-22 00:01:00,616 - INFO - INVENTORY | ASSIGNED | MSKU CSTE_0470_ST_Minecraft_Sword_Small: 1 units from TLCQ
2025-06-22 00:01:00,617 - INFO - INVENTORY | STOCK_UPDATED | MSKU CSTE_0470_ST_Minecraft_Sword_Small: -1 from TLCQ (new stock: 65)
2025-06-22 00:01:00,619 - INFO - INVENTORY | ASSIGNED | MSKU CSTE_0205_MB_MHA10_Brown: 1 units from TLCQ
2025-06-22 00:01:00,622 - INFO - INVENTORY | STOCK_UPDATED | MSKU CSTE_0205_MB_MHA10_Brown: -1 from TLCQ (new stock: 10)
2025-06-22 00:01:00,625 - INFO - INVENTORY | BACKTRACK | MSKU CSTE_0148_SG_ButterFly_RedGreen: 1 units from SDED (insufficient stock)
2025-06-22 00:01:00,627 - INFO - INVENTORY | STOCK_UPDATED | MSKU CSTE_0148_SG_ButterFly_RedGreen: -1 from SDED (new stock: -1)
2025-06-22 00:01:00,629 - INFO - INVENTORY | BACKTRACK | MSKU CSTE_0157_SG_FireGlass_Green: 1 units from CCU1 (insufficient stock)
2025-06-22 00:01:00,630 - INFO - INVENTORY | STOCK_UPDATED | MSKU CSTE_0157_SG_FireGlass_Green: -1 from CCU1 (new stock: -1)
2025-06-22 00:01:00,632 - INFO - INVENTORY | BACKTRACK | MSKU CSTE_O0390_OT_Toiletry_Bottles: 1 units from BLR7 (insufficient stock)
2025-06-22 00:01:00,632 - INFO - INVENTORY | STOCK_UPDATED | MSKU CSTE_O0390_OT_Toiletry_Bottles: -1 from BLR7 (new stock: -4)
2025-06-22 00:01:00,635 - INFO - INVENTORY | ASSIGNED | MSKU CSTE_0085_MB_Titanic_Brown: 1 units from TLCQ
2025-06-22 00:01:00,639 - INFO - INVENTORY | STOCK_UPDATED | MSKU CSTE_0085_MB_Titanic_Brown: -1 from TLCQ (new stock: 56)
2025-06-22 00:01:00,642 - INFO - INVENTORY | BACKTRACK | MSKU CSTE_O0390_OT_Toiletry_Bottles: 1 units from BLR8 (insufficient stock)
2025-06-22 00:01:00,643 - INFO - INVENTORY | STOCK_UPDATED | MSKU CSTE_O0390_OT_Toiletry_Bottles: -1 from BLR8 (new stock: -4)
2025-06-22 00:01:00,645 - INFO - INVENTORY | BACKTRACK | MSKU CSTE_0148_SG_ButterFly_RedGreen: 1 units from SDEE (insufficient stock)
2025-06-22 00:01:00,646 - INFO - INVENTORY | STOCK_UPDATED | MSKU CSTE_0148_SG_ButterFly_RedGreen: -1 from SDEE (new stock: -1)
2025-06-22 00:01:00,649 - INFO - INVENTORY | BACKTRACK | MSKU CSTE_0111_HD_Rug_CircleFurmat_White: 1 units from BOM7 (insufficient stock)
2025-06-22 00:01:00,650 - INFO - INVENTORY | STOCK_UPDATED | MSKU CSTE_0111_HD_Rug_CircleFurmat_White: -1 from BOM7 (new stock: -1)
2025-06-22 00:01:00,653 - INFO - INVENTORY | BACKTRACK | MSKU CSTE_O0390_OT_Toiletry_Bottles: 1 units from BOM5 (insufficient stock)
2025-06-22 00:01:00,658 - INFO - INVENTORY | STOCK_UPDATED | MSKU CSTE_O0390_OT_Toiletry_Bottles: -1 from BOM5 (new stock: -4)
2025-06-22 00:01:00,660 - INFO - INVENTORY | ASSIGNED | MSKU CSTE_0020_MB_HP_Black: 1 units from TLCQ
2025-06-22 00:01:00,661 - INFO - INVENTORY | STOCK_UPDATED | MSKU CSTE_0020_MB_HP_Black: -1 from TLCQ (new stock: 39)
2025-06-22 00:01:00,663 - INFO - INVENTORY | BACKTRACK | MSKU CSTE_O0390_OT_Toiletry_Bottles: 1 units from BOM7 (insufficient stock)
2025-06-22 00:01:00,664 - INFO - INVENTORY | STOCK_UPDATED | MSKU CSTE_O0390_OT_Toiletry_Bottles: -1 from BOM7 (new stock: -4)
2025-06-22 00:01:00,666 - INFO - INVENTORY | BACKTRACK | MSKU CSTE_0148_SG_ButterFly_RedGreen: 1 units from XHJ9 (insufficient stock)
2025-06-22 00:01:00,669 - INFO - INVENTORY | STOCK_UPDATED | MSKU CSTE_0148_SG_ButterFly_RedGreen: -1 from XHJ9 (new stock: -1)
2025-06-22 00:01:00,675 - INFO - INVENTORY | BACKTRACK | MSKU CSTE_0148_SG_ButterFly_RedGreen: 1 units from BLR7 (insufficient stock)
2025-06-22 00:01:00,677 - INFO - INVENTORY | STOCK_UPDATED | MSKU CSTE_0148_SG_ButterFly_RedGreen: -1 from BLR7 (new stock: -2)
2025-06-22 00:01:00,681 - INFO - INVENTORY | BACKTRACK | MSKU CSTE_0157_SG_FireGlass_Green: 1 units from CCX1 (insufficient stock)
2025-06-22 00:01:00,682 - INFO - INVENTORY | STOCK_UPDATED | MSKU CSTE_0157_SG_FireGlass_Green: -1 from CCX1 (new stock: -1)
2025-06-22 00:01:00,685 - INFO - INVENTORY | BACKTRACK | MSKU CSTE_O0390_OT_Toiletry_Bottles: 2 units from CCX1 (insufficient stock)
2025-06-22 00:01:00,690 - INFO - INVENTORY | STOCK_UPDATED | MSKU CSTE_O0390_OT_Toiletry_Bottles: -2 from CCX1 (new stock: -5)
2025-06-22 00:01:00,693 - INFO - INVENTORY | BACKTRACK | MSKU CSTE_0111_HD_Rug_CircleFurmat_White: 1 units from CCU1 (insufficient stock)
2025-06-22 00:01:00,694 - INFO - INVENTORY | STOCK_UPDATED | MSKU CSTE_0111_HD_Rug_CircleFurmat_White: -1 from CCU1 (new stock: -1)
2025-06-22 00:01:00,696 - INFO - INVENTORY | BACKTRACK | MSKU CSTE_O0390_OT_Toiletry_Bottles: 1 units from DEL4 (insufficient stock)
2025-06-22 00:01:00,700 - INFO - INVENTORY | STOCK_UPDATED | MSKU CSTE_O0390_OT_Toiletry_Bottles: -1 from DEL4 (new stock: -4)
2025-06-22 00:01:00,713 - INFO - INVENTORY | UPDATED | Processed 64 orders
2025-06-22 00:01:00,714 - INFO - INVENTORY | UPDATED | Inventory updated successfully
2025-06-22 00:01:00,717 - INFO - OUTPUT | SUCCESS | Outbound data formatted: 64 records
2025-06-22 00:40:29,509 - INFO - MEMORY | LOADED | Data loaded from master: clean_data\sku_mappings_final_clean.csv
2025-06-22 00:40:29,512 - INFO - VALIDATOR | SUCCESS | Normalized columns: ['sku', 'msku', 'panels', 'status 1', 'status 2', 'image']
2025-06-22 00:40:29,524 - INFO - MEMORY | LOADED | Data loaded from master: clean_data\combo_sku_clean.csv
2025-06-22 00:40:29,527 - INFO - COMBO | INITIALIZED | Combo hashtable built with 375 entries
2025-06-22 00:40:29,543 - INFO - MEMORY | LOADED | Data loaded from master: clean_data\cleaned_inventory.csv
2025-06-22 00:40:29,549 - INFO - MAPPER | HASHTABLE | Built hashtable with 4327 mappings
2025-06-22 00:40:29,553 - INFO - SYSTEM | INITIALIZED | All components loaded successfully
2025-06-22 00:40:29,555 - INFO - MAPPER | STARTED | Processing SKU mappings
2025-06-22 00:40:29,559 - INFO - VALIDATOR | SUCCESS | Normalized columns: ['date', 'fnsku', 'asin', 'msku', 'title', 'event type', 'quantity', 'fulfillment center', 'disposition', 'country', 'date and time']
2025-06-22 00:40:29,560 - INFO - MAPPER | ERROR | Validation failed: Missing required columns: ['sku']. Available: ['date', 'fnsku', 'asin', 'msku', 'title', 'event type', 'quantity', 'fulfillment center', 'disposition', 'country', 'date and time']
2025-06-22 00:40:29,561 - INFO - INVENTORY | ERROR | No processed data for inventory update
2025-06-22 00:40:29,562 - INFO - OUTPUT | ERROR | No processed data available
2025-06-22 00:40:29,565 - INFO - Processing file: raw_daily_reports\cste_fk\cste_fk.csv
2025-06-22 00:40:29,566 - INFO - Detected format: .csv
2025-06-22 00:40:29,589 - INFO - Successfully loaded data: 110 rows, 37 columns
2025-06-22 00:40:29,599 - INFO - Cleaned data: (110, 37) -> (110, 36)
2025-06-22 00:40:29,671 - INFO - MEMORY | LOADED | Data loaded from master: clean_data\sku_mappings_final_clean.csv
2025-06-22 00:40:29,675 - INFO - VALIDATOR | SUCCESS | Normalized columns: ['sku', 'msku', 'panels', 'status 1', 'status 2', 'image']
2025-06-22 00:40:29,684 - INFO - MEMORY | LOADED | Data loaded from master: clean_data\combo_sku_clean.csv
2025-06-22 00:40:29,689 - INFO - COMBO | INITIALIZED | Combo hashtable built with 375 entries
2025-06-22 00:40:29,710 - INFO - MEMORY | LOADED | Data loaded from master: clean_data\cleaned_inventory.csv
2025-06-22 00:40:29,721 - INFO - MAPPER | HASHTABLE | Built hashtable with 4327 mappings
2025-06-22 00:40:29,722 - INFO - SYSTEM | INITIALIZED | All components loaded successfully
2025-06-22 00:40:29,725 - INFO - MAPPER | STARTED | Processing SKU mappings
2025-06-22 00:40:29,732 - INFO - VALIDATOR | SUCCESS | Normalized columns: ['ordered on', 'shipment id', 'order item id', 'order id', 'hsn code', 'order state', 'order type', 'fsn', 'sku', 'product', 'invoice no.', 'cgst', 'igst', 'sgst', 'invoice date (mm/dd/yy)', 'invoice amount', 'selling price per item', 'shipping and handling charges', 'quantity', 'price inc. fkmp contribution & subsidy', 'buyer name', 'ship to name', 'address line 1', 'address line 2', 'city', 'state', 'pin code', 'dispatch after date', 'dispatch by date', 'tracking id', 'package length (cm)', 'package breadth (cm)', 'package height (cm)', 'package weight (kg)', 'ready to make', 'with attachment']
2025-06-22 00:40:29,926 - INFO - MAPPER | COMPLETED | Processed 110 records
2025-06-22 00:40:29,942 - INFO - INVENTORY | ASSIGNED | MSKU CSTE_0546_ST_Animal_Lucifer_Cat_Black: 1 units from TLCQ
2025-06-22 00:40:29,947 - INFO - INVENTORY | STOCK_UPDATED | MSKU CSTE_0546_ST_Animal_Lucifer_Cat_Black: -1 from TLCQ (new stock: 0)
2025-06-22 00:40:29,957 - INFO - INVENTORY | ASSIGNED | MSKU CSTE_0015_MB_HBD_Black: 1 units from TLCQ
2025-06-22 00:40:29,962 - INFO - INVENTORY | STOCK_UPDATED | MSKU CSTE_0015_MB_HBD_Black: -1 from TLCQ (new stock: 335)
2025-06-22 00:40:29,972 - INFO - INVENTORY | ASSIGNED | MSKU CSTE_0020_MB_HP_Black: 1 units from TLCQ
2025-06-22 00:40:29,976 - INFO - INVENTORY | STOCK_UPDATED | MSKU CSTE_0020_MB_HP_Black: -1 from TLCQ (new stock: 68)
2025-06-22 00:40:29,979 - INFO - INVENTORY | ASSIGNED | MSKU CSTE_0020_MB_HP_Black: 1 units from TLCQ
2025-06-22 00:40:29,982 - INFO - INVENTORY | STOCK_UPDATED | MSKU CSTE_0020_MB_HP_Black: -1 from TLCQ (new stock: 67)
2025-06-22 00:40:29,997 - INFO - INVENTORY | ASSIGNED | MSKU CSTE_0015_MB_HBD_Black: 1 units from TLCQ
2025-06-22 00:40:30,032 - INFO - INVENTORY | STOCK_UPDATED | MSKU CSTE_0015_MB_HBD_Black: -1 from TLCQ (new stock: 334)
2025-06-22 00:40:30,051 - INFO - INVENTORY | ASSIGNED | MSKU CSTE_0060_MB_YouAreMySunshine_Brown: 1 units from TLCQ
2025-06-22 00:40:30,060 - INFO - INVENTORY | STOCK_UPDATED | MSKU CSTE_0060_MB_YouAreMySunshine_Brown: -1 from TLCQ (new stock: 38)
2025-06-22 00:40:30,075 - INFO - INVENTORY | ASSIGNED | MSKU CSTE_0060_MB_YouAreMySunshine_Brown: 1 units from TLCQ
2025-06-22 00:40:30,080 - INFO - INVENTORY | STOCK_UPDATED | MSKU CSTE_0060_MB_YouAreMySunshine_Brown: -1 from TLCQ (new stock: 37)
2025-06-22 00:40:30,084 - INFO - INVENTORY | ASSIGNED | MSKU CSTE_0020_MB_HP_Black: 1 units from TLCQ
2025-06-22 00:40:30,094 - INFO - INVENTORY | STOCK_UPDATED | MSKU CSTE_0020_MB_HP_Black: -1 from TLCQ (new stock: 66)
2025-06-22 00:40:30,098 - INFO - INVENTORY | ASSIGNED | MSKU CSTE_0470_ST_Minecraft_Sword_Small: 1 units from TLCQ
2025-06-22 00:40:30,100 - INFO - INVENTORY | STOCK_UPDATED | MSKU CSTE_0470_ST_Minecraft_Sword_Small: -1 from TLCQ (new stock: 66)
2025-06-22 00:40:30,107 - INFO - INVENTORY | ASSIGNED | MSKU CSTE_0470_ST_Minecraft_Sword_Small: 1 units from TLCQ
2025-06-22 00:40:30,113 - INFO - INVENTORY | STOCK_UPDATED | MSKU CSTE_0470_ST_Minecraft_Sword_Small: -1 from TLCQ (new stock: 65)
2025-06-22 00:40:30,117 - INFO - INVENTORY | ASSIGNED | MSKU CSTE_0020_MB_HP_Black: 1 units from TLCQ
2025-06-22 00:40:30,120 - INFO - INVENTORY | STOCK_UPDATED | MSKU CSTE_0020_MB_HP_Black: -1 from TLCQ (new stock: 65)
2025-06-22 00:40:30,125 - INFO - INVENTORY | ASSIGNED | MSKU CSTE_0020_MB_HP_Black: 1 units from TLCQ
2025-06-22 00:40:30,128 - INFO - INVENTORY | STOCK_UPDATED | MSKU CSTE_0020_MB_HP_Black: -1 from TLCQ (new stock: 64)
2025-06-22 00:40:30,131 - INFO - INVENTORY | ASSIGNED | MSKU CSTE_0060_MB_YouAreMySunshine_Brown: 1 units from TLCQ
2025-06-22 00:40:30,133 - INFO - INVENTORY | STOCK_UPDATED | MSKU CSTE_0060_MB_YouAreMySunshine_Brown: -1 from TLCQ (new stock: 36)
2025-06-22 00:40:30,143 - INFO - INVENTORY | ASSIGNED | MSKU CSTE_0470_ST_Minecraft_Sword_Small: 1 units from TLCQ
2025-06-22 00:40:30,146 - INFO - INVENTORY | STOCK_UPDATED | MSKU CSTE_0470_ST_Minecraft_Sword_Small: -1 from TLCQ (new stock: 64)
2025-06-22 00:40:30,151 - INFO - INVENTORY | BACKTRACK | MSKU CSTE_0218_SG_ThugLife_Big: 1 units from TLCQ (insufficient stock)
2025-06-22 00:40:30,155 - INFO - INVENTORY | STOCK_UPDATED | MSKU CSTE_0218_SG_ThugLife_Big: -1 from TLCQ (new stock: -1)
2025-06-22 00:40:30,159 - INFO - INVENTORY | ASSIGNED | MSKU CSTE_0306_MB_Sabrina_8Notes_Brown: 1 units from TLCQ
2025-06-22 00:40:30,162 - INFO - INVENTORY | STOCK_UPDATED | MSKU CSTE_0306_MB_Sabrina_8Notes_Brown: -1 from TLCQ (new stock: 14)
2025-06-22 00:40:30,165 - INFO - INVENTORY | ASSIGNED | MSKU CSTE_0014_MB_HBD_Brown: 1 units from TLCQ
2025-06-22 00:40:30,172 - INFO - INVENTORY | STOCK_UPDATED | MSKU CSTE_0014_MB_HBD_Brown: -1 from TLCQ (new stock: 379)
2025-06-22 00:40:30,179 - INFO - INVENTORY | BACKTRACK | MSKU CSTE_0240_SG_Wings_Red: 1 units from BLR7 (insufficient stock)
2025-06-22 00:40:30,183 - INFO - INVENTORY | STOCK_UPDATED | MSKU CSTE_0240_SG_Wings_Red: -1 from BLR7 (new stock: -1)
2025-06-22 00:40:30,188 - INFO - INVENTORY | ASSIGNED | MSKU CSTE_0060_MB_YouAreMySunshine_Brown: 1 units from TLCQ
2025-06-22 00:40:30,192 - INFO - INVENTORY | STOCK_UPDATED | MSKU CSTE_0060_MB_YouAreMySunshine_Brown: -1 from TLCQ (new stock: 35)
2025-06-22 00:40:30,195 - INFO - INVENTORY | ASSIGNED | MSKU CSTE_0060_MB_YouAreMySunshine_Brown: 1 units from TLCQ
2025-06-22 00:40:30,198 - INFO - INVENTORY | STOCK_UPDATED | MSKU CSTE_0060_MB_YouAreMySunshine_Brown: -1 from TLCQ (new stock: 34)
2025-06-22 00:40:30,202 - INFO - INVENTORY | ASSIGNED | MSKU CSTE_0491_ST_Fruit_Blox_Spirit: 1 units from TLCQ
2025-06-22 00:40:30,205 - INFO - INVENTORY | STOCK_UPDATED | MSKU CSTE_0491_ST_Fruit_Blox_Spirit: -1 from TLCQ (new stock: 0)
2025-06-22 00:40:30,210 - INFO - INVENTORY | ASSIGNED | MSKU CSTE_0533_ST_Animal_Breathing_Koala_Grey: 1 units from TLCQ
2025-06-22 00:40:30,212 - INFO - INVENTORY | STOCK_UPDATED | MSKU CSTE_0533_ST_Animal_Breathing_Koala_Grey: -1 from TLCQ (new stock: 1)
2025-06-22 00:40:30,216 - INFO - INVENTORY | ASSIGNED | MSKU CSTE_0489_ST_Fruit_Blox_Light: 1 units from TLCQ
2025-06-22 00:40:30,219 - INFO - INVENTORY | STOCK_UPDATED | MSKU CSTE_0489_ST_Fruit_Blox_Light: -1 from TLCQ (new stock: 3)
2025-06-22 00:40:30,223 - INFO - INVENTORY | BACKTRACK | MSKU CSTE_0491_ST_Fruit_Blox_Spirit: 1 units from TLCQ (insufficient stock)
2025-06-22 00:40:30,226 - INFO - INVENTORY | STOCK_UPDATED | MSKU CSTE_0491_ST_Fruit_Blox_Spirit: -1 from TLCQ (new stock: -1)
2025-06-22 00:40:30,230 - INFO - INVENTORY | ASSIGNED | MSKU CSTE_0488_ST_Animal_Breathing_Stitch_Blue: 1 units from TLCQ
2025-06-22 00:40:30,232 - INFO - INVENTORY | STOCK_UPDATED | MSKU CSTE_0488_ST_Animal_Breathing_Stitch_Blue: -1 from TLCQ (new stock: 81)
2025-06-22 00:40:30,235 - INFO - INVENTORY | ASSIGNED | MSKU CSTE_0526_ST_Animal_Breathing_Otter_Pink: 1 units from TLCQ
2025-06-22 00:40:30,238 - INFO - INVENTORY | STOCK_UPDATED | MSKU CSTE_0526_ST_Animal_Breathing_Otter_Pink: -1 from TLCQ (new stock: 54)
2025-06-22 00:40:30,242 - INFO - INVENTORY | BACKTRACK | MSKU CSTE_0490_ST_Fruit_Blox_Shadow: 1 units from BLR7 (insufficient stock)
2025-06-22 00:40:30,245 - INFO - INVENTORY | STOCK_UPDATED | MSKU CSTE_0490_ST_Fruit_Blox_Shadow: -1 from BLR7 (new stock: -1)
2025-06-22 00:40:30,249 - INFO - INVENTORY | BACKTRACK | MSKU CSTE_0486_ST_Animal_Breathing_Otter_Brown: 1 units from TLCQ (insufficient stock)
2025-06-22 00:40:30,252 - INFO - INVENTORY | STOCK_UPDATED | MSKU CSTE_0486_ST_Animal_Breathing_Otter_Brown: -1 from TLCQ (new stock: -1)
2025-06-22 00:40:30,257 - INFO - INVENTORY | ASSIGNED | MSKU CSTE_0060_MB_YouAreMySunshine_Brown: 1 units from TLCQ
2025-06-22 00:40:30,261 - INFO - INVENTORY | STOCK_UPDATED | MSKU CSTE_0060_MB_YouAreMySunshine_Brown: -1 from TLCQ (new stock: 33)
2025-06-22 00:40:30,266 - INFO - INVENTORY | ASSIGNED | MSKU CSTE_0160_SG_FireGlass_MercuryGreen: 1 units from TLCQ
2025-06-22 00:40:30,270 - INFO - INVENTORY | STOCK_UPDATED | MSKU CSTE_0160_SG_FireGlass_MercuryGreen: -1 from TLCQ (new stock: 0)
2025-06-22 00:40:30,274 - INFO - INVENTORY | ASSIGNED | MSKU CSTE_0014_MB_HBD_Brown: 1 units from TLCQ
2025-06-22 00:40:30,278 - INFO - INVENTORY | STOCK_UPDATED | MSKU CSTE_0014_MB_HBD_Brown: -1 from TLCQ (new stock: 378)
2025-06-22 00:40:30,282 - INFO - INVENTORY | ASSIGNED | MSKU CSTE_0060_MB_YouAreMySunshine_Brown: 1 units from TLCQ
2025-06-22 00:40:30,286 - INFO - INVENTORY | STOCK_UPDATED | MSKU CSTE_0060_MB_YouAreMySunshine_Brown: -1 from TLCQ (new stock: 32)
2025-06-22 00:40:30,291 - INFO - INVENTORY | ASSIGNED | MSKU CSTE_0020_MB_HP_Black: 1 units from TLCQ
2025-06-22 00:40:30,297 - INFO - INVENTORY | STOCK_UPDATED | MSKU CSTE_0020_MB_HP_Black: -1 from TLCQ (new stock: 63)
2025-06-22 00:40:30,428 - INFO - INVENTORY | ASSIGNED | MSKU CSTE_0149_SG_ButterFly_Pink: 1 units from TLCQ
2025-06-22 00:40:30,431 - INFO - INVENTORY | STOCK_UPDATED | MSKU CSTE_0149_SG_ButterFly_Pink: -1 from TLCQ (new stock: 0)
2025-06-22 00:40:30,517 - INFO - INVENTORY | ASSIGNED | MSKU CSTE_0014_MB_HBD_Brown: 1 units from TLCQ
2025-06-22 00:40:30,521 - INFO - INVENTORY | STOCK_UPDATED | MSKU CSTE_0014_MB_HBD_Brown: -1 from TLCQ (new stock: 377)
2025-06-22 00:40:30,526 - INFO - INVENTORY | ASSIGNED | MSKU CSTE_0217_SG_ThugLife_Thin: 1 units from TLCQ
2025-06-22 00:40:30,546 - INFO - INVENTORY | STOCK_UPDATED | MSKU CSTE_0217_SG_ThugLife_Thin: -1 from TLCQ (new stock: 607)
2025-06-22 00:40:30,549 - INFO - INVENTORY | ASSIGNED | MSKU CSTE_0015_MB_HBD_Black: 1 units from TLCQ
2025-06-22 00:40:30,555 - INFO - INVENTORY | STOCK_UPDATED | MSKU CSTE_0015_MB_HBD_Black: -1 from TLCQ (new stock: 333)
2025-06-22 00:40:30,558 - INFO - INVENTORY | ASSIGNED | MSKU CSTE_0020_MB_HP_Black: 1 units from TLCQ
2025-06-22 00:40:30,560 - INFO - INVENTORY | STOCK_UPDATED | MSKU CSTE_0020_MB_HP_Black: -1 from TLCQ (new stock: 62)
2025-06-22 00:40:30,563 - INFO - INVENTORY | ASSIGNED | MSKU CSTE_0015_MB_HBD_Black: 1 units from TLCQ
2025-06-22 00:40:30,565 - INFO - INVENTORY | STOCK_UPDATED | MSKU CSTE_0015_MB_HBD_Black: -1 from TLCQ (new stock: 332)
2025-06-22 00:40:30,568 - INFO - INVENTORY | ASSIGNED | MSKU CSTE_0470_ST_Minecraft_Sword_Small: 1 units from TLCQ
2025-06-22 00:40:30,598 - INFO - INVENTORY | STOCK_UPDATED | MSKU CSTE_0470_ST_Minecraft_Sword_Small: -1 from TLCQ (new stock: 63)
2025-06-22 00:40:30,609 - INFO - INVENTORY | ASSIGNED | MSKU CSTE_0292_OT_Dumbledore_wand: 1 units from TLCQ
2025-06-22 00:40:30,611 - INFO - INVENTORY | STOCK_UPDATED | MSKU CSTE_0292_OT_Dumbledore_wand: -1 from TLCQ (new stock: 1)
2025-06-22 00:40:30,614 - INFO - INVENTORY | BACKTRACK | MSKU CSTE_0491_ST_Fruit_Blox_Spirit: 1 units from BLR7 (insufficient stock)
2025-06-22 00:40:30,617 - INFO - INVENTORY | STOCK_UPDATED | MSKU CSTE_0491_ST_Fruit_Blox_Spirit: -1 from BLR7 (new stock: -1)
2025-06-22 00:40:30,622 - INFO - INVENTORY | BACKTRACK | MSKU CSTE_0490_ST_Fruit_Blox_Shadow: 1 units from BLR8 (insufficient stock)
2025-06-22 00:40:30,625 - INFO - INVENTORY | STOCK_UPDATED | MSKU CSTE_0490_ST_Fruit_Blox_Shadow: -1 from BLR8 (new stock: -1)
2025-06-22 00:40:30,628 - INFO - INVENTORY | ASSIGNED | MSKU CSTE_0489_ST_Fruit_Blox_Light: 1 units from TLCQ
2025-06-22 00:40:30,630 - INFO - INVENTORY | STOCK_UPDATED | MSKU CSTE_0489_ST_Fruit_Blox_Light: -1 from TLCQ (new stock: 2)
2025-06-22 00:40:30,637 - INFO - INVENTORY | ASSIGNED | MSKU CSTE_0478_ST_Minecraft_Cow_Brown: 1 units from TLCQ
2025-06-22 00:40:30,641 - INFO - INVENTORY | STOCK_UPDATED | MSKU CSTE_0478_ST_Minecraft_Cow_Brown: -1 from TLCQ (new stock: 1)
2025-06-22 00:40:30,645 - INFO - INVENTORY | ASSIGNED | MSKU CSTE_0489_ST_Fruit_Blox_Light: 1 units from TLCQ
2025-06-22 00:40:30,648 - INFO - INVENTORY | STOCK_UPDATED | MSKU CSTE_0489_ST_Fruit_Blox_Light: -1 from TLCQ (new stock: 1)
2025-06-22 00:40:30,654 - INFO - INVENTORY | ASSIGNED | MSKU CSTE_0045_MB_LavienRose_Brown: 1 units from TLCQ
2025-06-22 00:40:30,658 - INFO - INVENTORY | STOCK_UPDATED | MSKU CSTE_0045_MB_LavienRose_Brown: -1 from TLCQ (new stock: 52)
2025-06-22 00:40:30,664 - INFO - INVENTORY | BACKTRACK | MSKU CSTE_0160_SG_FireGlass_MercuryGreen: 1 units from TLCQ (insufficient stock)
2025-06-22 00:40:30,666 - INFO - INVENTORY | STOCK_UPDATED | MSKU CSTE_0160_SG_FireGlass_MercuryGreen: -1 from TLCQ (new stock: -1)
2025-06-22 00:40:30,673 - INFO - INVENTORY | ASSIGNED | MSKU CSTE_0060_MB_YouAreMySunshine_Brown: 1 units from TLCQ
2025-06-22 00:40:30,679 - INFO - INVENTORY | STOCK_UPDATED | MSKU CSTE_0060_MB_YouAreMySunshine_Brown: -1 from TLCQ (new stock: 31)
2025-06-22 00:40:30,686 - INFO - INVENTORY | BACKTRACK | MSKU CSTE_0017_MB_HP_Brown: 1 units from BLR7 (insufficient stock)
2025-06-22 00:40:30,690 - INFO - INVENTORY | STOCK_UPDATED | MSKU CSTE_0017_MB_HP_Brown: -1 from BLR7 (new stock: -1)
2025-06-22 00:40:30,696 - INFO - INVENTORY | ASSIGNED | MSKU CSTE_0292_OT_Dumbledore_wand: 1 units from TLCQ
2025-06-22 00:40:30,704 - INFO - INVENTORY | STOCK_UPDATED | MSKU CSTE_0292_OT_Dumbledore_wand: -1 from TLCQ (new stock: 0)
2025-06-22 00:40:30,711 - INFO - INVENTORY | ASSIGNED | MSKU CSTE_0487_ST_Animal_Breathing_Otter_Blue: 1 units from TLCQ
2025-06-22 00:40:30,714 - INFO - INVENTORY | STOCK_UPDATED | MSKU CSTE_0487_ST_Animal_Breathing_Otter_Blue: -1 from TLCQ (new stock: 74)
2025-06-22 00:40:30,724 - INFO - INVENTORY | BACKTRACK | MSKU CSTE_0486_ST_Animal_Breathing_Otter_Brown: 1 units from BLR7 (insufficient stock)
2025-06-22 00:40:30,730 - INFO - INVENTORY | STOCK_UPDATED | MSKU CSTE_0486_ST_Animal_Breathing_Otter_Brown: -1 from BLR7 (new stock: -1)
2025-06-22 00:40:30,736 - INFO - INVENTORY | ASSIGNED | MSKU CSTE_0015_MB_HBD_Black: 1 units from TLCQ
2025-06-22 00:40:30,740 - INFO - INVENTORY | STOCK_UPDATED | MSKU CSTE_0015_MB_HBD_Black: -1 from TLCQ (new stock: 331)
2025-06-22 00:40:30,745 - INFO - INVENTORY | BACKTRACK | MSKU CSTE_0084_MB_Spirated_Black: 1 units from BLR7 (insufficient stock)
2025-06-22 00:40:30,748 - INFO - INVENTORY | STOCK_UPDATED | MSKU CSTE_0084_MB_Spirated_Black: -1 from BLR7 (new stock: -1)
2025-06-22 00:40:30,755 - INFO - INVENTORY | BACKTRACK | MSKU CSTE_0491_ST_Fruit_Blox_Spirit: 1 units from BLR8 (insufficient stock)
2025-06-22 00:40:30,759 - INFO - INVENTORY | STOCK_UPDATED | MSKU CSTE_0491_ST_Fruit_Blox_Spirit: -1 from BLR8 (new stock: -1)
2025-06-22 00:40:30,763 - INFO - INVENTORY | BACKTRACK | MSKU CSTE_0017_MB_HP_Brown: 1 units from BLR8 (insufficient stock)
2025-06-22 00:40:30,765 - INFO - INVENTORY | STOCK_UPDATED | MSKU CSTE_0017_MB_HP_Brown: -1 from BLR8 (new stock: -1)
2025-06-22 00:40:30,774 - INFO - INVENTORY | ASSIGNED | MSKU CSTE_0036_MB_HBD_White: 1 units from TLCQ
2025-06-22 00:40:30,777 - INFO - INVENTORY | STOCK_UPDATED | MSKU CSTE_0036_MB_HBD_White: -1 from TLCQ (new stock: 44)
2025-06-22 00:40:30,782 - INFO - INVENTORY | ASSIGNED | MSKU CSTE_0014_MB_HBD_Brown: 1 units from TLCQ
2025-06-22 00:40:30,786 - INFO - INVENTORY | STOCK_UPDATED | MSKU CSTE_0014_MB_HBD_Brown: -1 from TLCQ (new stock: 376)
2025-06-22 00:40:30,794 - INFO - INVENTORY | ASSIGNED | MSKU CSTE_0060_MB_YouAreMySunshine_Brown: 1 units from TLCQ
2025-06-22 00:40:30,798 - INFO - INVENTORY | STOCK_UPDATED | MSKU CSTE_0060_MB_YouAreMySunshine_Brown: -1 from TLCQ (new stock: 30)
2025-06-22 00:40:30,809 - INFO - INVENTORY | ASSIGNED | MSKU CSTE_0015_MB_HBD_Black: 1 units from TLCQ
2025-06-22 00:40:30,812 - INFO - INVENTORY | STOCK_UPDATED | MSKU CSTE_0015_MB_HBD_Black: -1 from TLCQ (new stock: 330)
2025-06-22 00:40:30,822 - INFO - INVENTORY | ASSIGNED | MSKU CSTE_0020_MB_HP_Black: 1 units from TLCQ
2025-06-22 00:40:30,828 - INFO - INVENTORY | STOCK_UPDATED | MSKU CSTE_0020_MB_HP_Black: -1 from TLCQ (new stock: 61)
2025-06-22 00:40:30,840 - INFO - INVENTORY | ASSIGNED | MSKU CSTE_0482_ST_Animal_Kitty_Kuromi_Black: 1 units from TLCQ
2025-06-22 00:40:30,845 - INFO - INVENTORY | STOCK_UPDATED | MSKU CSTE_0482_ST_Animal_Kitty_Kuromi_Black: -1 from TLCQ (new stock: 4)
2025-06-22 00:40:30,857 - INFO - INVENTORY | ASSIGNED | MSKU CSTE_0060_MB_YouAreMySunshine_Brown: 1 units from TLCQ
2025-06-22 00:40:30,865 - INFO - INVENTORY | STOCK_UPDATED | MSKU CSTE_0060_MB_YouAreMySunshine_Brown: -1 from TLCQ (new stock: 29)
2025-06-22 00:40:30,878 - INFO - INVENTORY | ASSIGNED | MSKU CSTE_0060_MB_YouAreMySunshine_Brown: 1 units from TLCQ
2025-06-22 00:40:30,886 - INFO - INVENTORY | STOCK_UPDATED | MSKU CSTE_0060_MB_YouAreMySunshine_Brown: -1 from TLCQ (new stock: 28)
2025-06-22 00:40:30,900 - INFO - INVENTORY | ASSIGNED | MSKU CSTE_0489_ST_Fruit_Blox_Light: 1 units from TLCQ
2025-06-22 00:40:30,907 - INFO - INVENTORY | STOCK_UPDATED | MSKU CSTE_0489_ST_Fruit_Blox_Light: -1 from TLCQ (new stock: 0)
2025-06-22 00:40:30,915 - INFO - INVENTORY | BACKTRACK | MSKU CSTE_0490_ST_Fruit_Blox_Shadow: 1 units from BOM5 (insufficient stock)
2025-06-22 00:40:30,920 - INFO - INVENTORY | STOCK_UPDATED | MSKU CSTE_0490_ST_Fruit_Blox_Shadow: -1 from BOM5 (new stock: -1)
2025-06-22 00:40:30,931 - INFO - INVENTORY | ASSIGNED | MSKU CSTE_0014_MB_HBD_Brown: 1 units from TLCQ
2025-06-22 00:40:30,935 - INFO - INVENTORY | STOCK_UPDATED | MSKU CSTE_0014_MB_HBD_Brown: -1 from TLCQ (new stock: 375)
2025-06-22 00:40:30,944 - INFO - INVENTORY | BACKTRACK | MSKU CSTE_0017_MB_HP_Brown: 1 units from BOM5 (insufficient stock)
2025-06-22 00:40:30,948 - INFO - INVENTORY | STOCK_UPDATED | MSKU CSTE_0017_MB_HP_Brown: -1 from BOM5 (new stock: -1)
2025-06-22 00:40:30,957 - INFO - INVENTORY | ASSIGNED | MSKU CSTE_0014_MB_HBD_Brown: 1 units from TLCQ
2025-06-22 00:40:30,963 - INFO - INVENTORY | STOCK_UPDATED | MSKU CSTE_0014_MB_HBD_Brown: -1 from TLCQ (new stock: 374)
2025-06-22 00:40:30,971 - INFO - INVENTORY | ASSIGNED | MSKU CSTE_0305_MB_Crystle_17Notes_Transparent: 1 units from TLCQ
2025-06-22 00:40:30,976 - INFO - INVENTORY | STOCK_UPDATED | MSKU CSTE_0305_MB_Crystle_17Notes_Transparent: -1 from TLCQ (new stock: 1)
2025-06-22 00:40:30,981 - INFO - INVENTORY | ASSIGNED | MSKU CSTE_0060_MB_YouAreMySunshine_Brown: 1 units from TLCQ
2025-06-22 00:40:30,987 - INFO - INVENTORY | STOCK_UPDATED | MSKU CSTE_0060_MB_YouAreMySunshine_Brown: -1 from TLCQ (new stock: 27)
2025-06-22 00:40:30,995 - INFO - INVENTORY | BACKTRACK | MSKU CSTE_0240_SG_Wings_Red: 1 units from BLR8 (insufficient stock)
2025-06-22 00:40:30,999 - INFO - INVENTORY | STOCK_UPDATED | MSKU CSTE_0240_SG_Wings_Red: -1 from BLR8 (new stock: -1)
2025-06-22 00:40:31,009 - INFO - INVENTORY | BACKTRACK | MSKU CSTE_0486_ST_Animal_Breathing_Otter_Brown: 1 units from BLR8 (insufficient stock)
2025-06-22 00:40:31,013 - INFO - INVENTORY | STOCK_UPDATED | MSKU CSTE_0486_ST_Animal_Breathing_Otter_Brown: -1 from BLR8 (new stock: -1)
2025-06-22 00:40:31,024 - INFO - INVENTORY | ASSIGNED | MSKU CSTE_0020_MB_HP_Black: 1 units from TLCQ
2025-06-22 00:40:31,029 - INFO - INVENTORY | STOCK_UPDATED | MSKU CSTE_0020_MB_HP_Black: -1 from TLCQ (new stock: 60)
2025-06-22 00:40:31,041 - INFO - INVENTORY | ASSIGNED | MSKU CSTE_0020_MB_HP_Black: 1 units from TLCQ
2025-06-22 00:40:31,050 - INFO - INVENTORY | STOCK_UPDATED | MSKU CSTE_0020_MB_HP_Black: -1 from TLCQ (new stock: 59)
2025-06-22 00:40:31,065 - INFO - INVENTORY | ASSIGNED | MSKU CSTE_0060_MB_YouAreMySunshine_Brown: 1 units from TLCQ
2025-06-22 00:40:31,071 - INFO - INVENTORY | STOCK_UPDATED | MSKU CSTE_0060_MB_YouAreMySunshine_Brown: -1 from TLCQ (new stock: 26)
2025-06-22 00:40:31,082 - INFO - INVENTORY | ASSIGNED | MSKU CSTE_0532_ST_Animal_Breathing_Rabbit_Grey: 1 units from TLCQ
2025-06-22 00:40:31,089 - INFO - INVENTORY | STOCK_UPDATED | MSKU CSTE_0532_ST_Animal_Breathing_Rabbit_Grey: -1 from TLCQ (new stock: 5)
2025-06-22 00:40:31,096 - INFO - INVENTORY | ASSIGNED | MSKU CSTE_0487_ST_Animal_Breathing_Otter_Blue: 1 units from TLCQ
2025-06-22 00:40:31,103 - INFO - INVENTORY | STOCK_UPDATED | MSKU CSTE_0487_ST_Animal_Breathing_Otter_Blue: -1 from TLCQ (new stock: 73)
2025-06-22 00:40:31,115 - INFO - INVENTORY | BACKTRACK | MSKU CSTE_0017_MB_HP_Brown: 1 units from BOM7 (insufficient stock)
2025-06-22 00:40:31,120 - INFO - INVENTORY | STOCK_UPDATED | MSKU CSTE_0017_MB_HP_Brown: -1 from BOM7 (new stock: -1)
2025-06-22 00:40:31,125 - INFO - INVENTORY | ASSIGNED | MSKU CSTE_O0031_OT_StandingElephant_Grey: 1 units from TLCQ
2025-06-22 00:40:31,128 - INFO - INVENTORY | STOCK_UPDATED | MSKU CSTE_O0031_OT_StandingElephant_Grey: -1 from TLCQ (new stock: 7)
2025-06-22 00:40:31,140 - INFO - INVENTORY | ASSIGNED | MSKU CSTE_0419_ST_MineCraft_Creeper: 1 units from TLCQ
2025-06-22 00:40:31,143 - INFO - INVENTORY | STOCK_UPDATED | MSKU CSTE_0419_ST_MineCraft_Creeper: -1 from TLCQ (new stock: 23)
2025-06-22 00:40:31,148 - INFO - INVENTORY | ASSIGNED | MSKU CSTE_0330_Wands_Harrypotter_Light: 1 units from TLCQ
2025-06-22 00:40:31,154 - INFO - INVENTORY | STOCK_UPDATED | MSKU CSTE_0330_Wands_Harrypotter_Light: -1 from TLCQ (new stock: 77)
2025-06-22 00:40:31,159 - INFO - INVENTORY | ASSIGNED | MSKU CSTE_0015_MB_HBD_Black: 1 units from TLCQ
2025-06-22 00:40:31,162 - INFO - INVENTORY | STOCK_UPDATED | MSKU CSTE_0015_MB_HBD_Black: -1 from TLCQ (new stock: 329)
2025-06-22 00:40:31,166 - INFO - INVENTORY | ASSIGNED | MSKU CSTE_0487_ST_Animal_Breathing_Otter_Blue: 1 units from TLCQ
2025-06-22 00:40:31,170 - INFO - INVENTORY | STOCK_UPDATED | MSKU CSTE_0487_ST_Animal_Breathing_Otter_Blue: -1 from TLCQ (new stock: 72)
2025-06-22 00:40:31,177 - INFO - INVENTORY | BACKTRACK | MSKU CSTE_0191_MB_MHA2_Brown: 1 units from TLCQ (insufficient stock)
2025-06-22 00:40:31,181 - INFO - INVENTORY | STOCK_UPDATED | MSKU CSTE_0191_MB_MHA2_Brown: -1 from TLCQ (new stock: -1)
2025-06-22 00:40:31,187 - INFO - INVENTORY | BACKTRACK | MSKU CSTE_0017_MB_HP_Brown: 1 units from CCU1 (insufficient stock)
2025-06-22 00:40:31,190 - INFO - INVENTORY | STOCK_UPDATED | MSKU CSTE_0017_MB_HP_Brown: -1 from CCU1 (new stock: -1)
2025-06-22 00:40:31,195 - INFO - INVENTORY | ASSIGNED | MSKU CSTE_0512_ST_Animal_Cow_Plush: 1 units from TLCQ
2025-06-22 00:40:31,198 - INFO - INVENTORY | STOCK_UPDATED | MSKU CSTE_0512_ST_Animal_Cow_Plush: -1 from TLCQ (new stock: 4)
2025-06-22 00:40:31,204 - INFO - INVENTORY | ASSIGNED | MSKU CSTE_0333_Wands_Dumbledore_Light: 1 units from TLCQ
2025-06-22 00:40:31,207 - INFO - INVENTORY | STOCK_UPDATED | MSKU CSTE_0333_Wands_Dumbledore_Light: -1 from TLCQ (new stock: 80)
2025-06-22 00:40:31,211 - INFO - INVENTORY | BACKTRACK | MSKU CSTE_0240_SG_Wings_Red: 1 units from BOM5 (insufficient stock)
2025-06-22 00:40:31,214 - INFO - INVENTORY | STOCK_UPDATED | MSKU CSTE_0240_SG_Wings_Red: -1 from BOM5 (new stock: -1)
2025-06-22 00:40:31,220 - INFO - INVENTORY | ASSIGNED | MSKU CSTE_0014_MB_HBD_Brown: 1 units from TLCQ
2025-06-22 00:40:31,224 - INFO - INVENTORY | STOCK_UPDATED | MSKU CSTE_0014_MB_HBD_Brown: -1 from TLCQ (new stock: 373)
2025-06-22 00:40:31,228 - INFO - INVENTORY | ASSIGNED | MSKU CSTE_O0031_OT_StandingElephant_Grey: 1 units from TLCQ
2025-06-22 00:40:31,231 - INFO - INVENTORY | STOCK_UPDATED | MSKU CSTE_O0031_OT_StandingElephant_Grey: -1 from TLCQ (new stock: 6)
2025-06-22 00:40:31,235 - INFO - INVENTORY | ASSIGNED | MSKU CSTE_O0031_OT_StandingElephant_Grey: 1 units from TLCQ
2025-06-22 00:40:31,241 - INFO - INVENTORY | STOCK_UPDATED | MSKU CSTE_O0031_OT_StandingElephant_Grey: -1 from TLCQ (new stock: 5)
2025-06-22 00:40:31,244 - INFO - INVENTORY | ASSIGNED | MSKU CSTE_O0031_OT_StandingElephant_Grey: 1 units from TLCQ
2025-06-22 00:40:31,246 - INFO - INVENTORY | STOCK_UPDATED | MSKU CSTE_O0031_OT_StandingElephant_Grey: -1 from TLCQ (new stock: 4)
2025-06-22 00:40:31,250 - INFO - INVENTORY | ASSIGNED | MSKU CSTE_0014_MB_HBD_Brown: 1 units from TLCQ
2025-06-22 00:40:31,254 - INFO - INVENTORY | STOCK_UPDATED | MSKU CSTE_0014_MB_HBD_Brown: -1 from TLCQ (new stock: 372)
2025-06-22 00:40:31,259 - INFO - INVENTORY | BACKTRACK | MSKU CSTE_0292_OT_Dumbledore_wand: 1 units from TLCQ (insufficient stock)
2025-06-22 00:40:31,261 - INFO - INVENTORY | STOCK_UPDATED | MSKU CSTE_0292_OT_Dumbledore_wand: -1 from TLCQ (new stock: -1)
2025-06-22 00:40:31,265 - INFO - INVENTORY | ASSIGNED | MSKU CSTE_0060_MB_YouAreMySunshine_Brown: 1 units from TLCQ
2025-06-22 00:40:31,272 - INFO - INVENTORY | STOCK_UPDATED | MSKU CSTE_0060_MB_YouAreMySunshine_Brown: -1 from TLCQ (new stock: 25)
2025-06-22 00:40:31,278 - INFO - INVENTORY | ASSIGNED | MSKU CSTE_0036_MB_HBD_White: 1 units from TLCQ
2025-06-22 00:40:31,281 - INFO - INVENTORY | STOCK_UPDATED | MSKU CSTE_0036_MB_HBD_White: -1 from TLCQ (new stock: 43)
2025-06-22 00:40:31,293 - INFO - INVENTORY | ASSIGNED | MSKU CSTE_0060_MB_YouAreMySunshine_Brown: 1 units from TLCQ
2025-06-22 00:40:31,296 - INFO - INVENTORY | STOCK_UPDATED | MSKU CSTE_0060_MB_YouAreMySunshine_Brown: -1 from TLCQ (new stock: 24)
2025-06-22 00:40:31,304 - INFO - INVENTORY | ASSIGNED | MSKU CSTE_0060_MB_YouAreMySunshine_Brown: 1 units from TLCQ
2025-06-22 00:40:31,307 - INFO - INVENTORY | STOCK_UPDATED | MSKU CSTE_0060_MB_YouAreMySunshine_Brown: -1 from TLCQ (new stock: 23)
2025-06-22 00:40:31,313 - INFO - INVENTORY | BACKTRACK | MSKU CSTE_O0055_OT_PrincessDigitalWatch_Blue: 1 units from TLCQ (insufficient stock)
2025-06-22 00:40:31,317 - INFO - INVENTORY | STOCK_UPDATED | MSKU CSTE_O0055_OT_PrincessDigitalWatch_Blue: -1 from TLCQ (new stock: -1)
2025-06-22 00:40:31,327 - INFO - INVENTORY | BACKTRACK | MSKU CSTE_0543_ST_Animal_Breathing_Strawberry_Rabbit: 1 units from BLR7 (insufficient stock)
2025-06-22 00:40:31,331 - INFO - INVENTORY | STOCK_UPDATED | MSKU CSTE_0543_ST_Animal_Breathing_Strawberry_Rabbit: -1 from BLR7 (new stock: -1)
2025-06-22 00:40:31,338 - INFO - INVENTORY | ASSIGNED | MSKU CSTE_0476_ST_Minecraft_Zombie_Black: 1 units from TLCQ
2025-06-22 00:40:31,342 - INFO - INVENTORY | STOCK_UPDATED | MSKU CSTE_0476_ST_Minecraft_Zombie_Black: -1 from TLCQ (new stock: 15)
2025-06-22 00:40:31,348 - INFO - INVENTORY | ASSIGNED | MSKU CSTE_0488_ST_Animal_Breathing_Stitch_Blue: 1 units from TLCQ
2025-06-22 00:40:31,355 - INFO - INVENTORY | STOCK_UPDATED | MSKU CSTE_0488_ST_Animal_Breathing_Stitch_Blue: -1 from TLCQ (new stock: 80)
2025-06-22 00:40:31,362 - INFO - INVENTORY | BACKTRACK | MSKU CSTE_0502_ST_Minecraft_Pickaxe_Foam: 1 units from BLR7 (insufficient stock)
2025-06-22 00:40:31,366 - INFO - INVENTORY | STOCK_UPDATED | MSKU CSTE_0502_ST_Minecraft_Pickaxe_Foam: -1 from BLR7 (new stock: -1)
2025-06-22 00:40:31,376 - INFO - INVENTORY | BACKTRACK | MSKU CSTE_0489_ST_Fruit_Blox_Light: 1 units from TLCQ (insufficient stock)
2025-06-22 00:40:31,379 - INFO - INVENTORY | STOCK_UPDATED | MSKU CSTE_0489_ST_Fruit_Blox_Light: -1 from TLCQ (new stock: -1)
2025-06-22 00:40:31,389 - INFO - INVENTORY | BACKTRACK | MSKU CSTE_0491_ST_Fruit_Blox_Spirit: 1 units from BOM5 (insufficient stock)
2025-06-22 00:40:31,394 - INFO - INVENTORY | STOCK_UPDATED | MSKU CSTE_0491_ST_Fruit_Blox_Spirit: -1 from BOM5 (new stock: -1)
2025-06-22 00:40:31,400 - INFO - INVENTORY | BACKTRACK | MSKU CSTE_0486_ST_Animal_Breathing_Otter_Brown: 1 units from BOM5 (insufficient stock)
2025-06-22 00:40:31,405 - INFO - INVENTORY | STOCK_UPDATED | MSKU CSTE_0486_ST_Animal_Breathing_Otter_Brown: -1 from BOM5 (new stock: -1)
2025-06-22 00:40:31,411 - INFO - INVENTORY | BACKTRACK | MSKU CSTE_0486_ST_Animal_Breathing_Otter_Brown: 1 units from BOM7 (insufficient stock)
2025-06-22 00:40:31,414 - INFO - INVENTORY | STOCK_UPDATED | MSKU CSTE_0486_ST_Animal_Breathing_Otter_Brown: -1 from BOM7 (new stock: -1)
2025-06-22 00:40:31,420 - INFO - INVENTORY | BACKTRACK | MSKU CSTE_0292_OT_Dumbledore_wand: 1 units from BLR7 (insufficient stock)
2025-06-22 00:40:31,427 - INFO - INVENTORY | STOCK_UPDATED | MSKU CSTE_0292_OT_Dumbledore_wand: -1 from BLR7 (new stock: -1)
2025-06-22 00:40:31,467 - INFO - INVENTORY | UPDATED | Processed 110 orders
2025-06-22 00:40:31,470 - INFO - INVENTORY | UPDATED | Inventory updated successfully
2025-06-22 00:40:31,485 - INFO - OUTPUT | SUCCESS | Outbound data formatted: 110 records
2025-06-22 00:40:31,493 - INFO - Processing file: raw_daily_reports\cste_meesho\cste_meesho.csv
2025-06-22 00:40:31,494 - INFO - Detected format: .csv
2025-06-22 00:40:31,504 - INFO - Successfully loaded data: 48 rows, 11 columns
2025-06-22 00:40:31,511 - INFO - Cleaned data: (48, 11) -> (48, 10)
2025-06-22 00:40:31,556 - INFO - MEMORY | LOADED | Data loaded from master: clean_data\sku_mappings_final_clean.csv
2025-06-22 00:40:31,558 - INFO - VALIDATOR | SUCCESS | Normalized columns: ['sku', 'msku', 'panels', 'status 1', 'status 2', 'image']
2025-06-22 00:40:31,564 - INFO - MEMORY | LOADED | Data loaded from master: clean_data\combo_sku_clean.csv
2025-06-22 00:40:31,568 - INFO - COMBO | INITIALIZED | Combo hashtable built with 375 entries
2025-06-22 00:40:31,595 - INFO - MEMORY | LOADED | Data loaded from memory: memory\inventory_memory.csv
2025-06-22 00:40:31,598 - INFO - MAPPER | HASHTABLE | Built hashtable with 4327 mappings
2025-06-22 00:40:31,599 - INFO - SYSTEM | INITIALIZED | All components loaded successfully
2025-06-22 00:40:31,601 - INFO - MAPPER | STARTED | Processing SKU mappings
2025-06-22 00:40:31,605 - INFO - VALIDATOR | SUCCESS | Normalized columns: ['reason for credit entry', 'sub order no', 'order date', 'customer state', 'product name', 'sku', 'size', 'quantity', 'supplier listed price (incl. gst + commission)', 'supplier discounted price (incl gst and commision)']
2025-06-22 00:40:31,632 - INFO - MAPPER | COMPLETED | Processed 48 records
2025-06-22 00:40:31,641 - INFO - INVENTORY | BACKTRACK | MSKU CSTE_0199_MB_MHA8_Brown: 1 units from BLR7 (insufficient stock)
2025-06-22 00:40:31,646 - INFO - INVENTORY | STOCK_UPDATED | MSKU CSTE_0199_MB_MHA8_Brown: -1 from BLR7 (new stock: -1)
2025-06-22 00:40:31,649 - INFO - INVENTORY | ASSIGNED | MSKU CSTE_0045_MB_LavienRose_Brown: 1 units from TLCQ
2025-06-22 00:40:31,657 - INFO - INVENTORY | STOCK_UPDATED | MSKU CSTE_0045_MB_LavienRose_Brown: -1 from TLCQ (new stock: 51)
2025-06-22 00:40:31,662 - INFO - INVENTORY | BACKTRACK | MSKU CSTE_0148_SG_ButterFly_RedGreen: 1 units from BLR7 (insufficient stock)
2025-06-22 00:40:31,665 - INFO - INVENTORY | STOCK_UPDATED | MSKU CSTE_0148_SG_ButterFly_RedGreen: -1 from BLR7 (new stock: -1)
2025-06-22 00:40:31,674 - INFO - INVENTORY | BACKTRACK | MSKU CSTE_0148_SG_ButterFly_RedGreen: 1 units from BLR8 (insufficient stock)
2025-06-22 00:40:31,676 - INFO - INVENTORY | STOCK_UPDATED | MSKU CSTE_0148_SG_ButterFly_RedGreen: -1 from BLR8 (new stock: -1)
2025-06-22 00:40:31,680 - INFO - INVENTORY | ASSIGNED | MSKU CSTE_0060_MB_YouAreMySunshine_Brown: 1 units from TLCQ
2025-06-22 00:40:31,684 - INFO - INVENTORY | STOCK_UPDATED | MSKU CSTE_0060_MB_YouAreMySunshine_Brown: -1 from TLCQ (new stock: 22)
2025-06-22 00:40:31,690 - INFO - INVENTORY | BACKTRACK | MSKU CSTE_0017_MB_HP_Brown: 1 units from CCX1 (insufficient stock)
2025-06-22 00:40:31,693 - INFO - INVENTORY | STOCK_UPDATED | MSKU CSTE_0017_MB_HP_Brown: -1 from CCX1 (new stock: -1)
2025-06-22 00:40:31,697 - INFO - INVENTORY | BACKTRACK | MSKU CSTE_0148_SG_ButterFly_RedGreen: 1 units from BOM5 (insufficient stock)
2025-06-22 00:40:31,702 - INFO - INVENTORY | STOCK_UPDATED | MSKU CSTE_0148_SG_ButterFly_RedGreen: -1 from BOM5 (new stock: -1)
2025-06-22 00:40:31,707 - INFO - INVENTORY | ASSIGNED | MSKU CSTE_0015_MB_HBD_Black: 1 units from TLCQ
2025-06-22 00:40:31,710 - INFO - INVENTORY | STOCK_UPDATED | MSKU CSTE_0015_MB_HBD_Black: -1 from TLCQ (new stock: 328)
2025-06-22 00:40:31,724 - INFO - INVENTORY | BACKTRACK | MSKU CSTE_0017_MB_HP_Brown: 1 units from DEL4 (insufficient stock)
2025-06-22 00:40:31,729 - INFO - INVENTORY | STOCK_UPDATED | MSKU CSTE_0017_MB_HP_Brown: -1 from DEL4 (new stock: -1)
2025-06-22 00:40:31,742 - INFO - INVENTORY | BACKTRACK | MSKU CSTE_0044_MB_LaVienRose_Black: 1 units from BLR7 (insufficient stock)
2025-06-22 00:40:31,748 - INFO - INVENTORY | STOCK_UPDATED | MSKU CSTE_0044_MB_LaVienRose_Black: -1 from BLR7 (new stock: -1)
2025-06-22 00:40:31,756 - INFO - INVENTORY | BACKTRACK | MSKU CSTE_0148_SG_ButterFly_RedGreen: 1 units from BOM7 (insufficient stock)
2025-06-22 00:40:31,763 - INFO - INVENTORY | STOCK_UPDATED | MSKU CSTE_0148_SG_ButterFly_RedGreen: -1 from BOM7 (new stock: -1)
2025-06-22 00:40:31,774 - INFO - INVENTORY | BACKTRACK | MSKU CSTE_0240_SG_Wings_Red: 1 units from BOM7 (insufficient stock)
2025-06-22 00:40:31,779 - INFO - INVENTORY | STOCK_UPDATED | MSKU CSTE_0240_SG_Wings_Red: -1 from BOM7 (new stock: -1)
2025-06-22 00:40:31,789 - INFO - INVENTORY | BACKTRACK | MSKU CSTE_0017_MB_HP_Brown: 1 units from DEL5 (insufficient stock)
2025-06-22 00:40:31,792 - INFO - INVENTORY | STOCK_UPDATED | MSKU CSTE_0017_MB_HP_Brown: -1 from DEL5 (new stock: -1)
2025-06-22 00:40:31,795 - INFO - INVENTORY | BACKTRACK | MSKU CSTE_0148_SG_ButterFly_RedGreen: 1 units from CCU1 (insufficient stock)
2025-06-22 00:40:31,798 - INFO - INVENTORY | STOCK_UPDATED | MSKU CSTE_0148_SG_ButterFly_RedGreen: -1 from CCU1 (new stock: -1)
2025-06-22 00:40:31,801 - INFO - INVENTORY | BACKTRACK | MSKU CSTE_0200_MB_MHLasaCasaDePapel_Brown: 1 units from TLCQ (insufficient stock)
2025-06-22 00:40:31,805 - INFO - INVENTORY | STOCK_UPDATED | MSKU CSTE_0200_MB_MHLasaCasaDePapel_Brown: -1 from TLCQ (new stock: -1)
2025-06-22 00:40:31,812 - INFO - INVENTORY | BACKTRACK | MSKU CSTE_0199_MB_MHA8_Brown: 1 units from BLR8 (insufficient stock)
2025-06-22 00:40:31,814 - INFO - INVENTORY | STOCK_UPDATED | MSKU CSTE_0199_MB_MHA8_Brown: -1 from BLR8 (new stock: -1)
2025-06-22 00:40:31,821 - INFO - INVENTORY | BACKTRACK | MSKU CSTE_0148_SG_ButterFly_RedGreen: 1 units from CCX1 (insufficient stock)
2025-06-22 00:40:31,823 - INFO - INVENTORY | STOCK_UPDATED | MSKU CSTE_0148_SG_ButterFly_RedGreen: -1 from CCX1 (new stock: -1)
2025-06-22 00:40:31,828 - INFO - INVENTORY | ASSIGNED | MSKU CSTE_0330_Wands_Harrypotter_Light: 1 units from TLCQ
2025-06-22 00:40:31,831 - INFO - INVENTORY | STOCK_UPDATED | MSKU CSTE_0330_Wands_Harrypotter_Light: -1 from TLCQ (new stock: 76)
2025-06-22 00:40:31,839 - INFO - INVENTORY | BACKTRACK | MSKU CSTE_0017_MB_HP_Brown: 1 units from DEX3 (insufficient stock)
2025-06-22 00:40:31,842 - INFO - INVENTORY | STOCK_UPDATED | MSKU CSTE_0017_MB_HP_Brown: -1 from DEX3 (new stock: -1)
2025-06-22 00:40:31,848 - INFO - INVENTORY | BACKTRACK | MSKU CSTE_0017_MB_HP_Brown: 1 units from PNQ2 (insufficient stock)
2025-06-22 00:40:31,855 - INFO - INVENTORY | STOCK_UPDATED | MSKU CSTE_0017_MB_HP_Brown: -1 from PNQ2 (new stock: -1)
2025-06-22 00:40:31,860 - INFO - INVENTORY | ASSIGNED | MSKU CSTE_0045_MB_LavienRose_Brown: 1 units from TLCQ
2025-06-22 00:40:31,863 - INFO - INVENTORY | STOCK_UPDATED | MSKU CSTE_0045_MB_LavienRose_Brown: -1 from TLCQ (new stock: 50)
2025-06-22 00:40:31,869 - INFO - INVENTORY | BACKTRACK | MSKU CSTE_0148_SG_ButterFly_RedGreen: 1 units from DEL4 (insufficient stock)
2025-06-22 00:40:31,873 - INFO - INVENTORY | STOCK_UPDATED | MSKU CSTE_0148_SG_ButterFly_RedGreen: -1 from DEL4 (new stock: -1)
2025-06-22 00:40:31,878 - INFO - INVENTORY | ASSIGNED | MSKU CSTE_0059_MB_YouAreMySunshine_Black: 1 units from TLCQ
2025-06-22 00:40:31,881 - INFO - INVENTORY | STOCK_UPDATED | MSKU CSTE_0059_MB_YouAreMySunshine_Black: -1 from TLCQ (new stock: 1)
2025-06-22 00:40:31,892 - INFO - INVENTORY | ASSIGNED | MSKU CSTE_0045_MB_LavienRose_Brown: 1 units from TLCQ
2025-06-22 00:40:31,895 - INFO - INVENTORY | STOCK_UPDATED | MSKU CSTE_0045_MB_LavienRose_Brown: -1 from TLCQ (new stock: 49)
2025-06-22 00:40:31,898 - INFO - INVENTORY | BACKTRACK | MSKU CSTE_0148_SG_ButterFly_RedGreen: 1 units from DEL5 (insufficient stock)
2025-06-22 00:40:31,904 - INFO - INVENTORY | STOCK_UPDATED | MSKU CSTE_0148_SG_ButterFly_RedGreen: -1 from DEL5 (new stock: -1)
2025-06-22 00:40:31,908 - INFO - INVENTORY | BACKTRACK | MSKU CSTE_0148_SG_ButterFly_RedGreen: 1 units from DEX3 (insufficient stock)
2025-06-22 00:40:31,910 - INFO - INVENTORY | STOCK_UPDATED | MSKU CSTE_0148_SG_ButterFly_RedGreen: -1 from DEX3 (new stock: -1)
2025-06-22 00:40:31,914 - INFO - INVENTORY | BACKTRACK | MSKU CSTE_0017_MB_HP_Brown: 1 units from PNQ3 (insufficient stock)
2025-06-22 00:40:31,921 - INFO - INVENTORY | STOCK_UPDATED | MSKU CSTE_0017_MB_HP_Brown: -1 from PNQ3 (new stock: -1)
2025-06-22 00:40:31,924 - INFO - INVENTORY | BACKTRACK | MSKU CSTE_0359_Wands_Hermoine_light_SG: 1 units from BLR7 (insufficient stock)
2025-06-22 00:40:31,926 - INFO - INVENTORY | STOCK_UPDATED | MSKU CSTE_0359_Wands_Hermoine_light_SG: -1 from BLR7 (new stock: -1)
2025-06-22 00:40:31,930 - INFO - INVENTORY | BACKTRACK | MSKU CSTE_0434_ST_Pokemon_Bulbasour_Green: 1 units from BLR7 (insufficient stock)
2025-06-22 00:40:31,932 - INFO - INVENTORY | STOCK_UPDATED | MSKU CSTE_0434_ST_Pokemon_Bulbasour_Green: -1 from BLR7 (new stock: -1)
2025-06-22 00:40:31,938 - INFO - INVENTORY | BACKTRACK | MSKU CSTE_0017_MB_HP_Brown: 1 units from SDED (insufficient stock)
2025-06-22 00:40:31,941 - INFO - INVENTORY | STOCK_UPDATED | MSKU CSTE_0017_MB_HP_Brown: -1 from SDED (new stock: -1)
2025-06-22 00:40:31,944 - INFO - INVENTORY | BACKTRACK | MSKU CSTE_0199_MB_MHA8_Brown: 1 units from BOM5 (insufficient stock)
2025-06-22 00:40:31,946 - INFO - INVENTORY | STOCK_UPDATED | MSKU CSTE_0199_MB_MHA8_Brown: -1 from BOM5 (new stock: -1)
2025-06-22 00:40:31,954 - INFO - INVENTORY | ASSIGNED | MSKU CSTE_O0390_OT_Toiletry_Bottles: 1 units from TLCQ
2025-06-22 00:40:31,958 - INFO - INVENTORY | STOCK_UPDATED | MSKU CSTE_O0390_OT_Toiletry_Bottles: -1 from TLCQ (new stock: 26)
2025-06-22 00:40:31,962 - INFO - INVENTORY | ASSIGNED | MSKU CSTE_0060_MB_YouAreMySunshine_Brown: 1 units from TLCQ
2025-06-22 00:40:31,963 - INFO - INVENTORY | STOCK_UPDATED | MSKU CSTE_0060_MB_YouAreMySunshine_Brown: -1 from TLCQ (new stock: 21)
2025-06-22 00:40:31,976 - INFO - INVENTORY | ASSIGNED | MSKU CSTE_0157_SG_FireGlass_Green: 1 units from TLCQ
2025-06-22 00:40:31,978 - INFO - INVENTORY | STOCK_UPDATED | MSKU CSTE_0157_SG_FireGlass_Green: -1 from TLCQ (new stock: 4)
2025-06-22 00:40:31,981 - INFO - INVENTORY | ASSIGNED | MSKU CSTE_O0390_OT_Toiletry_Bottles: 1 units from TLCQ
2025-06-22 00:40:31,987 - INFO - INVENTORY | STOCK_UPDATED | MSKU CSTE_O0390_OT_Toiletry_Bottles: -1 from TLCQ (new stock: 25)
2025-06-22 00:40:31,991 - INFO - INVENTORY | BACKTRACK | MSKU CSTE_0320_ST_StrawberryRed: 1 units from BLR7 (insufficient stock)
2025-06-22 00:40:31,993 - INFO - INVENTORY | STOCK_UPDATED | MSKU CSTE_0320_ST_StrawberryRed: -1 from BLR7 (new stock: -1)
2025-06-22 00:40:31,999 - INFO - INVENTORY | ASSIGNED | MSKU CSTE_0045_MB_LavienRose_Brown: 1 units from TLCQ
2025-06-22 00:40:32,001 - INFO - INVENTORY | STOCK_UPDATED | MSKU CSTE_0045_MB_LavienRose_Brown: -1 from TLCQ (new stock: 48)
2025-06-22 00:40:32,007 - INFO - INVENTORY | BACKTRACK | MSKU CSTE_0017_MB_HP_Brown: 1 units from SDEE (insufficient stock)
2025-06-22 00:40:32,009 - INFO - INVENTORY | STOCK_UPDATED | MSKU CSTE_0017_MB_HP_Brown: -1 from SDEE (new stock: -1)
2025-06-22 00:40:32,019 - INFO - INVENTORY | ASSIGNED | MSKU CSTE_0430_Org_Compression_Kit_Blue: 1 units from TLCQ
2025-06-22 00:40:32,024 - INFO - INVENTORY | STOCK_UPDATED | MSKU CSTE_0430_Org_Compression_Kit_Blue: -1 from TLCQ (new stock: 21)
2025-06-22 00:40:32,028 - INFO - INVENTORY | ASSIGNED | MSKU CSTE_0015_MB_HBD_Black: 1 units from TLCQ
2025-06-22 00:40:32,030 - INFO - INVENTORY | STOCK_UPDATED | MSKU CSTE_0015_MB_HBD_Black: -1 from TLCQ (new stock: 327)
2025-06-22 00:40:32,033 - INFO - INVENTORY | BACKTRACK | MSKU CSTE_0017_MB_HP_Brown: 1 units from XHJ9 (insufficient stock)
2025-06-22 00:40:32,037 - INFO - INVENTORY | STOCK_UPDATED | MSKU CSTE_0017_MB_HP_Brown: -1 from XHJ9 (new stock: -1)
2025-06-22 00:40:32,040 - INFO - INVENTORY | ASSIGNED | MSKU CSTE_0045_MB_LavienRose_Brown: 1 units from TLCQ
2025-06-22 00:40:32,042 - INFO - INVENTORY | STOCK_UPDATED | MSKU CSTE_0045_MB_LavienRose_Brown: -1 from TLCQ (new stock: 47)
2025-06-22 00:40:32,047 - INFO - INVENTORY | ASSIGNED | MSKU CSTE_0436_MB_Kalimba_8Notes_Heartshape: 1 units from TLCQ
2025-06-22 00:40:32,050 - INFO - INVENTORY | STOCK_UPDATED | MSKU CSTE_0436_MB_Kalimba_8Notes_Heartshape: -1 from TLCQ (new stock: 10)
2025-06-22 00:40:32,055 - INFO - INVENTORY | BACKTRACK | MSKU CSTE_0017_MB_HP_Brown: 1 units from BLR7 (insufficient stock)
2025-06-22 00:40:32,057 - INFO - INVENTORY | STOCK_UPDATED | MSKU CSTE_0017_MB_HP_Brown: -1 from BLR7 (new stock: -2)
2025-06-22 00:40:32,061 - INFO - INVENTORY | BACKTRACK | MSKU CSTE_0148_SG_ButterFly_RedGreen: 1 units from PNQ2 (insufficient stock)
2025-06-22 00:40:32,065 - INFO - INVENTORY | STOCK_UPDATED | MSKU CSTE_0148_SG_ButterFly_RedGreen: -1 from PNQ2 (new stock: -1)
2025-06-22 00:40:32,072 - INFO - INVENTORY | BACKTRACK | MSKU CSTE_0017_MB_HP_Brown: 1 units from BLR8 (insufficient stock)
2025-06-22 00:40:32,075 - INFO - INVENTORY | STOCK_UPDATED | MSKU CSTE_0017_MB_HP_Brown: -1 from BLR8 (new stock: -2)
2025-06-22 00:40:32,079 - INFO - INVENTORY | BACKTRACK | MSKU CSTE_0484_ST_Animal_Kaonashi_Ghost_Black: 1 units from TLCQ (insufficient stock)
2025-06-22 00:40:32,083 - INFO - INVENTORY | STOCK_UPDATED | MSKU CSTE_0484_ST_Animal_Kaonashi_Ghost_Black: -1 from TLCQ (new stock: -1)
2025-06-22 00:40:32,087 - INFO - INVENTORY | ASSIGNED | MSKU CSTE_0397_Organizer_StorageBox_Blue: 1 units from TLCQ
2025-06-22 00:40:32,091 - INFO - INVENTORY | STOCK_UPDATED | MSKU CSTE_0397_Organizer_StorageBox_Blue: -1 from TLCQ (new stock: 52)
2025-06-22 00:40:32,112 - INFO - INVENTORY | UPDATED | Processed 48 orders
2025-06-22 00:40:32,113 - INFO - INVENTORY | UPDATED | Inventory updated successfully
2025-06-22 00:40:32,128 - INFO - OUTPUT | SUCCESS | Outbound data formatted: 48 records
2025-06-22 00:40:32,140 - INFO - Processing file: raw_daily_reports\gl_fk\gl_fk.csv
2025-06-22 00:40:32,144 - INFO - Detected format: .csv
2025-06-22 00:40:32,163 - INFO - Successfully loaded data: 11 rows, 37 columns
2025-06-22 00:40:32,170 - INFO - Cleaned data: (11, 37) -> (11, 34)
2025-06-22 00:40:32,231 - INFO - MEMORY | LOADED | Data loaded from master: clean_data\sku_mappings_final_clean.csv
2025-06-22 00:40:32,237 - INFO - VALIDATOR | SUCCESS | Normalized columns: ['sku', 'msku', 'panels', 'status 1', 'status 2', 'image']
2025-06-22 00:40:32,246 - INFO - MEMORY | LOADED | Data loaded from master: clean_data\combo_sku_clean.csv
2025-06-22 00:40:32,249 - INFO - COMBO | INITIALIZED | Combo hashtable built with 375 entries
2025-06-22 00:40:32,294 - INFO - MEMORY | LOADED | Data loaded from memory: memory\inventory_memory.csv
2025-06-22 00:40:32,303 - INFO - MAPPER | HASHTABLE | Built hashtable with 4327 mappings
2025-06-22 00:40:32,304 - INFO - SYSTEM | INITIALIZED | All components loaded successfully
2025-06-22 00:40:32,309 - INFO - MAPPER | STARTED | Processing SKU mappings
2025-06-22 00:40:32,314 - INFO - VALIDATOR | SUCCESS | Normalized columns: ['ordered on', 'shipment id', 'order item id', 'order id', 'hsn code', 'order state', 'order type', 'fsn', 'sku', 'product', 'invoice no.', 'igst', 'invoice date (mm/dd/yy)', 'invoice amount', 'selling price per item', 'shipping and handling charges', 'quantity', 'price inc. fkmp contribution & subsidy', 'buyer name', 'ship to name', 'address line 1', 'address line 2', 'city', 'state', 'pin code', 'dispatch after date', 'dispatch by date', 'tracking id', 'package length (cm)', 'package breadth (cm)', 'package height (cm)', 'package weight (kg)', 'ready to make', 'with attachment']
2025-06-22 00:40:32,327 - INFO - MAPPER | COMPLETED | Processed 11 records
2025-06-22 00:40:32,340 - INFO - INVENTORY | ASSIGNED | MSKU CSTE_0204_MB_MHA12_Brown: 1 units from TLCQ
2025-06-22 00:40:32,343 - INFO - INVENTORY | STOCK_UPDATED | MSKU CSTE_0204_MB_MHA12_Brown: -1 from TLCQ (new stock: 15)
2025-06-22 00:40:32,350 - INFO - INVENTORY | ASSIGNED | MSKU CSTE_0059_MB_YouAreMySunshine_Black: 1 units from TLCQ
2025-06-22 00:40:32,356 - INFO - INVENTORY | STOCK_UPDATED | MSKU CSTE_0059_MB_YouAreMySunshine_Black: -1 from TLCQ (new stock: 0)
2025-06-22 00:40:32,364 - INFO - INVENTORY | BACKTRACK | MSKU CSTE_0059_MB_YouAreMySunshine_Black: 1 units from TLCQ (insufficient stock)
2025-06-22 00:40:32,372 - INFO - INVENTORY | STOCK_UPDATED | MSKU CSTE_0059_MB_YouAreMySunshine_Black: -1 from TLCQ (new stock: -1)
2025-06-22 00:40:32,376 - INFO - INVENTORY | BACKTRACK | MSKU CSTE_0017_MB_HP_Brown: 1 units from BOM5 (insufficient stock)
2025-06-22 00:40:32,380 - INFO - INVENTORY | STOCK_UPDATED | MSKU CSTE_0017_MB_HP_Brown: -1 from BOM5 (new stock: -2)
2025-06-22 00:40:32,392 - INFO - INVENTORY | ASSIGNED | MSKU CSTE_0021_MB_Beatles_Black: 1 units from TLCQ
2025-06-22 00:40:32,397 - INFO - INVENTORY | STOCK_UPDATED | MSKU CSTE_0021_MB_Beatles_Black: -1 from TLCQ (new stock: 2)
2025-06-22 00:40:32,408 - INFO - INVENTORY | BACKTRACK | MSKU CSTE_0044_MB_LaVienRose_Black: 1 units from BLR8 (insufficient stock)
2025-06-22 00:40:32,411 - INFO - INVENTORY | STOCK_UPDATED | MSKU CSTE_0044_MB_LaVienRose_Black: -1 from BLR8 (new stock: -1)
2025-06-22 00:40:32,424 - INFO - INVENTORY | BACKTRACK | MSKU CSTE_0059_MB_YouAreMySunshine_Black: 1 units from BLR7 (insufficient stock)
2025-06-22 00:40:32,428 - INFO - INVENTORY | STOCK_UPDATED | MSKU CSTE_0059_MB_YouAreMySunshine_Black: -1 from BLR7 (new stock: -1)
2025-06-22 00:40:32,439 - INFO - INVENTORY | ASSIGNED | MSKU CSTE_0217_SG_ThugLife_Thin: 1 units from TLCQ
2025-06-22 00:40:32,441 - INFO - INVENTORY | STOCK_UPDATED | MSKU CSTE_0217_SG_ThugLife_Thin: -1 from TLCQ (new stock: 606)
2025-06-22 00:40:32,449 - INFO - INVENTORY | BACKTRACK | MSKU CSTE_0240_SG_Wings_Red: 1 units from CCU1 (insufficient stock)
2025-06-22 00:40:32,454 - INFO - INVENTORY | STOCK_UPDATED | MSKU CSTE_0240_SG_Wings_Red: -1 from CCU1 (new stock: -1)
2025-06-22 00:40:32,457 - INFO - INVENTORY | ASSIGNED | MSKU CSTE_O0324_OT_Doll_White: 1 units from TLCQ
2025-06-22 00:40:32,460 - INFO - INVENTORY | STOCK_UPDATED | MSKU CSTE_O0324_OT_Doll_White: -1 from TLCQ (new stock: 1)
2025-06-22 00:40:32,463 - INFO - INVENTORY | ASSIGNED | MSKU CSTE_0217_SG_ThugLife_Thin: 1 units from TLCQ
2025-06-22 00:40:32,465 - INFO - INVENTORY | STOCK_UPDATED | MSKU CSTE_0217_SG_ThugLife_Thin: -1 from TLCQ (new stock: 605)
2025-06-22 00:40:32,486 - INFO - INVENTORY | UPDATED | Processed 11 orders
2025-06-22 00:40:32,486 - INFO - INVENTORY | UPDATED | Inventory updated successfully
2025-06-22 00:40:32,499 - INFO - OUTPUT | SUCCESS | Outbound data formatted: 11 records
2025-06-22 00:40:32,505 - INFO - Processing file: raw_daily_reports\rudrav_meesho\rudrav_meesho.csv
2025-06-22 00:40:32,507 - INFO - Detected format: .csv
2025-06-22 00:40:32,518 - INFO - Successfully loaded data: 64 rows, 11 columns
2025-06-22 00:40:32,525 - INFO - Cleaned data: (64, 11) -> (64, 10)
2025-06-22 00:40:32,592 - INFO - MEMORY | LOADED | Data loaded from master: clean_data\sku_mappings_final_clean.csv
2025-06-22 00:40:32,598 - INFO - VALIDATOR | SUCCESS | Normalized columns: ['sku', 'msku', 'panels', 'status 1', 'status 2', 'image']
2025-06-22 00:40:32,612 - INFO - MEMORY | LOADED | Data loaded from master: clean_data\combo_sku_clean.csv
2025-06-22 00:40:32,615 - INFO - COMBO | INITIALIZED | Combo hashtable built with 375 entries
2025-06-22 00:40:32,655 - INFO - MEMORY | LOADED | Data loaded from memory: memory\inventory_memory.csv
2025-06-22 00:40:32,660 - INFO - MAPPER | HASHTABLE | Built hashtable with 4327 mappings
2025-06-22 00:40:32,660 - INFO - SYSTEM | INITIALIZED | All components loaded successfully
2025-06-22 00:40:32,662 - INFO - MAPPER | STARTED | Processing SKU mappings
2025-06-22 00:40:32,668 - INFO - VALIDATOR | SUCCESS | Normalized columns: ['reason for credit entry', 'sub order no', 'order date', 'customer state', 'product name', 'sku', 'size', 'quantity', 'supplier listed price (incl. gst + commission)', 'supplier discounted price (incl gst and commision)']
2025-06-22 00:40:32,700 - INFO - MAPPER | COMPLETED | Processed 64 records
2025-06-22 00:40:32,708 - INFO - INVENTORY | ASSIGNED | MSKU CSTE_0020_MB_HP_Black: 1 units from TLCQ
2025-06-22 00:40:32,712 - INFO - INVENTORY | STOCK_UPDATED | MSKU CSTE_0020_MB_HP_Black: -1 from TLCQ (new stock: 58)
2025-06-22 00:40:32,716 - INFO - INVENTORY | BACKTRACK | MSKU CSTE_0442_CLT_AF_Goku_Big: 1 units from TLCQ (insufficient stock)
2025-06-22 00:40:32,721 - INFO - INVENTORY | STOCK_UPDATED | MSKU CSTE_0442_CLT_AF_Goku_Big: -1 from TLCQ (new stock: -1)
2025-06-22 00:40:32,728 - INFO - INVENTORY | ASSIGNED | MSKU CSTE_O0390_OT_Toiletry_Bottles: 1 units from TLCQ
2025-06-22 00:40:32,731 - INFO - INVENTORY | STOCK_UPDATED | MSKU CSTE_O0390_OT_Toiletry_Bottles: -1 from TLCQ (new stock: 24)
2025-06-22 00:40:32,739 - INFO - INVENTORY | ASSIGNED | MSKU CSTE_O0390_OT_Toiletry_Bottles: 1 units from TLCQ
2025-06-22 00:40:32,746 - INFO - INVENTORY | STOCK_UPDATED | MSKU CSTE_O0390_OT_Toiletry_Bottles: -1 from TLCQ (new stock: 23)
2025-06-22 00:40:32,751 - INFO - INVENTORY | ASSIGNED | MSKU CSTE_0020_MB_HP_Black: 1 units from TLCQ
2025-06-22 00:40:32,757 - INFO - INVENTORY | STOCK_UPDATED | MSKU CSTE_0020_MB_HP_Black: -1 from TLCQ (new stock: 57)
2025-06-22 00:40:32,764 - INFO - INVENTORY | BACKTRACK | MSKU CSTE_0490_ST_Fruit_Blox_Shadow: 1 units from BOM7 (insufficient stock)
2025-06-22 00:40:32,772 - INFO - INVENTORY | STOCK_UPDATED | MSKU CSTE_0490_ST_Fruit_Blox_Shadow: -1 from BOM7 (new stock: -1)
2025-06-22 00:40:32,781 - INFO - INVENTORY | ASSIGNED | MSKU CSTE_O0390_OT_Toiletry_Bottles: 1 units from TLCQ
2025-06-22 00:40:32,788 - INFO - INVENTORY | STOCK_UPDATED | MSKU CSTE_O0390_OT_Toiletry_Bottles: -1 from TLCQ (new stock: 22)
2025-06-22 00:40:32,793 - INFO - INVENTORY | ASSIGNED | MSKU CSTE_O0390_OT_Toiletry_Bottles: 1 units from TLCQ
2025-06-22 00:40:32,796 - INFO - INVENTORY | STOCK_UPDATED | MSKU CSTE_O0390_OT_Toiletry_Bottles: -1 from TLCQ (new stock: 21)
2025-06-22 00:40:32,804 - INFO - INVENTORY | ASSIGNED | MSKU CSTE_O0390_OT_Toiletry_Bottles: 2 units from TLCQ
2025-06-22 00:40:32,808 - INFO - INVENTORY | STOCK_UPDATED | MSKU CSTE_O0390_OT_Toiletry_Bottles: -2 from TLCQ (new stock: 19)
2025-06-22 00:40:32,811 - INFO - INVENTORY | ASSIGNED | MSKU CSTE_O0390_OT_Toiletry_Bottles: 1 units from TLCQ
2025-06-22 00:40:32,815 - INFO - INVENTORY | STOCK_UPDATED | MSKU CSTE_O0390_OT_Toiletry_Bottles: -1 from TLCQ (new stock: 18)
2025-06-22 00:40:32,822 - INFO - INVENTORY | ASSIGNED | MSKU CSTE_O0390_OT_Toiletry_Bottles: 1 units from TLCQ
2025-06-22 00:40:32,826 - INFO - INVENTORY | STOCK_UPDATED | MSKU CSTE_O0390_OT_Toiletry_Bottles: -1 from TLCQ (new stock: 17)
2025-06-22 00:40:32,829 - INFO - INVENTORY | ASSIGNED | MSKU CSTE_O0390_OT_Toiletry_Bottles: 1 units from TLCQ
2025-06-22 00:40:32,831 - INFO - INVENTORY | STOCK_UPDATED | MSKU CSTE_O0390_OT_Toiletry_Bottles: -1 from TLCQ (new stock: 16)
2025-06-22 00:40:32,837 - INFO - INVENTORY | ASSIGNED | MSKU CSTE_0454_ST_Animal_Garfield_Orange: 1 units from TLCQ
2025-06-22 00:40:32,841 - INFO - INVENTORY | STOCK_UPDATED | MSKU CSTE_0454_ST_Animal_Garfield_Orange: -1 from TLCQ (new stock: 5)
2025-06-22 00:40:32,844 - INFO - INVENTORY | ASSIGNED | MSKU CSTE_0020_MB_HP_Black: 1 units from TLCQ
2025-06-22 00:40:32,846 - INFO - INVENTORY | STOCK_UPDATED | MSKU CSTE_0020_MB_HP_Black: -1 from TLCQ (new stock: 56)
2025-06-22 00:40:32,852 - INFO - INVENTORY | ASSIGNED | MSKU CSTE_O0390_OT_Toiletry_Bottles: 1 units from TLCQ
2025-06-22 00:40:32,855 - INFO - INVENTORY | STOCK_UPDATED | MSKU CSTE_O0390_OT_Toiletry_Bottles: -1 from TLCQ (new stock: 15)
2025-06-22 00:40:32,860 - INFO - INVENTORY | BACKTRACK | MSKU CSTE_0417_Organizer_StorageBox_SkyBlue: 1 units from TLCQ (insufficient stock)
2025-06-22 00:40:32,863 - INFO - INVENTORY | STOCK_UPDATED | MSKU CSTE_0417_Organizer_StorageBox_SkyBlue: -1 from TLCQ (new stock: -1)
2025-06-22 00:40:32,866 - INFO - INVENTORY | ASSIGNED | MSKU CSTE_O0390_OT_Toiletry_Bottles: 2 units from TLCQ
2025-06-22 00:40:32,870 - INFO - INVENTORY | STOCK_UPDATED | MSKU CSTE_O0390_OT_Toiletry_Bottles: -2 from TLCQ (new stock: 13)
2025-06-22 00:40:32,875 - INFO - INVENTORY | ASSIGNED | MSKU CSTE_O0390_OT_Toiletry_Bottles: 1 units from TLCQ
2025-06-22 00:40:32,879 - INFO - INVENTORY | STOCK_UPDATED | MSKU CSTE_O0390_OT_Toiletry_Bottles: -1 from TLCQ (new stock: 12)
2025-06-22 00:40:32,883 - INFO - INVENTORY | ASSIGNED | MSKU CSTE_0162_SG_FireGlass_MercuryPink: 1 units from TLCQ
2025-06-22 00:40:32,888 - INFO - INVENTORY | STOCK_UPDATED | MSKU CSTE_0162_SG_FireGlass_MercuryPink: -1 from TLCQ (new stock: 4)
2025-06-22 00:40:32,892 - INFO - INVENTORY | ASSIGNED | MSKU CSTE_O0390_OT_Toiletry_Bottles: 1 units from TLCQ
2025-06-22 00:40:32,897 - INFO - INVENTORY | STOCK_UPDATED | MSKU CSTE_O0390_OT_Toiletry_Bottles: -1 from TLCQ (new stock: 11)
2025-06-22 00:40:32,903 - INFO - INVENTORY | ASSIGNED | MSKU CSTE_0478_ST_Minecraft_Cow_Brown: 1 units from TLCQ
2025-06-22 00:40:32,908 - INFO - INVENTORY | STOCK_UPDATED | MSKU CSTE_0478_ST_Minecraft_Cow_Brown: -1 from TLCQ (new stock: 0)
2025-06-22 00:40:32,917 - INFO - INVENTORY | ASSIGNED | MSKU CSTE_O0390_OT_Toiletry_Bottles: 1 units from TLCQ
2025-06-22 00:40:32,921 - INFO - INVENTORY | STOCK_UPDATED | MSKU CSTE_O0390_OT_Toiletry_Bottles: -1 from TLCQ (new stock: 10)
2025-06-22 00:40:32,927 - INFO - INVENTORY | BACKTRACK | MSKU CSTE_0013_MB_HBD_Red: 1 units from BLR7 (insufficient stock)
2025-06-22 00:40:32,930 - INFO - INVENTORY | STOCK_UPDATED | MSKU CSTE_0013_MB_HBD_Red: -1 from BLR7 (new stock: -1)
2025-06-22 00:40:32,940 - INFO - INVENTORY | ASSIGNED | MSKU CSTE_0020_MB_HP_Black: 1 units from TLCQ
2025-06-22 00:40:32,947 - INFO - INVENTORY | STOCK_UPDATED | MSKU CSTE_0020_MB_HP_Black: -1 from TLCQ (new stock: 55)
2025-06-22 00:40:32,955 - INFO - INVENTORY | ASSIGNED | MSKU CSTE_O0390_OT_Toiletry_Bottles: 1 units from TLCQ
2025-06-22 00:40:32,960 - INFO - INVENTORY | STOCK_UPDATED | MSKU CSTE_O0390_OT_Toiletry_Bottles: -1 from TLCQ (new stock: 9)
2025-06-22 00:40:32,966 - INFO - INVENTORY | ASSIGNED | MSKU CSTE_0157_SG_FireGlass_Green: 1 units from TLCQ
2025-06-22 00:40:32,974 - INFO - INVENTORY | STOCK_UPDATED | MSKU CSTE_0157_SG_FireGlass_Green: -1 from TLCQ (new stock: 3)
2025-06-22 00:40:32,980 - INFO - INVENTORY | ASSIGNED | MSKU CSTE_0463_ST_Pokemon_Gengar: 1 units from TLCQ
2025-06-22 00:40:32,988 - INFO - INVENTORY | STOCK_UPDATED | MSKU CSTE_0463_ST_Pokemon_Gengar: -1 from TLCQ (new stock: 3)
2025-06-22 00:40:33,001 - INFO - INVENTORY | ASSIGNED | MSKU CSTE_O0390_OT_Toiletry_Bottles: 1 units from TLCQ
2025-06-22 00:40:33,004 - INFO - INVENTORY | STOCK_UPDATED | MSKU CSTE_O0390_OT_Toiletry_Bottles: -1 from TLCQ (new stock: 8)
2025-06-22 00:40:33,009 - INFO - INVENTORY | BACKTRACK | MSKU CSTE_0148_SG_ButterFly_RedGreen: 1 units from PNQ3 (insufficient stock)
2025-06-22 00:40:33,013 - INFO - INVENTORY | STOCK_UPDATED | MSKU CSTE_0148_SG_ButterFly_RedGreen: -1 from PNQ3 (new stock: -1)
2025-06-22 00:40:33,018 - INFO - INVENTORY | ASSIGNED | MSKU CSTE_0020_MB_HP_Black: 1 units from TLCQ
2025-06-22 00:40:33,021 - INFO - INVENTORY | STOCK_UPDATED | MSKU CSTE_0020_MB_HP_Black: -1 from TLCQ (new stock: 54)
2025-06-22 00:40:33,026 - INFO - INVENTORY | ASSIGNED | MSKU CSTE_O0390_OT_Toiletry_Bottles: 1 units from TLCQ
2025-06-22 00:40:33,031 - INFO - INVENTORY | STOCK_UPDATED | MSKU CSTE_O0390_OT_Toiletry_Bottles: -1 from TLCQ (new stock: 7)
2025-06-22 00:40:33,037 - INFO - INVENTORY | ASSIGNED | MSKU CSTE_0020_MB_HP_Black: 1 units from TLCQ
2025-06-22 00:40:33,040 - INFO - INVENTORY | STOCK_UPDATED | MSKU CSTE_0020_MB_HP_Black: -1 from TLCQ (new stock: 53)
2025-06-22 00:40:33,047 - INFO - INVENTORY | ASSIGNED | MSKU CSTE_0157_SG_FireGlass_Green: 1 units from TLCQ
2025-06-22 00:40:33,054 - INFO - INVENTORY | STOCK_UPDATED | MSKU CSTE_0157_SG_FireGlass_Green: -1 from TLCQ (new stock: 2)
2025-06-22 00:40:33,059 - INFO - INVENTORY | ASSIGNED | MSKU CSTE_O0390_OT_Toiletry_Bottles: 1 units from TLCQ
2025-06-22 00:40:33,062 - INFO - INVENTORY | STOCK_UPDATED | MSKU CSTE_O0390_OT_Toiletry_Bottles: -1 from TLCQ (new stock: 6)
2025-06-22 00:40:33,067 - INFO - INVENTORY | ASSIGNED | MSKU CSTE_0447_CLT_AF_Goku_SSJ: 1 units from TLCQ
2025-06-22 00:40:33,070 - INFO - INVENTORY | STOCK_UPDATED | MSKU CSTE_0447_CLT_AF_Goku_SSJ: -1 from TLCQ (new stock: 1)
2025-06-22 00:40:33,075 - INFO - INVENTORY | BACKTRACK | MSKU CSTE_0417_Organizer_StorageBox_SkyBlue: 1 units from BLR7 (insufficient stock)
2025-06-22 00:40:33,078 - INFO - INVENTORY | STOCK_UPDATED | MSKU CSTE_0417_Organizer_StorageBox_SkyBlue: -1 from BLR7 (new stock: -1)
2025-06-22 00:40:33,082 - INFO - INVENTORY | ASSIGNED | MSKU CSTE_0020_MB_HP_Black: 1 units from TLCQ
2025-06-22 00:40:33,086 - INFO - INVENTORY | STOCK_UPDATED | MSKU CSTE_0020_MB_HP_Black: -1 from TLCQ (new stock: 52)
2025-06-22 00:40:33,089 - INFO - INVENTORY | BACKTRACK | MSKU CSTE_0156_SG_FireGlass_Yellow: 1 units from TLCQ (insufficient stock)
2025-06-22 00:40:33,092 - INFO - INVENTORY | STOCK_UPDATED | MSKU CSTE_0156_SG_FireGlass_Yellow: -1 from TLCQ (new stock: -1)
2025-06-22 00:40:33,096 - INFO - INVENTORY | BACKTRACK | MSKU CSTE_O0120_OT_DolphinBubbleMachine: 1 units from TLCQ (insufficient stock)
2025-06-22 00:40:33,099 - INFO - INVENTORY | STOCK_UPDATED | MSKU CSTE_O0120_OT_DolphinBubbleMachine: -1 from TLCQ (new stock: -1)
2025-06-22 00:40:33,105 - INFO - INVENTORY | BACKTRACK | MSKU CSTE_0054_MB_Starwar_Black: 1 units from BLR7 (insufficient stock)
2025-06-22 00:40:33,116 - INFO - INVENTORY | STOCK_UPDATED | MSKU CSTE_0054_MB_Starwar_Black: -1 from BLR7 (new stock: -1)
2025-06-22 00:40:33,126 - INFO - INVENTORY | ASSIGNED | MSKU CSTE_0020_MB_HP_Black: 1 units from TLCQ
2025-06-22 00:40:33,129 - INFO - INVENTORY | STOCK_UPDATED | MSKU CSTE_0020_MB_HP_Black: -1 from TLCQ (new stock: 51)
2025-06-22 00:40:33,133 - INFO - INVENTORY | ASSIGNED | MSKU CSTE_O0390_OT_Toiletry_Bottles: 1 units from TLCQ
2025-06-22 00:40:33,137 - INFO - INVENTORY | STOCK_UPDATED | MSKU CSTE_O0390_OT_Toiletry_Bottles: -1 from TLCQ (new stock: 5)
2025-06-22 00:40:33,145 - INFO - INVENTORY | ASSIGNED | MSKU CSTE_O0445_OT_Glue_Sand_Rubber_Monkey: 1 units from TLCQ
2025-06-22 00:40:33,149 - INFO - INVENTORY | STOCK_UPDATED | MSKU CSTE_O0445_OT_Glue_Sand_Rubber_Monkey: -1 from TLCQ (new stock: 0)
2025-06-22 00:40:33,154 - INFO - INVENTORY | ASSIGNED | MSKU CSTE_0294_OT_Harrypotter_new_wand: 1 units from TLCQ
2025-06-22 00:40:33,157 - INFO - INVENTORY | STOCK_UPDATED | MSKU CSTE_0294_OT_Harrypotter_new_wand: -1 from TLCQ (new stock: 0)
2025-06-22 00:40:33,162 - INFO - INVENTORY | ASSIGNED | MSKU CSTE_0533_ST_Animal_Breathing_Koala_Grey: 1 units from TLCQ
2025-06-22 00:40:33,166 - INFO - INVENTORY | STOCK_UPDATED | MSKU CSTE_0533_ST_Animal_Breathing_Koala_Grey: -1 from TLCQ (new stock: 0)
2025-06-22 00:40:33,171 - INFO - INVENTORY | ASSIGNED | MSKU CSTE_0020_MB_HP_Black: 1 units from TLCQ
2025-06-22 00:40:33,175 - INFO - INVENTORY | STOCK_UPDATED | MSKU CSTE_0020_MB_HP_Black: -1 from TLCQ (new stock: 50)
2025-06-22 00:40:33,178 - INFO - INVENTORY | ASSIGNED | MSKU CSTE_0470_ST_Minecraft_Sword_Small: 1 units from TLCQ
2025-06-22 00:40:33,180 - INFO - INVENTORY | STOCK_UPDATED | MSKU CSTE_0470_ST_Minecraft_Sword_Small: -1 from TLCQ (new stock: 62)
2025-06-22 00:40:33,187 - INFO - INVENTORY | ASSIGNED | MSKU CSTE_0205_MB_MHA10_Brown: 1 units from TLCQ
2025-06-22 00:40:33,192 - INFO - INVENTORY | STOCK_UPDATED | MSKU CSTE_0205_MB_MHA10_Brown: -1 from TLCQ (new stock: 12)
2025-06-22 00:40:33,196 - INFO - INVENTORY | BACKTRACK | MSKU CSTE_0148_SG_ButterFly_RedGreen: 1 units from SDED (insufficient stock)
2025-06-22 00:40:33,198 - INFO - INVENTORY | STOCK_UPDATED | MSKU CSTE_0148_SG_ButterFly_RedGreen: -1 from SDED (new stock: -1)
2025-06-22 00:40:33,204 - INFO - INVENTORY | ASSIGNED | MSKU CSTE_0157_SG_FireGlass_Green: 1 units from TLCQ
2025-06-22 00:40:33,209 - INFO - INVENTORY | STOCK_UPDATED | MSKU CSTE_0157_SG_FireGlass_Green: -1 from TLCQ (new stock: 1)
2025-06-22 00:40:33,213 - INFO - INVENTORY | ASSIGNED | MSKU CSTE_O0390_OT_Toiletry_Bottles: 1 units from TLCQ
2025-06-22 00:40:33,227 - INFO - INVENTORY | STOCK_UPDATED | MSKU CSTE_O0390_OT_Toiletry_Bottles: -1 from TLCQ (new stock: 4)
2025-06-22 00:40:33,290 - INFO - INVENTORY | ASSIGNED | MSKU CSTE_0085_MB_Titanic_Brown: 1 units from TLCQ
2025-06-22 00:40:33,413 - INFO - INVENTORY | STOCK_UPDATED | MSKU CSTE_0085_MB_Titanic_Brown: -1 from TLCQ (new stock: 58)
2025-06-22 00:40:33,442 - INFO - INVENTORY | ASSIGNED | MSKU CSTE_O0390_OT_Toiletry_Bottles: 1 units from TLCQ
2025-06-22 00:40:33,444 - INFO - INVENTORY | STOCK_UPDATED | MSKU CSTE_O0390_OT_Toiletry_Bottles: -1 from TLCQ (new stock: 3)
2025-06-22 00:40:33,452 - INFO - INVENTORY | BACKTRACK | MSKU CSTE_0148_SG_ButterFly_RedGreen: 1 units from SDEE (insufficient stock)
2025-06-22 00:40:33,474 - INFO - INVENTORY | STOCK_UPDATED | MSKU CSTE_0148_SG_ButterFly_RedGreen: -1 from SDEE (new stock: -1)
2025-06-22 00:40:33,479 - INFO - INVENTORY | BACKTRACK | MSKU CSTE_0111_HD_Rug_CircleFurmat_White: 1 units from TLCQ (insufficient stock)
2025-06-22 00:40:33,482 - INFO - INVENTORY | STOCK_UPDATED | MSKU CSTE_0111_HD_Rug_CircleFurmat_White: -1 from TLCQ (new stock: -1)
2025-06-22 00:40:33,486 - INFO - INVENTORY | ASSIGNED | MSKU CSTE_O0390_OT_Toiletry_Bottles: 1 units from TLCQ
2025-06-22 00:40:33,488 - INFO - INVENTORY | STOCK_UPDATED | MSKU CSTE_O0390_OT_Toiletry_Bottles: -1 from TLCQ (new stock: 2)
2025-06-22 00:40:33,492 - INFO - INVENTORY | ASSIGNED | MSKU CSTE_0020_MB_HP_Black: 1 units from TLCQ
2025-06-22 00:40:33,495 - INFO - INVENTORY | STOCK_UPDATED | MSKU CSTE_0020_MB_HP_Black: -1 from TLCQ (new stock: 49)
2025-06-22 00:40:33,499 - INFO - INVENTORY | ASSIGNED | MSKU CSTE_O0390_OT_Toiletry_Bottles: 1 units from TLCQ
2025-06-22 00:40:33,547 - INFO - INVENTORY | STOCK_UPDATED | MSKU CSTE_O0390_OT_Toiletry_Bottles: -1 from TLCQ (new stock: 1)
2025-06-22 00:40:33,559 - INFO - INVENTORY | BACKTRACK | MSKU CSTE_0148_SG_ButterFly_RedGreen: 1 units from XHJ9 (insufficient stock)
2025-06-22 00:40:33,562 - INFO - INVENTORY | STOCK_UPDATED | MSKU CSTE_0148_SG_ButterFly_RedGreen: -1 from XHJ9 (new stock: -1)
2025-06-22 00:40:33,566 - INFO - INVENTORY | BACKTRACK | MSKU CSTE_0148_SG_ButterFly_RedGreen: 1 units from BLR7 (insufficient stock)
2025-06-22 00:40:33,570 - INFO - INVENTORY | STOCK_UPDATED | MSKU CSTE_0148_SG_ButterFly_RedGreen: -1 from BLR7 (new stock: -2)
2025-06-22 00:40:33,574 - INFO - INVENTORY | ASSIGNED | MSKU CSTE_0157_SG_FireGlass_Green: 1 units from TLCQ
2025-06-22 00:40:33,576 - INFO - INVENTORY | STOCK_UPDATED | MSKU CSTE_0157_SG_FireGlass_Green: -1 from TLCQ (new stock: 0)
2025-06-22 00:40:33,581 - INFO - INVENTORY | BACKTRACK | MSKU CSTE_O0390_OT_Toiletry_Bottles: 2 units from TLCQ (insufficient stock)
2025-06-22 00:40:33,584 - INFO - INVENTORY | STOCK_UPDATED | MSKU CSTE_O0390_OT_Toiletry_Bottles: -2 from TLCQ (new stock: -1)
2025-06-22 00:40:33,588 - INFO - INVENTORY | BACKTRACK | MSKU CSTE_0111_HD_Rug_CircleFurmat_White: 1 units from BLR7 (insufficient stock)
2025-06-22 00:40:33,591 - INFO - INVENTORY | STOCK_UPDATED | MSKU CSTE_0111_HD_Rug_CircleFurmat_White: -1 from BLR7 (new stock: -1)
2025-06-22 00:40:33,596 - INFO - INVENTORY | BACKTRACK | MSKU CSTE_O0390_OT_Toiletry_Bottles: 1 units from BLR7 (insufficient stock)
2025-06-22 00:40:33,598 - INFO - INVENTORY | STOCK_UPDATED | MSKU CSTE_O0390_OT_Toiletry_Bottles: -1 from BLR7 (new stock: -1)
2025-06-22 00:40:33,622 - INFO - INVENTORY | UPDATED | Processed 64 orders
2025-06-22 00:40:33,623 - INFO - INVENTORY | UPDATED | Inventory updated successfully
2025-06-22 00:40:33,630 - INFO - OUTPUT | SUCCESS | Outbound data formatted: 64 records
2025-06-23 07:39:03,111 - INFO - DJANGO | CONNECTED | Django ORM connection established
2025-06-23 07:39:03,114 - INFO - SYSTEM | DJANGO_MODE | Initializing with Django ORM
2025-06-23 07:39:04,357 - INFO - DJANGO | LOADED | SKU mappings loaded: 2905 records
2025-06-23 07:39:06,110 - INFO - DJANGO | LOADED | Combo data loaded: 360 combos
2025-06-23 07:39:51,431 - INFO - DJANGO | LOADED | Inventory data loaded: 1013 products
2025-06-23 07:39:51,463 - INFO - VALIDATOR | SUCCESS | Normalized columns: ['sku', 'msku', 'panels', 'status', 'marketplace_price', 'product_name', 'created_at', 'updated_at']
2025-06-23 07:39:51,473 - INFO - COMBO | INITIALIZED | Combo hashtable built with 360 entries
2025-06-23 07:39:52,353 - INFO - MAPPER | HASHTABLE | Built hashtable with 5225 mappings
2025-06-23 07:39:52,356 - INFO - SYSTEM | INITIALIZED | All components loaded successfully (Django mode)
2025-06-23 07:39:52,358 - INFO - MAPPER | STARTED | Processing SKU mappings (marketplace: CSTE_AMAZON)
2025-06-23 07:39:52,370 - INFO - VALIDATOR | SUCCESS | Normalized columns: ['date', 'fnsku', 'asin', 'msku', 'title', 'event type', 'quantity', 'fulfillment center', 'disposition', 'country', 'date and time']
2025-06-23 07:39:52,373 - INFO - MAPPER | ERROR | Validation failed: Missing required columns: ['sku']. Available: ['date', 'fnsku', 'asin', 'msku', 'title', 'event type', 'quantity', 'fulfillment center', 'disposition', 'country', 'date and time']
2025-06-23 07:39:52,376 - INFO - INVENTORY | ERROR | No processed data for inventory update
2025-06-23 07:39:52,378 - INFO - OUTPUT | ERROR | No processed data available
2025-06-23 07:39:52,392 - WARNING - Bad Request: /web/
2025-06-23 07:41:02,382 - INFO - Processing file: C:\Users\dell\AppData\Local\Temp\tmpcgr5k4uy_cste_fk.csv
2025-06-23 07:41:02,385 - INFO - Detected format: .csv
2025-06-23 07:41:02,448 - INFO - Successfully loaded data: 110 rows, 37 columns
2025-06-23 07:41:02,485 - INFO - Cleaned data: (110, 37) -> (110, 36)
2025-06-23 07:41:02,506 - INFO - DJANGO | CONNECTED | Django ORM connection established
2025-06-23 07:41:02,508 - INFO - SYSTEM | DJANGO_MODE | Initializing with Django ORM
2025-06-23 07:41:02,984 - INFO - DJANGO | LOADED | SKU mappings loaded: 2905 records
2025-06-23 07:41:04,192 - INFO - DJANGO | LOADED | Combo data loaded: 360 combos
2025-06-23 07:41:46,323 - INFO - DJANGO | LOADED | Inventory data loaded: 1013 products
2025-06-23 07:41:46,332 - INFO - VALIDATOR | SUCCESS | Normalized columns: ['sku', 'msku', 'panels', 'status', 'marketplace_price', 'product_name', 'created_at', 'updated_at']
2025-06-23 07:41:46,342 - INFO - COMBO | INITIALIZED | Combo hashtable built with 360 entries
2025-06-23 07:41:47,118 - INFO - MAPPER | HASHTABLE | Built hashtable with 5225 mappings
2025-06-23 07:41:47,121 - INFO - SYSTEM | INITIALIZED | All components loaded successfully (Django mode)
2025-06-23 07:41:47,123 - INFO - MAPPER | STARTED | Processing SKU mappings (marketplace: CSTE_FK)
2025-06-23 07:41:47,129 - INFO - VALIDATOR | SUCCESS | Normalized columns: ['ordered on', 'shipment id', 'order item id', 'order id', 'hsn code', 'order state', 'order type', 'fsn', 'sku', 'product', 'invoice no.', 'cgst', 'igst', 'sgst', 'invoice date (mm/dd/yy)', 'invoice amount', 'selling price per item', 'shipping and handling charges', 'quantity', 'price inc. fkmp contribution & subsidy', 'buyer name', 'ship to name', 'address line 1', 'address line 2', 'city', 'state', 'pin code', 'dispatch after date', 'dispatch by date', 'tracking id', 'package length (cm)', 'package breadth (cm)', 'package height (cm)', 'package weight (kg)', 'ready to make', 'with attachment']
2025-06-23 07:41:47,450 - INFO - MAPPER | COMPLETED | Processed 110 records
2025-06-23 07:42:32,309 - ERROR - Airtable API error: HTTPSConnectionPool(host='api.airtable.com', port=443): Read timed out. (read timeout=None)
2025-06-23 07:42:32,313 - ERROR - Error finding record by msku=CSTE_0546_ST_Animal_Lucifer_Cat_Black: HTTPSConnectionPool(host='api.airtable.com', port=443): Read timed out. (read timeout=None)
2025-06-23 07:46:45,356 - INFO - DJANGO | CONNECTED | Django ORM connection established
2025-06-23 07:46:45,357 - INFO - SYSTEM | DJANGO_MODE | Initializing with Django ORM
2025-06-23 07:46:46,025 - INFO - DJANGO | LOADED | SKU mappings loaded: 2905 records
2025-06-23 07:46:47,402 - INFO - DJANGO | LOADED | Combo data loaded: 360 combos
2025-06-23 07:47:33,428 - INFO - DJANGO | LOADED | Inventory data loaded: 1013 products
2025-06-23 07:47:33,438 - INFO - VALIDATOR | SUCCESS | Normalized columns: ['sku', 'msku', 'panels', 'status', 'marketplace_price', 'product_name', 'created_at', 'updated_at']
2025-06-23 07:47:33,442 - INFO - COMBO | INITIALIZED | Combo hashtable built with 360 entries
2025-06-23 07:47:34,256 - INFO - MAPPER | HASHTABLE | Built hashtable with 5225 mappings
2025-06-23 07:47:34,259 - INFO - SYSTEM | INITIALIZED | All components loaded successfully (Django mode)
2025-06-23 07:47:34,262 - INFO - MAPPER | STARTED | Processing SKU mappings (marketplace: CSTE_FK)
2025-06-23 07:47:34,272 - INFO - VALIDATOR | SUCCESS | Normalized columns: ['ordered on', 'shipment id', 'order item id', 'order id', 'hsn code', 'order state', 'order type', 'fsn', 'sku', 'product', 'invoice no.', 'cgst', 'igst', 'sgst', 'invoice date (mm/dd/yy)', 'invoice amount', 'selling price per item', 'shipping and handling charges', 'quantity', 'price inc. fkmp contribution & subsidy', 'buyer name', 'ship to name', 'address line 1', 'address line 2', 'city', 'state', 'pin code', 'dispatch after date', 'dispatch by date', 'tracking id', 'package length (cm)', 'package breadth (cm)', 'package height (cm)', 'package weight (kg)', 'ready to make', 'with attachment']
2025-06-23 07:47:34,583 - INFO - MAPPER | COMPLETED | Processed 110 records
2025-06-23 07:47:43,924 - INFO - [SUCCESS] Synced inventory for CSTE_0546_ST_Animal_Lucifer_Cat_Black to Airtable
2025-06-23 07:47:43,998 - INFO - DJANGO | STOCK_UPDATED | CSTE_0546_ST_Animal_Lucifer_Cat_Black @ TLCQ: -1 (new: -1)
2025-06-23 07:47:46,726 - INFO - [SUCCESS] Synced inventory for CSTE_0015_MB_HBD_Black to Airtable
2025-06-23 07:47:46,758 - INFO - DJANGO | STOCK_UPDATED | CSTE_0015_MB_HBD_Black @ TLCQ: -1 (new: 335)
2025-06-23 07:47:50,111 - INFO - [SUCCESS] Synced inventory for CSTE_0020_MB_HP_Black to Airtable
2025-06-23 07:47:50,174 - INFO - DJANGO | STOCK_UPDATED | CSTE_0020_MB_HP_Black @ TLCQ: -1 (new: 68)
2025-06-23 07:47:52,772 - INFO - [SUCCESS] Synced inventory for CSTE_0020_MB_HP_Black to Airtable
2025-06-23 07:47:52,838 - INFO - DJANGO | STOCK_UPDATED | CSTE_0020_MB_HP_Black @ TLCQ: -1 (new: 67)
2025-06-23 07:47:55,625 - INFO - [SUCCESS] Synced inventory for CSTE_0015_MB_HBD_Black to Airtable
2025-06-23 07:47:55,652 - INFO - DJANGO | STOCK_UPDATED | CSTE_0015_MB_HBD_Black @ TLCQ: -1 (new: 334)
2025-06-23 07:47:58,397 - INFO - [SUCCESS] Synced inventory for CSTE_0060_MB_YouAreMySunshine_Brown to Airtable
2025-06-23 07:47:58,461 - INFO - DJANGO | STOCK_UPDATED | CSTE_0060_MB_YouAreMySunshine_Brown @ TLCQ: -1 (new: 38)
2025-06-23 07:48:01,384 - INFO - [SUCCESS] Synced inventory for CSTE_0060_MB_YouAreMySunshine_Brown to Airtable
2025-06-23 07:48:01,476 - INFO - DJANGO | STOCK_UPDATED | CSTE_0060_MB_YouAreMySunshine_Brown @ TLCQ: -1 (new: 37)
2025-06-23 07:48:04,376 - INFO - [SUCCESS] Synced inventory for CSTE_0020_MB_HP_Black to Airtable
2025-06-23 07:48:04,450 - INFO - DJANGO | STOCK_UPDATED | CSTE_0020_MB_HP_Black @ TLCQ: -1 (new: 66)
2025-06-23 07:48:07,270 - INFO - [SUCCESS] Synced inventory for CSTE_0470_ST_Minecraft_Sword_Small to Airtable
2025-06-23 07:48:07,330 - INFO - DJANGO | STOCK_UPDATED | CSTE_0470_ST_Minecraft_Sword_Small @ TLCQ: -1 (new: 66)
2025-06-23 07:48:09,995 - INFO - [SUCCESS] Synced inventory for CSTE_0470_ST_Minecraft_Sword_Small to Airtable
2025-06-23 07:48:10,066 - INFO - DJANGO | STOCK_UPDATED | CSTE_0470_ST_Minecraft_Sword_Small @ TLCQ: -1 (new: 65)
2025-06-23 07:48:12,639 - INFO - [SUCCESS] Synced inventory for CSTE_0020_MB_HP_Black to Airtable
2025-06-23 07:48:12,656 - INFO - DJANGO | STOCK_UPDATED | CSTE_0020_MB_HP_Black @ TLCQ: -1 (new: 65)
2025-06-23 07:48:15,279 - INFO - [SUCCESS] Synced inventory for CSTE_0020_MB_HP_Black to Airtable
2025-06-23 07:48:15,297 - INFO - DJANGO | STOCK_UPDATED | CSTE_0020_MB_HP_Black @ TLCQ: -1 (new: 64)
2025-06-23 07:48:18,680 - INFO - [SUCCESS] Synced inventory for CSTE_0060_MB_YouAreMySunshine_Brown to Airtable
2025-06-23 07:48:18,756 - INFO - DJANGO | STOCK_UPDATED | CSTE_0060_MB_YouAreMySunshine_Brown @ TLCQ: -1 (new: 36)
2025-06-23 07:48:22,804 - INFO - [SUCCESS] Synced inventory for CSTE_0470_ST_Minecraft_Sword_Small to Airtable
2025-06-23 07:48:22,872 - INFO - DJANGO | STOCK_UPDATED | CSTE_0470_ST_Minecraft_Sword_Small @ TLCQ: -1 (new: 64)
2025-06-23 07:48:25,538 - INFO - [SUCCESS] Synced inventory for CSTE_0218_SG_ThugLife_Big to Airtable
2025-06-23 07:48:25,592 - INFO - DJANGO | STOCK_UPDATED | CSTE_0218_SG_ThugLife_Big @ TLCQ: -1 (new: -1)
2025-06-23 07:48:28,716 - INFO - [SUCCESS] Synced inventory for CSTE_0306_MB_Sabrina_8Notes_Brown to Airtable
2025-06-23 07:48:28,771 - INFO - DJANGO | STOCK_UPDATED | CSTE_0306_MB_Sabrina_8Notes_Brown @ TLCQ: -1 (new: 14)
2025-06-23 07:48:31,869 - INFO - [SUCCESS] Synced inventory for CSTE_0014_MB_HBD_Brown to Airtable
2025-06-23 07:48:31,924 - INFO - DJANGO | STOCK_UPDATED | CSTE_0014_MB_HBD_Brown @ TLCQ: -1 (new: 379)
2025-06-23 07:48:35,066 - INFO - [SUCCESS] Synced inventory for CSTE_0240_SG_Wings_Red to Airtable
2025-06-23 07:48:35,164 - INFO - DJANGO | STOCK_UPDATED | CSTE_0240_SG_Wings_Red @ TLCQ: -1 (new: -2)
2025-06-23 07:48:38,128 - INFO - [SUCCESS] Synced inventory for CSTE_0060_MB_YouAreMySunshine_Brown to Airtable
2025-06-23 07:48:38,182 - INFO - DJANGO | STOCK_UPDATED | CSTE_0060_MB_YouAreMySunshine_Brown @ TLCQ: -1 (new: 35)
2025-06-23 07:48:40,805 - INFO - [SUCCESS] Synced inventory for CSTE_0060_MB_YouAreMySunshine_Brown to Airtable
2025-06-23 07:48:40,863 - INFO - DJANGO | STOCK_UPDATED | CSTE_0060_MB_YouAreMySunshine_Brown @ TLCQ: -1 (new: 34)
2025-06-23 07:48:43,983 - INFO - [SUCCESS] Synced inventory for CSTE_0491_ST_Fruit_Blox_Spirit to Airtable
2025-06-23 07:48:44,036 - INFO - DJANGO | STOCK_UPDATED | CSTE_0491_ST_Fruit_Blox_Spirit @ TLCQ: -1 (new: 0)
2025-06-23 07:48:46,834 - INFO - [SUCCESS] Synced inventory for CSTE_0533_ST_Animal_Breathing_Koala_Grey to Airtable
2025-06-23 07:48:46,884 - INFO - DJANGO | STOCK_UPDATED | CSTE_0533_ST_Animal_Breathing_Koala_Grey @ TLCQ: -1 (new: 1)
2025-06-23 07:48:50,021 - INFO - [SUCCESS] Synced inventory for CSTE_0489_ST_Fruit_Blox_Light to Airtable
2025-06-23 07:48:50,041 - INFO - DJANGO | STOCK_UPDATED | CSTE_0489_ST_Fruit_Blox_Light @ TLCQ: -1 (new: 3)
2025-06-23 07:48:53,527 - INFO - [SUCCESS] Synced inventory for CSTE_0491_ST_Fruit_Blox_Spirit to Airtable
2025-06-23 07:48:53,566 - INFO - DJANGO | STOCK_UPDATED | CSTE_0491_ST_Fruit_Blox_Spirit @ TLCQ: -1 (new: -1)
2025-06-23 07:48:56,312 - INFO - [SUCCESS] Synced inventory for CSTE_0488_ST_Animal_Breathing_Stitch_Blue to Airtable
2025-06-23 07:48:56,378 - INFO - DJANGO | STOCK_UPDATED | CSTE_0488_ST_Animal_Breathing_Stitch_Blue @ TLCQ: -1 (new: 81)
2025-06-23 07:48:59,064 - INFO - [SUCCESS] Synced inventory for CSTE_0526_ST_Animal_Breathing_Otter_Pink to Airtable
2025-06-23 07:48:59,119 - INFO - DJANGO | STOCK_UPDATED | CSTE_0526_ST_Animal_Breathing_Otter_Pink @ TLCQ: -1 (new: 54)
2025-06-23 07:49:02,118 - INFO - [SUCCESS] Synced inventory for CSTE_0490_ST_Fruit_Blox_Shadow to Airtable
2025-06-23 07:49:02,146 - INFO - DJANGO | STOCK_UPDATED | CSTE_0490_ST_Fruit_Blox_Shadow @ TLCQ: -1 (new: -3)
2025-06-23 07:49:05,047 - INFO - [SUCCESS] Synced inventory for CSTE_0486_ST_Animal_Breathing_Otter_Brown to Airtable
2025-06-23 07:49:05,065 - INFO - DJANGO | STOCK_UPDATED | CSTE_0486_ST_Animal_Breathing_Otter_Brown @ TLCQ: -1 (new: -1)
2025-06-23 07:49:07,685 - INFO - [SUCCESS] Synced inventory for CSTE_0060_MB_YouAreMySunshine_Brown to Airtable
2025-06-23 07:49:07,748 - INFO - DJANGO | STOCK_UPDATED | CSTE_0060_MB_YouAreMySunshine_Brown @ TLCQ: -1 (new: 33)
2025-06-23 07:49:10,707 - INFO - [SUCCESS] Synced inventory for CSTE_0160_SG_FireGlass_MercuryGreen to Airtable
2025-06-23 07:49:10,761 - INFO - DJANGO | STOCK_UPDATED | CSTE_0160_SG_FireGlass_MercuryGreen @ TLCQ: -1 (new: 0)
2025-06-23 07:49:13,447 - INFO - [SUCCESS] Synced inventory for CSTE_0014_MB_HBD_Brown to Airtable
2025-06-23 07:49:13,548 - INFO - DJANGO | STOCK_UPDATED | CSTE_0014_MB_HBD_Brown @ TLCQ: -1 (new: 378)
2025-06-23 07:49:16,419 - INFO - [SUCCESS] Synced inventory for CSTE_0060_MB_YouAreMySunshine_Brown to Airtable
2025-06-23 07:49:16,443 - INFO - DJANGO | STOCK_UPDATED | CSTE_0060_MB_YouAreMySunshine_Brown @ TLCQ: -1 (new: 32)
2025-06-23 07:49:19,296 - INFO - [SUCCESS] Synced inventory for CSTE_0020_MB_HP_Black to Airtable
2025-06-23 07:49:19,338 - INFO - DJANGO | STOCK_UPDATED | CSTE_0020_MB_HP_Black @ TLCQ: -1 (new: 63)
2025-06-23 07:49:21,880 - INFO - [SUCCESS] Synced inventory for CSTE_0149_SG_ButterFly_Pink to Airtable
2025-06-23 07:49:21,933 - INFO - DJANGO | STOCK_UPDATED | CSTE_0149_SG_ButterFly_Pink @ TLCQ: -1 (new: 0)
2025-06-23 07:49:24,595 - INFO - [SUCCESS] Synced inventory for CSTE_0014_MB_HBD_Brown to Airtable
2025-06-23 07:49:24,647 - INFO - DJANGO | STOCK_UPDATED | CSTE_0014_MB_HBD_Brown @ TLCQ: -1 (new: 377)
2025-06-23 07:49:27,894 - INFO - [SUCCESS] Synced inventory for CSTE_0217_SG_ThugLife_Thin to Airtable
2025-06-23 07:49:27,945 - INFO - DJANGO | STOCK_UPDATED | CSTE_0217_SG_ThugLife_Thin @ TLCQ: -1 (new: 607)
2025-06-23 07:49:31,436 - INFO - [SUCCESS] Synced inventory for CSTE_0015_MB_HBD_Black to Airtable
2025-06-23 07:49:31,514 - INFO - DJANGO | STOCK_UPDATED | CSTE_0015_MB_HBD_Black @ TLCQ: -1 (new: 333)
2025-06-23 07:49:34,054 - INFO - [SUCCESS] Synced inventory for CSTE_0020_MB_HP_Black to Airtable
2025-06-23 07:49:34,116 - INFO - DJANGO | STOCK_UPDATED | CSTE_0020_MB_HP_Black @ TLCQ: -1 (new: 62)
2025-06-23 07:49:36,621 - INFO - [SUCCESS] Synced inventory for CSTE_0015_MB_HBD_Black to Airtable
2025-06-23 07:49:36,668 - INFO - DJANGO | STOCK_UPDATED | CSTE_0015_MB_HBD_Black @ TLCQ: -1 (new: 332)
2025-06-23 07:49:39,485 - INFO - [SUCCESS] Synced inventory for CSTE_0470_ST_Minecraft_Sword_Small to Airtable
2025-06-23 07:49:39,535 - INFO - DJANGO | STOCK_UPDATED | CSTE_0470_ST_Minecraft_Sword_Small @ TLCQ: -1 (new: 63)
2025-06-23 07:49:44,096 - INFO - [SUCCESS] Synced inventory for CSTE_0292_OT_Dumbledore_wand to Airtable
2025-06-23 07:49:44,155 - INFO - DJANGO | STOCK_UPDATED | CSTE_0292_OT_Dumbledore_wand @ TLCQ: -1 (new: 1)
2025-06-23 07:49:46,652 - INFO - [SUCCESS] Synced inventory for CSTE_0491_ST_Fruit_Blox_Spirit to Airtable
2025-06-23 07:49:46,740 - INFO - DJANGO | STOCK_UPDATED | CSTE_0491_ST_Fruit_Blox_Spirit @ TLCQ: -1 (new: -2)
2025-06-23 07:49:49,260 - INFO - [SUCCESS] Synced inventory for CSTE_0490_ST_Fruit_Blox_Shadow to Airtable
2025-06-23 07:49:49,342 - INFO - DJANGO | STOCK_UPDATED | CSTE_0490_ST_Fruit_Blox_Shadow @ TLCQ: -1 (new: -4)
2025-06-23 07:49:51,635 - INFO - [SUCCESS] Synced inventory for CSTE_0489_ST_Fruit_Blox_Light to Airtable
2025-06-23 07:49:51,676 - INFO - DJANGO | STOCK_UPDATED | CSTE_0489_ST_Fruit_Blox_Light @ TLCQ: -1 (new: 2)
2025-06-23 07:49:54,182 - INFO - [SUCCESS] Synced inventory for CSTE_0478_ST_Minecraft_Cow_Brown to Airtable
2025-06-23 07:49:54,261 - INFO - DJANGO | STOCK_UPDATED | CSTE_0478_ST_Minecraft_Cow_Brown @ TLCQ: -1 (new: 1)
2025-06-23 07:49:56,965 - INFO - [SUCCESS] Synced inventory for CSTE_0489_ST_Fruit_Blox_Light to Airtable
2025-06-23 07:49:57,011 - INFO - DJANGO | STOCK_UPDATED | CSTE_0489_ST_Fruit_Blox_Light @ TLCQ: -1 (new: 1)
2025-06-23 07:49:59,756 - INFO - [SUCCESS] Synced inventory for CSTE_0045_MB_LavienRose_Brown to Airtable
2025-06-23 07:49:59,875 - INFO - DJANGO | STOCK_UPDATED | CSTE_0045_MB_LavienRose_Brown @ TLCQ: -1 (new: 52)
2025-06-23 07:50:02,325 - INFO - [SUCCESS] Synced inventory for CSTE_0160_SG_FireGlass_MercuryGreen to Airtable
2025-06-23 07:50:02,348 - INFO - DJANGO | STOCK_UPDATED | CSTE_0160_SG_FireGlass_MercuryGreen @ TLCQ: -1 (new: -1)
2025-06-23 07:50:05,122 - INFO - [SUCCESS] Synced inventory for CSTE_0060_MB_YouAreMySunshine_Brown to Airtable
2025-06-23 07:50:05,179 - INFO - DJANGO | STOCK_UPDATED | CSTE_0060_MB_YouAreMySunshine_Brown @ TLCQ: -1 (new: 31)
2025-06-23 07:50:07,889 - INFO - [SUCCESS] Synced inventory for CSTE_0017_MB_HP_Brown to Airtable
2025-06-23 07:50:07,985 - INFO - DJANGO | STOCK_UPDATED | CSTE_0017_MB_HP_Brown @ TLCQ: -1 (new: -23)
2025-06-23 07:50:11,124 - INFO - [SUCCESS] Synced inventory for CSTE_0292_OT_Dumbledore_wand to Airtable
2025-06-23 07:50:11,183 - INFO - DJANGO | STOCK_UPDATED | CSTE_0292_OT_Dumbledore_wand @ TLCQ: -1 (new: 0)
2025-06-23 07:50:16,377 - INFO - [SUCCESS] Synced inventory for CSTE_0487_ST_Animal_Breathing_Otter_Blue to Airtable
2025-06-23 07:50:16,424 - INFO - DJANGO | STOCK_UPDATED | CSTE_0487_ST_Animal_Breathing_Otter_Blue @ TLCQ: -1 (new: 74)
2025-06-23 07:50:20,147 - INFO - [SUCCESS] Synced inventory for CSTE_0486_ST_Animal_Breathing_Otter_Brown to Airtable
2025-06-23 07:50:20,200 - INFO - DJANGO | STOCK_UPDATED | CSTE_0486_ST_Animal_Breathing_Otter_Brown @ TLCQ: -1 (new: -2)
2025-06-23 07:50:23,592 - INFO - [SUCCESS] Synced inventory for CSTE_0015_MB_HBD_Black to Airtable
2025-06-23 07:50:23,659 - INFO - DJANGO | STOCK_UPDATED | CSTE_0015_MB_HBD_Black @ TLCQ: -1 (new: 331)
2025-06-23 07:50:27,214 - INFO - [SUCCESS] Synced inventory for CSTE_0084_MB_Spirated_Black to Airtable
2025-06-23 07:50:27,289 - INFO - DJANGO | STOCK_UPDATED | CSTE_0084_MB_Spirated_Black @ TLCQ: -1 (new: -2)
2025-06-23 07:50:30,582 - INFO - [SUCCESS] Synced inventory for CSTE_0491_ST_Fruit_Blox_Spirit to Airtable
2025-06-23 07:50:30,600 - INFO - DJANGO | STOCK_UPDATED | CSTE_0491_ST_Fruit_Blox_Spirit @ TLCQ: -1 (new: -3)
2025-06-23 07:50:33,659 - INFO - [SUCCESS] Synced inventory for CSTE_0017_MB_HP_Brown to Airtable
2025-06-23 07:50:33,704 - INFO - DJANGO | STOCK_UPDATED | CSTE_0017_MB_HP_Brown @ TLCQ: -1 (new: -24)
2025-06-23 07:50:37,417 - INFO - [SUCCESS] Synced inventory for CSTE_0036_MB_HBD_White to Airtable
2025-06-23 07:50:37,469 - INFO - DJANGO | STOCK_UPDATED | CSTE_0036_MB_HBD_White @ TLCQ: -1 (new: 44)
2025-06-23 07:50:41,867 - INFO - [SUCCESS] Synced inventory for CSTE_0014_MB_HBD_Brown to Airtable
2025-06-23 07:50:41,989 - INFO - DJANGO | STOCK_UPDATED | CSTE_0014_MB_HBD_Brown @ TLCQ: -1 (new: 376)
2025-06-23 07:50:47,987 - INFO - [SUCCESS] Synced inventory for CSTE_0060_MB_YouAreMySunshine_Brown to Airtable
2025-06-23 07:50:48,037 - INFO - DJANGO | STOCK_UPDATED | CSTE_0060_MB_YouAreMySunshine_Brown @ TLCQ: -1 (new: 30)
2025-06-23 07:50:52,817 - INFO - [SUCCESS] Synced inventory for CSTE_0015_MB_HBD_Black to Airtable
2025-06-23 07:50:52,877 - INFO - DJANGO | STOCK_UPDATED | CSTE_0015_MB_HBD_Black @ TLCQ: -1 (new: 330)
2025-06-23 07:50:57,401 - INFO - [SUCCESS] Synced inventory for CSTE_0020_MB_HP_Black to Airtable
2025-06-23 07:50:57,492 - INFO - DJANGO | STOCK_UPDATED | CSTE_0020_MB_HP_Black @ TLCQ: -1 (new: 61)
2025-06-23 07:51:04,485 - INFO - [SUCCESS] Synced inventory for CSTE_0482_ST_Animal_Kitty_Kuromi_Black to Airtable
2025-06-23 07:51:04,562 - INFO - DJANGO | STOCK_UPDATED | CSTE_0482_ST_Animal_Kitty_Kuromi_Black @ TLCQ: -1 (new: 4)
2025-06-23 07:51:07,477 - INFO - [SUCCESS] Synced inventory for CSTE_0060_MB_YouAreMySunshine_Brown to Airtable
2025-06-23 07:51:07,677 - INFO - DJANGO | STOCK_UPDATED | CSTE_0060_MB_YouAreMySunshine_Brown @ TLCQ: -1 (new: 29)
2025-06-23 07:51:12,836 - INFO - [SUCCESS] Synced inventory for CSTE_0060_MB_YouAreMySunshine_Brown to Airtable
2025-06-23 07:51:13,100 - INFO - DJANGO | STOCK_UPDATED | CSTE_0060_MB_YouAreMySunshine_Brown @ TLCQ: -1 (new: 28)
2025-06-23 07:51:17,946 - INFO - [SUCCESS] Synced inventory for CSTE_0489_ST_Fruit_Blox_Light to Airtable
2025-06-23 07:51:18,054 - INFO - DJANGO | STOCK_UPDATED | CSTE_0489_ST_Fruit_Blox_Light @ TLCQ: -1 (new: 0)
2025-06-23 07:51:23,029 - INFO - [SUCCESS] Synced inventory for CSTE_0490_ST_Fruit_Blox_Shadow to Airtable
2025-06-23 07:51:23,047 - INFO - DJANGO | STOCK_UPDATED | CSTE_0490_ST_Fruit_Blox_Shadow @ TLCQ: -1 (new: -5)
2025-06-23 07:51:29,479 - INFO - [SUCCESS] Synced inventory for CSTE_0014_MB_HBD_Brown to Airtable
2025-06-23 07:51:29,510 - INFO - DJANGO | STOCK_UPDATED | CSTE_0014_MB_HBD_Brown @ TLCQ: -1 (new: 375)
2025-06-23 07:51:34,524 - INFO - [SUCCESS] Synced inventory for CSTE_0017_MB_HP_Brown to Airtable
2025-06-23 07:51:34,577 - INFO - DJANGO | STOCK_UPDATED | CSTE_0017_MB_HP_Brown @ TLCQ: -1 (new: -25)
2025-06-23 07:51:38,589 - INFO - [SUCCESS] Synced inventory for CSTE_0014_MB_HBD_Brown to Airtable
2025-06-23 07:51:38,620 - INFO - DJANGO | STOCK_UPDATED | CSTE_0014_MB_HBD_Brown @ TLCQ: -1 (new: 374)
2025-06-23 07:51:41,245 - INFO - [SUCCESS] Synced inventory for CSTE_0305_MB_Crystle_17Notes_Transparent to Airtable
2025-06-23 07:51:41,269 - INFO - DJANGO | STOCK_UPDATED | CSTE_0305_MB_Crystle_17Notes_Transparent @ TLCQ: -1 (new: 1)
2025-06-23 07:51:45,739 - INFO - [SUCCESS] Synced inventory for CSTE_0060_MB_YouAreMySunshine_Brown to Airtable
2025-06-23 07:51:45,784 - INFO - DJANGO | STOCK_UPDATED | CSTE_0060_MB_YouAreMySunshine_Brown @ TLCQ: -1 (new: 27)
2025-06-23 07:51:48,625 - INFO - [SUCCESS] Synced inventory for CSTE_0240_SG_Wings_Red to Airtable
2025-06-23 07:51:48,716 - INFO - DJANGO | STOCK_UPDATED | CSTE_0240_SG_Wings_Red @ TLCQ: -1 (new: -3)
2025-06-23 07:51:53,856 - INFO - [SUCCESS] Synced inventory for CSTE_0486_ST_Animal_Breathing_Otter_Brown to Airtable
2025-06-23 07:51:53,924 - INFO - DJANGO | STOCK_UPDATED | CSTE_0486_ST_Animal_Breathing_Otter_Brown @ TLCQ: -1 (new: -3)
2025-06-23 07:51:58,974 - INFO - [SUCCESS] Synced inventory for CSTE_0020_MB_HP_Black to Airtable
2025-06-23 07:51:59,047 - INFO - DJANGO | STOCK_UPDATED | CSTE_0020_MB_HP_Black @ TLCQ: -1 (new: 60)
2025-06-23 07:52:08,404 - INFO - [SUCCESS] Synced inventory for CSTE_0020_MB_HP_Black to Airtable
2025-06-23 07:52:08,448 - INFO - DJANGO | STOCK_UPDATED | CSTE_0020_MB_HP_Black @ TLCQ: -1 (new: 59)
2025-06-23 07:52:12,243 - INFO - [SUCCESS] Synced inventory for CSTE_0060_MB_YouAreMySunshine_Brown to Airtable
2025-06-23 07:52:12,348 - INFO - DJANGO | STOCK_UPDATED | CSTE_0060_MB_YouAreMySunshine_Brown @ TLCQ: -1 (new: 26)
2025-06-23 07:52:16,008 - INFO - [SUCCESS] Synced inventory for CSTE_0532_ST_Animal_Breathing_Rabbit_Grey to Airtable
2025-06-23 07:52:16,054 - INFO - DJANGO | STOCK_UPDATED | CSTE_0532_ST_Animal_Breathing_Rabbit_Grey @ TLCQ: -1 (new: 5)
2025-06-23 07:52:19,238 - INFO - [SUCCESS] Synced inventory for CSTE_0487_ST_Animal_Breathing_Otter_Blue to Airtable
2025-06-23 07:52:19,280 - INFO - DJANGO | STOCK_UPDATED | CSTE_0487_ST_Animal_Breathing_Otter_Blue @ TLCQ: -1 (new: 73)
2025-06-23 07:52:22,901 - INFO - [SUCCESS] Synced inventory for CSTE_0017_MB_HP_Brown to Airtable
2025-06-23 07:52:22,966 - INFO - DJANGO | STOCK_UPDATED | CSTE_0017_MB_HP_Brown @ TLCQ: -1 (new: -26)
2025-06-23 07:52:26,145 - INFO - [SUCCESS] Synced inventory for CSTE_O0031_OT_StandingElephant_Grey to Airtable
2025-06-23 07:52:26,167 - INFO - DJANGO | STOCK_UPDATED | CSTE_O0031_OT_StandingElephant_Grey @ TLCQ: -1 (new: 7)
2025-06-23 07:52:31,544 - INFO - [SUCCESS] Synced inventory for CSTE_0419_ST_MineCraft_Creeper to Airtable
2025-06-23 07:52:31,616 - INFO - DJANGO | STOCK_UPDATED | CSTE_0419_ST_MineCraft_Creeper @ TLCQ: -1 (new: 23)
2025-06-23 07:52:34,700 - INFO - [SUCCESS] Synced inventory for CSTE_0330_Wands_Harrypotter_Light to Airtable
2025-06-23 07:52:34,743 - INFO - DJANGO | STOCK_UPDATED | CSTE_0330_Wands_Harrypotter_Light @ TLCQ: -1 (new: 77)
2025-06-23 07:52:39,191 - INFO - [SUCCESS] Synced inventory for CSTE_0015_MB_HBD_Black to Airtable
2025-06-23 07:52:39,235 - INFO - DJANGO | STOCK_UPDATED | CSTE_0015_MB_HBD_Black @ TLCQ: -1 (new: 329)
2025-06-23 07:52:43,727 - INFO - [SUCCESS] Synced inventory for CSTE_0487_ST_Animal_Breathing_Otter_Blue to Airtable
2025-06-23 07:52:43,764 - INFO - DJANGO | STOCK_UPDATED | CSTE_0487_ST_Animal_Breathing_Otter_Blue @ TLCQ: -1 (new: 72)
2025-06-23 07:52:51,851 - INFO - [SUCCESS] Synced inventory for CSTE_0191_MB_MHA2_Brown to Airtable
2025-06-23 07:52:51,882 - INFO - DJANGO | STOCK_UPDATED | CSTE_0191_MB_MHA2_Brown @ TLCQ: -1 (new: -1)
2025-06-23 07:52:54,324 - INFO - [SUCCESS] Synced inventory for CSTE_0017_MB_HP_Brown to Airtable
2025-06-23 07:52:54,388 - INFO - DJANGO | STOCK_UPDATED | CSTE_0017_MB_HP_Brown @ TLCQ: -1 (new: -27)
2025-06-23 07:53:04,822 - INFO - [SUCCESS] Synced inventory for CSTE_0512_ST_Animal_Cow_Plush to Airtable
2025-06-23 07:53:04,904 - INFO - DJANGO | STOCK_UPDATED | CSTE_0512_ST_Animal_Cow_Plush @ TLCQ: -1 (new: 4)
2025-06-23 07:53:07,901 - INFO - [SUCCESS] Synced inventory for CSTE_0333_Wands_Dumbledore_Light to Airtable
2025-06-23 07:53:07,935 - INFO - DJANGO | STOCK_UPDATED | CSTE_0333_Wands_Dumbledore_Light @ TLCQ: -1 (new: 80)
2025-06-23 07:53:10,665 - INFO - [SUCCESS] Synced inventory for CSTE_0240_SG_Wings_Red to Airtable
2025-06-23 07:53:10,706 - INFO - DJANGO | STOCK_UPDATED | CSTE_0240_SG_Wings_Red @ TLCQ: -1 (new: -4)
2025-06-23 07:53:17,115 - INFO - [SUCCESS] Synced inventory for CSTE_0014_MB_HBD_Brown to Airtable
2025-06-23 07:53:17,154 - INFO - DJANGO | STOCK_UPDATED | CSTE_0014_MB_HBD_Brown @ TLCQ: -1 (new: 373)
2025-06-23 07:53:21,527 - INFO - [SUCCESS] Synced inventory for CSTE_O0031_OT_StandingElephant_Grey to Airtable
2025-06-23 07:53:21,631 - INFO - DJANGO | STOCK_UPDATED | CSTE_O0031_OT_StandingElephant_Grey @ TLCQ: -1 (new: 6)
2025-06-23 07:53:25,532 - INFO - [SUCCESS] Synced inventory for CSTE_O0031_OT_StandingElephant_Grey to Airtable
2025-06-23 07:53:25,616 - INFO - DJANGO | STOCK_UPDATED | CSTE_O0031_OT_StandingElephant_Grey @ TLCQ: -1 (new: 5)
2025-06-23 07:53:30,327 - INFO - [SUCCESS] Synced inventory for CSTE_O0031_OT_StandingElephant_Grey to Airtable
2025-06-23 07:53:30,365 - INFO - DJANGO | STOCK_UPDATED | CSTE_O0031_OT_StandingElephant_Grey @ TLCQ: -1 (new: 4)
2025-06-23 07:53:34,836 - INFO - [SUCCESS] Synced inventory for CSTE_0014_MB_HBD_Brown to Airtable
2025-06-23 07:53:34,877 - INFO - DJANGO | STOCK_UPDATED | CSTE_0014_MB_HBD_Brown @ TLCQ: -1 (new: 372)
2025-06-23 07:53:37,491 - INFO - [SUCCESS] Synced inventory for CSTE_0292_OT_Dumbledore_wand to Airtable
2025-06-23 07:53:37,538 - INFO - DJANGO | STOCK_UPDATED | CSTE_0292_OT_Dumbledore_wand @ TLCQ: -1 (new: -1)
2025-06-23 07:53:40,402 - INFO - [SUCCESS] Synced inventory for CSTE_0060_MB_YouAreMySunshine_Brown to Airtable
2025-06-23 07:53:40,605 - INFO - DJANGO | STOCK_UPDATED | CSTE_0060_MB_YouAreMySunshine_Brown @ TLCQ: -1 (new: 25)
2025-06-23 07:53:43,533 - INFO - [SUCCESS] Synced inventory for CSTE_0036_MB_HBD_White to Airtable
2025-06-23 07:53:43,590 - INFO - DJANGO | STOCK_UPDATED | CSTE_0036_MB_HBD_White @ TLCQ: -1 (new: 43)
2025-06-23 07:53:46,578 - INFO - [SUCCESS] Synced inventory for CSTE_0060_MB_YouAreMySunshine_Brown to Airtable
2025-06-23 07:53:46,603 - INFO - DJANGO | STOCK_UPDATED | CSTE_0060_MB_YouAreMySunshine_Brown @ TLCQ: -1 (new: 24)
2025-06-23 07:53:50,009 - INFO - [SUCCESS] Synced inventory for CSTE_0060_MB_YouAreMySunshine_Brown to Airtable
2025-06-23 07:53:50,075 - INFO - DJANGO | STOCK_UPDATED | CSTE_0060_MB_YouAreMySunshine_Brown @ TLCQ: -1 (new: 23)
2025-06-23 07:53:53,424 - INFO - [SUCCESS] Synced inventory for CSTE_O0055_OT_PrincessDigitalWatch_Blue to Airtable
2025-06-23 07:53:53,473 - INFO - DJANGO | STOCK_UPDATED | CSTE_O0055_OT_PrincessDigitalWatch_Blue @ TLCQ: -1 (new: -1)
2025-06-23 07:53:57,576 - INFO - [SUCCESS] Synced inventory for CSTE_0543_ST_Animal_Breathing_Strawberry_Rabbit to Airtable
2025-06-23 07:53:57,593 - INFO - DJANGO | STOCK_UPDATED | CSTE_0543_ST_Animal_Breathing_Strawberry_Rabbit @ TLCQ: -1 (new: -2)
2025-06-23 07:54:01,663 - INFO - [SUCCESS] Synced inventory for CSTE_0476_ST_Minecraft_Zombie_Black to Airtable
2025-06-23 07:54:01,736 - INFO - DJANGO | STOCK_UPDATED | CSTE_0476_ST_Minecraft_Zombie_Black @ TLCQ: -1 (new: 15)
2025-06-23 07:54:07,898 - INFO - [SUCCESS] Synced inventory for CSTE_0488_ST_Animal_Breathing_Stitch_Blue to Airtable
2025-06-23 07:54:07,946 - INFO - DJANGO | STOCK_UPDATED | CSTE_0488_ST_Animal_Breathing_Stitch_Blue @ TLCQ: -1 (new: 80)
2025-06-23 07:54:11,925 - INFO - [SUCCESS] Synced inventory for CSTE_0502_ST_Minecraft_Pickaxe_Foam to Airtable
2025-06-23 07:54:11,946 - INFO - DJANGO | STOCK_UPDATED | CSTE_0502_ST_Minecraft_Pickaxe_Foam @ TLCQ: -1 (new: -5)
2025-06-23 07:54:16,004 - INFO - [SUCCESS] Synced inventory for CSTE_0489_ST_Fruit_Blox_Light to Airtable
2025-06-23 07:54:16,032 - INFO - DJANGO | STOCK_UPDATED | CSTE_0489_ST_Fruit_Blox_Light @ TLCQ: -1 (new: -1)
2025-06-23 07:54:19,026 - INFO - [SUCCESS] Synced inventory for CSTE_0491_ST_Fruit_Blox_Spirit to Airtable
2025-06-23 07:54:19,070 - INFO - DJANGO | STOCK_UPDATED | CSTE_0491_ST_Fruit_Blox_Spirit @ TLCQ: -1 (new: -4)
2025-06-23 07:54:28,086 - INFO - [SUCCESS] Synced inventory for CSTE_0486_ST_Animal_Breathing_Otter_Brown to Airtable
2025-06-23 07:54:28,116 - INFO - DJANGO | STOCK_UPDATED | CSTE_0486_ST_Animal_Breathing_Otter_Brown @ TLCQ: -1 (new: -4)
2025-06-23 07:54:34,451 - INFO - [SUCCESS] Synced inventory for CSTE_0486_ST_Animal_Breathing_Otter_Brown to Airtable
2025-06-23 07:54:34,531 - INFO - DJANGO | STOCK_UPDATED | CSTE_0486_ST_Animal_Breathing_Otter_Brown @ TLCQ: -1 (new: -5)
2025-06-23 07:54:37,601 - INFO - [SUCCESS] Synced inventory for CSTE_0292_OT_Dumbledore_wand to Airtable
2025-06-23 07:54:37,643 - INFO - DJANGO | STOCK_UPDATED | CSTE_0292_OT_Dumbledore_wand @ TLCQ: -1 (new: -2)
2025-06-23 07:54:37,645 - INFO - INVENTORY | UPDATED | Inventory updated successfully
2025-06-23 07:54:37,690 - INFO - OUTPUT | SUCCESS | Outbound data formatted: 110 records
2025-06-23 08:12:58,536 - INFO - C:\Users\dell\Documents\desktop\real projects\CTSE_ASSINGMENT\django_app\sku_mapper\core_code\mapper.py changed, reloading.
